log_date,reg,depot,vehicle_type,status,utilised,drops_in,drops_out,job_reference,route,start_time,end_time,drivers_mate
2026-09-17,SA22FEL,Crewe,3.5 Tonne,Out for Delivery,1,3,9,AO327099,197,06:45,14:50,
2026-09-17,SA21BEC,Crewe,3.5 Tonne,VOR,0,0,0,,,,,
2026-09-17,SA23FNN,Crewe,3.5 Tonne,Out for Delivery,1,4,21,AO404748,198,05:00,16:20,Sample Mate 012
2026-09-17,SA21EVW,Crewe,3.5 Tonne,Out for Delivery,1,3,14,AO267550,184,08:30,17:05,Sample Mate 047
2026-09-17,SA24GSA,Crewe,3.5 Tonne,VOR,0,0,0,,,,,
2026-09-17,SA25PMJ,Crewe,3.5 Tonne,Out for Delivery,1,3,13,AO649818,145,07:15,17:05,
2026-09-17,SA23XMW,Crewe,3.5 Tonne,VOR,0,0,0,,,,,
2026-09-17,SA24PZB,Crewe,Hi-Cube,Out for Delivery,1,3,12,AO806527,178,06:00,13:20,
2026-09-17,SA25FSF,Crewe,Hi-Cube,Out for Delivery,1,4,22,AO993499,148,07:00,14:05,Sample Mate 114
2026-09-17,SA25CZS,Crewe,Hi-Cube,Out for Delivery,1,0,11,AO323784,117,06:45,13:05,Sample Mate 029
2026-09-17,SA19MMT,Crewe,3.5 Tonne,Stood,0,0,0,,,,,
2026-09-17,SA21ESV,Crewe,3.5 Tonne,Out for Delivery,1,0,16,AO325836,197,05:30,16:50,
2026-09-17,SA20NSO,Crewe,3.5 Tonne,VOR,0,0,0,,,,,
2026-09-17,SA21BXZ,Crewe,3.5 Tonne,Stood,0,0,0,,,,,
2026-09-17,SA23UTA,Crewe,3.5 Tonne,Out for Delivery,1,4,8,AO232576,198,08:45,17:50,Sample Mate 046
2026-09-17,SA23COL,Crewe,3.5 Tonne,Out for Delivery,1,0,21,AO818964,138,06:30,13:50,Sample Mate 070
2026-09-17,SA25UXO,Crewe,3.5 Tonne,RELOAD PT 2,1,2,17,AO457203,187,08:45,17:50,Sample Mate 011
2026-09-17,SA20RUO,Crewe,Hi-Cube,Out for Delivery,1,0,12,AO843190,148,05:15,13:05,
2026-09-17,SA24SKP,Crewe,Hi-Cube,Out for Delivery,1,0,17,AO308644,187,06:45,14:20,
2026-09-17,SA19FFM,Crewe,Hi-Cube,Out for Delivery,1,4,20,AO985705,160,08:30,19:20,
2026-09-17,SA25YOG,Crewe,3.5 Tonne,Out for Delivery,1,3,14,AO360562,179,06:45,14:20,Sample Mate 115
2026-09-17,SA22POR,Crewe,3.5 Tonne,Out for Delivery,1,4,15,AO439763,103,06:45,16:05,
2026-09-17,SA23TKP,Crewe,3.5 Tonne,Stood Not Utilised,0,0,0,,,,,
2026-09-17,SA20PKF,Crewe,3.5 Tonne,Out for Delivery,1,1,13,AO762993,162,07:15,16:05,Sample Mate 034
2026-09-17,SA22YRV,Crewe,3.5 Tonne,Out for Delivery,1,1,12,AO570270,191,06:00,16:35,Sample Mate 120
2026-09-17,SA23SXC,Crewe,3.5 Tonne,VOR,0,0,0,,,,,
2026-09-17,SA20AFW,Crewe,3.5 Tonne,Out for Delivery,1,0,14,AO188328,160,07:45,17:50,
2026-09-17,SA25ADF,Crewe,Hi-Cube,Out for Delivery,1,4,22,AO804640,166,06:00,16:50,
2026-09-17,SA24AMJ,Crewe,Hi-Cube,Out for Delivery,1,3,17,AO994398,141,07:15,18:50,
2026-09-17,SA21FFU,Crewe,Hi-Cube,Out for Delivery,1,1,17,AO124434,179,06:00,16:05,
2026-09-17,SA21BFL,Crewe,3.5 Tonne,Out for Delivery,1,4,22,AO447361,116,08:15,19:50,
2026-09-17,SA21ESA,Crewe,3.5 Tonne,Stood Not Utilised,0,0,0,,,,,
2026-09-17,SA24WUV,Crewe,3.5 Tonne,VOR,0,0,0,,,,,
2026-09-17,SA19RJN,Crewe,3.5 Tonne,Out for Delivery,1,3,15,AO901930,180,08:00,15:50,Sample Mate 013
2026-09-17,SA19PLZ,Crewe,3.5 Tonne,Stood Not Utilised,0,0,0,,,,,
2026-09-17,SA25EVK,Crewe,3.5 Tonne,Stood,0,0,0,,,,,
2026-09-17,SA23UHR,Crewe,3.5 Tonne,Stood Not Utilised,0,0,0,,,,,
2026-09-17,SA25UOZ,Crewe,Hi-Cube,Out for Delivery,1,4,16,AO821310,160,08:30,18:50,Sample Mate 016
2026-09-17,SA22ZAP,Crossgreen,Hi-Cube,VOR,0,0,0,,,,,
2026-09-17,SA20ZFK,Crossgreen,Hi-Cube,Out for Delivery,1,2,17,AO843772,167,07:00,14:50,
2026-09-17,SA19USJ,Crossgreen,3.5 Tonne,Stood,0,0,0,,,,,
2026-09-17,SA19GOU,Crossgreen,3.5 Tonne,Out for Delivery,1,2,22,AO497810,156,06:45,14:20,Sample Mate 087
2026-09-17,SA25UOT,Crossgreen,3.5 Tonne,Out for Delivery,1,2,16,AO334779,121,08:30,15:20,
2026-09-17,SA20PRE,Crossgreen,3.5 Tonne,VOR,0,0,0,,,,,
2026-09-17,SA21AFW,Crossgreen,3.5 Tonne,Out for Delivery,1,1,14,AO816431,193,06:15,16:35,
2026-09-17,SA21JRF,Crossgreen,3.5 Tonne,Out for Delivery,1,1,11,AO996182,150,07:15,18:50,
2026-09-17,SA20VRD,Crossgreen,3.5 Tonne,Out for Delivery,1,2,16,AO995547,167,06:30,17:20,
2026-09-17,SA22AHT,Crossgreen,Hi-Cube,Out for Delivery,1,4,16,AO148067,120,05:00,13:35,Sample Mate 009
2026-09-17,SA23HJE,Crossgreen,Hi-Cube,Out for Delivery,1,3,9,AO252910,138,05:00,16:35,Sample Mate 015
2026-09-17,SA22JOZ,Crossgreen,Hi-Cube,Out for Delivery,1,3,20,AO532494,130,06:15,16:50,
2026-09-17,SA19YDN,Crossgreen,3.5 Tonne,RELOAD PT 2,1,1,12,AO108045,149,07:30,16:20,Sample Mate 098
2026-09-17,SA24MMZ,Crossgreen,3.5 Tonne,Stood,0,0,0,,,,,
2026-09-17,SA23ARK,Crossgreen,3.5 Tonne,Out for Delivery,1,3,21,AO388324,136,07:15,17:35,
2026-09-17,SA21XRJ,Stoke,3.5 Tonne,Out for Delivery,1,3,20,AO500823,177,07:00,14:35,Sample Mate 086
2026-09-17,SA23DRC,Stoke,3.5 Tonne,Stood Not Utilised,0,0,0,,,,,
2026-09-17,SA23XXA,Stoke,3.5 Tonne,Out for Delivery,1,1,12,AO214177,107,05:00,15:35,Sample Mate 008
2026-09-17,SA19VAW,Stoke,3.5 Tonne,Out for Delivery,1,2,19,AO643268,131,05:30,13:20,
2026-09-17,SA23YNF,Stoke,Hi-Cube,Stood,0,0,0,,,,,
2026-09-17,SA21FDL,Stoke,Hi-Cube,Out for Delivery,1,3,9,AO304349,166,08:15,19:20,
2026-09-17,SA22MHK,Stoke,Hi-Cube,Out for Delivery,1,3,18,AO293666,126,08:00,19:05,Sample Mate 071
2026-09-17,SA25RNW,Stoke,3.5 Tonne,Out for Delivery,1,2,14,AO333767,101,06:45,14:50,Sample Mate 059
2026-09-17,SA25TSY,Stoke,3.5 Tonne,Out for Delivery,1,2,9,AO396850,116,06:45,17:20,
2026-09-17,SA24NPG,Stoke,3.5 Tonne,VOR,0,0,0,,,,,
2026-09-17,SA21BRA,Stoke,3.5 Tonne,Out for Delivery,1,1,19,AO193408,162,06:15,16:50,Sample Mate 114
2026-09-17,SA25CSD,Stoke,3.5 Tonne,RELOAD PT 2,1,4,21,AO207345,148,06:00,13:35,
2026-09-17,SA24GWT,Stoke,3.5 Tonne,Stood Not Utilised,0,0,0,,,,,
2026-09-17,SA24AMN,Exeter,3.5 Tonne,Out for Delivery,1,3,9,AO776566,173,06:30,13:05,Sample Mate 044
2026-09-17,SA24SMX,Exeter,Hi-Cube,Stood,0,0,0,,,,,
2026-09-17,SA24WMZ,Exeter,Hi-Cube,Out for Delivery,1,4,17,AO958428,135,06:00,13:35,Sample Mate 042
2026-09-17,SA24UFV,Exeter,Hi-Cube,Stood,0,0,0,,,,,
2026-09-17,SA25WDM,Exeter,3.5 Tonne,Out for Delivery,1,2,11,AO627039,169,06:00,15:05,
2026-09-17,SA19DYL,Exeter,3.5 Tonne,VOR,0,0,0,,,,,
2026-09-17,SA19OPM,Exeter,3.5 Tonne,Stood Not Utilised,0,0,0,,,,,
2026-09-17,SA25SMG,Exeter,3.5 Tonne,VOR,0,0,0,,,,,
2026-09-17,SA25WWS,Exeter,3.5 Tonne,Out for Delivery,1,3,12,AO330206,101,08:30,19:05,Sample Mate 082
2026-09-17,SA23HNP,Exeter,3.5 Tonne,Out for Delivery,1,3,16,AO127002,107,06:45,13:05,Sample Mate 070
2026-09-17,SA19GFS,Exeter,3.5 Tonne,Out for Delivery,1,4,10,AO571216,176,05:15,16:05,Sample Mate 026
2026-09-17,SA24FJS,Exeter,Hi-Cube,Stood Not Utilised,0,0,0,,,,,
2026-09-17,SA22GUR,Coventry,Hi-Cube,Stood Not Utilised,0,0,0,,,,,
2026-09-17,SA19YFZ,Coventry,Hi-Cube,Stood,0,0,0,,,,,
2026-09-17,SA21GLC,Coventry,3.5 Tonne,Out for Delivery,1,3,13,AO679801,105,06:30,17:20,Sample Mate 012
2026-09-17,SA24SCS,Coventry,3.5 Tonne,Out for Delivery,1,0,11,AO122102,103,06:30,16:35,Sample Mate 067
2026-09-17,SA21SHH,Coventry,3.5 Tonne,Out for Delivery,1,0,18,AO921311,147,08:45,16:05,Sample Mate 071
2026-09-17,SA25KHM,Coventry,3.5 Tonne,Out for Delivery,1,4,21,AO328320,176,07:00,17:20,
2026-09-17,SA25GSY,Coventry,3.5 Tonne,Stood Not Utilised,0,0,0,,,,,
2026-09-17,SA25XLB,Coventry,3.5 Tonne,Stood Not Utilised,0,0,0,,,,,
2026-09-17,SA19OVF,Coventry,3.5 Tonne,Out for Delivery,1,3,9,AO807603,104,05:30,13:05,
2026-09-17,SA20FYM,Coventry,Hi-Cube,Out for Delivery,1,1,15,AO361501,157,07:00,15:05,Sample Mate 036
2026-09-17,SA23YCJ,Coventry,Hi-Cube,Out for Delivery,1,1,10,AO876079,135,07:45,14:35,Sample Mate 045
2026-09-17,SA25XHM,Potters-Bar,Hi-Cube,Out for Delivery,1,0,12,AO492133,165,05:30,16:20,Sample Mate 005
2026-09-17,SA21PDJ,Potters-Bar,3.5 Tonne,Out for Delivery,1,4,15,AO121880,126,06:00,13:05,Sample Mate 107
2026-09-17,SA22YAV,Potters-Bar,3.5 Tonne,VOR,0,0,0,,,,,
2026-09-17,SA24THH,Potters-Bar,3.5 Tonne,Stood Not Utilised,0,0,0,,,,,
2026-09-17,SA23LVT,Potters-Bar,3.5 Tonne,Out for Delivery,1,0,16,AO187190,124,07:00,18:50,
2026-09-17,SA19KZK,Potters-Bar,3.5 Tonne,Out for Delivery,1,3,8,AO556864,150,06:00,16:20,
2026-09-17,SA25AEV,Potters-Bar,3.5 Tonne,Stood Not Utilised,0,0,0,,,,,
2026-09-17,SA23ZPM,Potters-Bar,3.5 Tonne,Out for Delivery,1,3,11,AO684069,124,06:45,13:05,
2026-09-17,SA19ACC,Potters-Bar,Hi-Cube,RELOAD PT 2,1,2,20,AO277899,159,05:45,13:05,
2026-09-17,SA22NVA,Potters-Bar,Hi-Cube,Stood,0,0,0,,,,,
2026-09-17,SA20DXH,Potters-Bar,Hi-Cube,Out for Delivery,1,2,9,AO615105,169,05:15,13:35,
2026-09-17,SA24UHX,Gravesend,3.5 Tonne,Out for Delivery,1,2,18,AO978533,132,06:30,14:05,Sample Mate 112
2026-09-17,SA22LMX,Gravesend,3.5 Tonne,VOR,0,0,0,,,,,
2026-09-17,SA19XZP,Gravesend,3.5 Tonne,Out for Delivery,1,3,9,AO263774,115,06:00,17:20,
2026-09-17,SA24FRA,Gravesend,3.5 Tonne,Stood Not Utilised,0,0,0,,,,,
2026-09-17,SA20OTF,Gravesend,3.5 Tonne,Stood Not Utilised,0,0,0,,,,,
2026-09-17,SA25PHP,Gravesend,3.5 Tonne,Out for Delivery,1,1,10,AO102358,168,05:00,14:35,Sample Mate 109
2026-09-17,SA19PHZ,Gravesend,3.5 Tonne,Stood Not Utilised,0,0,0,,,,,
2026-09-17,SA24MXA,Gravesend,Hi-Cube,RELOAD PT 2,1,0,11,AO347658,181,07:45,15:20,
2026-09-17,SA21YAK,Gravesend,Hi-Cube,Out for Delivery,1,1,15,AO145794,130,05:30,13:05,Sample Mate 060
2026-09-17,SA21SAN,Gravesend,Hi-Cube,RELOAD PT 2,1,3,15,AO502319,185,05:15,14:50,Sample Mate 092
2026-09-17,SA19MMF,Gravesend,3.5 Tonne,Out for Delivery,1,1,12,AO456887,141,05:00,14:20,Sample Mate 038
2026-09-17,SA25CYG,Yaxley,3.5 Tonne,Out for Delivery,1,0,15,AO669689,150,08:15,15:50,
2026-09-17,SA19RBJ,Yaxley,3.5 Tonne,Out for Delivery,1,2,8,AO398117,125,05:30,13:50,
2026-09-17,SA23OLT,Yaxley,3.5 Tonne,Out for Delivery,1,2,21,AO582353,196,06:30,16:35,Sample Mate 050
2026-09-17,SA21RES,Yaxley,3.5 Tonne,Out for Delivery,1,2,15,AO223445,167,05:00,14:05,Sample Mate 114
2026-09-17,SA25DNN,Yaxley,3.5 Tonne,Out for Delivery,1,4,17,AO581555,172,06:00,16:50,
2026-09-17,SA20SHU,Yaxley,3.5 Tonne,Stood,0,0,0,,,,,
2026-09-17,SA19BBM,Yaxley,Hi-Cube,Out for Delivery,1,0,10,AO755843,175,08:45,15:20,Sample Mate 028
2026-09-17,SA25GYJ,Yaxley,Hi-Cube,Out for Delivery,1,2,13,AO769647,168,05:00,14:50,
2026-09-17,SA24WTN,Yaxley,Hi-Cube,Out for Delivery,1,0,9,AO335024,116,07:15,14:35,Sample Mate 021
2026-09-17,SA24TKC,Yaxley,3.5 Tonne,Out for Delivery,1,1,22,AO782768,119,08:30,19:20,
2026-09-17,SA25PNC,Luton,3.5 Tonne,Out for Delivery,1,3,11,AO499339,138,06:15,16:50,
2026-09-17,SA24VEA,Luton,3.5 Tonne,VOR,0,0,0,,,,,
2026-09-17,SA25DWU,Luton,3.5 Tonne,Out for Delivery,1,3,17,AO453243,164,05:00,14:35,
2026-09-17,SA21COD,Luton,3.5 Tonne,Stood,0,0,0,,,,,
2026-09-17,SA23JZM,Luton,3.5 Tonne,Out for Delivery,1,0,9,AO557650,187,06:30,13:35,
2026-09-17,SA24WRX,Luton,3.5 Tonne,RELOAD PT 2,1,4,22,AO366662,129,05:45,13:35,
2026-09-17,SA24YRO,Luton,Hi-Cube,Out for Delivery,1,4,11,AO582198,159,06:15,14:05,
2026-09-17,SA24JAR,Luton,Hi-Cube,Stood Not Utilised,0,0,0,,,,,
2026-09-17,SA21ZOF,Luton,Hi-Cube,Out for Delivery,1,2,15,AO631263,112,06:45,16:50,
2026-09-17,SA22UKH,Luton,3.5 Tonne,RELOAD PT 2,1,4,11,AO334408,186,06:45,17:50,Sample Mate 073
2026-09-17,SA24UPH,Newport,3.5 Tonne,Out for Delivery,1,2,18,AO788764,172,08:00,19:05,Sample Mate 090
2026-09-17,SA20JBR,Newport,3.5 Tonne,Stood,0,0,0,,,,,
2026-09-17,SA21HEE,Newport,3.5 Tonne,VOR,0,0,0,,,,,
2026-09-17,SA22DKA,Newport,3.5 Tonne,Out for Delivery,1,0,13,AO137596,144,06:15,16:50,
2026-09-17,SA23RTM,Newport,3.5 Tonne,Out for Delivery,1,4,19,AO675229,167,08:15,18:35,Sample Mate 026
2026-09-17,SA21ZWR,Newport,3.5 Tonne,VOR,0,0,0,,,,,
2026-09-17,SA25PPX,Newport,Hi-Cube,Stood,0,0,0,,,,,
2026-09-17,SA25EXC,Newport,Hi-Cube,Out for Delivery,1,3,18,AO588253,127,05:15,13:50,
2026-09-17,SA22CFE,Newport,Hi-Cube,Stood Not Utilised,0,0,0,,,,,
2026-09-17,SA25XMM,Newport,3.5 Tonne,VOR,0,0,0,,,,,
2026-09-17,SA24NGE,Spennymoor,3.5 Tonne,Out for Delivery,1,4,19,AO274161,118,06:30,15:35,
2026-09-17,SA23LNH,Spennymoor,3.5 Tonne,Out for Delivery,1,2,18,AO704125,123,06:30,13:35,Sample Mate 015
2026-09-17,SA19BPJ,Spennymoor,3.5 Tonne,Out for Delivery,1,1,10,AO519207,109,07:30,17:50,
2026-09-17,SA25ZKJ,Spennymoor,3.5 Tonne,Out for Delivery,1,0,21,AO591813,120,08:30,17:20,
2026-09-17,SA20WKR,Spennymoor,3.5 Tonne,Out for Delivery,1,2,13,AO119324,125,07:00,15:05,
2026-09-17,SA23OJS,Spennymoor,3.5 Tonne,Stood,0,0,0,,,,,
2026-09-17,SA25EED,Spennymoor,Hi-Cube,Out for Delivery,1,2,15,AO386564,126,06:00,13:05,Sample Mate 037
2026-09-17,SA22SNJ,Spennymoor,Hi-Cube,Out for Delivery,1,3,16,AO996629,109,06:15,17:50,Sample Mate 088
2026-09-17,SA23ELF,Spennymoor,Hi-Cube,Out for Delivery,1,3,15,AO810968,174,08:00,17:35,Sample Mate 074
2026-09-17,SA22YHZ,Spennymoor,3.5 Tonne,Stood Not Utilised,0,0,0,,,,,
2026-09-17,SA21GKN,Dundee,3.5 Tonne,Out for Delivery,1,1,18,AO737446,137,08:00,15:35,
2026-09-17,SA25EAJ,Dundee,3.5 Tonne,Stood Not Utilised,0,0,0,,,,,
2026-09-17,SA19JDA,Dundee,3.5 Tonne,Out for Delivery,1,0,10,AO700844,151,08:15,17:20,
2026-09-17,SA22ROJ,Dundee,3.5 Tonne,Stood Not Utilised,0,0,0,,,,,
2026-09-17,SA22DKF,Dundee,3.5 Tonne,Stood Not Utilised,0,0,0,,,,,
2026-09-17,SA21BZA,Dundee,3.5 Tonne,Out for Delivery,1,2,11,AO609150,179,08:30,17:35,
2026-09-17,SA23RHZ,Dundee,Hi-Cube,Out for Delivery,1,4,21,AO136223,166,07:15,14:35,Sample Mate 082
2026-09-17,SA24HUJ,Dundee,Hi-Cube,Out for Delivery,1,4,19,AO382844,133,06:45,15:05,Sample Mate 051
2026-09-17,SA24XPF,Dundee,Hi-Cube,RELOAD PT 2,1,3,21,AO428987,159,08:00,17:20,
2026-09-17,SA21CCO,Crawley,3.5 Tonne,RELOAD PT 2,1,2,21,AO286955,111,05:30,16:05,
2026-09-17,SA22YMS,Crawley,3.5 Tonne,Out for Delivery,1,0,10,AO356046,133,07:45,17:35,
2026-09-17,SA23TCW,Crawley,3.5 Tonne,Stood Not Utilised,0,0,0,,,,,
2026-09-17,SA23LTT,Crawley,3.5 Tonne,Stood,0,0,0,,,,,
2026-09-17,SA20CXC,Crawley,3.5 Tonne,RELOAD PT 2,1,3,22,AO533063,157,08:45,18:35,Sample Mate 112
2026-09-17,SA22KZH,Crawley,3.5 Tonne,Out for Delivery,1,3,20,AO339428,155,06:30,13:35,Sample Mate 038
2026-09-17,SA24SVW,Crawley,3.5 Tonne,Out for Delivery,1,3,19,AO523772,147,05:45,14:20,
2026-09-17,SA22CFJ,Crawley,Hi-Cube,Out for Delivery,1,2,9,AO241999,190,06:15,13:05,Sample Mate 029
2026-09-17,SA21CEN,Heywood,Hi-Cube,Out for Delivery,1,2,8,AO524532,173,05:30,12:05,Sample Mate 083
2026-09-17,SA23SWZ,Heywood,Hi-Cube,Out for Delivery,1,4,8,AO459978,155,07:30,15:05,Sample Mate 086
2026-09-17,SA22LUM,Heywood,3.5 Tonne,Out for Delivery,1,2,16,AO627934,195,06:15,16:50,
2026-09-17,SA25KXF,Heywood,3.5 Tonne,Out for Delivery,1,1,14,AO349241,142,06:30,14:35,
2026-09-17,SA24WUX,Heywood,3.5 Tonne,Out for Delivery,1,3,11,AO219984,140,08:45,16:50,Sample Mate 114
2026-09-17,SA19GHF,Heywood,3.5 Tonne,Out for Delivery,1,0,14,AO159553,199,07:45,16:20,Sample Mate 018
2026-09-17,SA21VAL,Heywood,3.5 Tonne,Out for Delivery,1,0,15,AO228770,177,08:30,18:50,
2026-09-17,SA23BVR,Heywood,3.5 Tonne,Out for Delivery,1,1,9,AO885940,191,08:30,19:20,Sample Mate 023
2026-09-17,SA24UTB,Larkhall,3.5 Tonne,Stood Not Utilised,0,0,0,,,,,
2026-09-17,SA19AAK,Larkhall,Hi-Cube,Stood,0,0,0,,,,,
2026-09-17,SA19FOW,Larkhall,Hi-Cube,Out for Delivery,1,2,18,AO854255,142,06:15,17:05,Sample Mate 054
2026-09-17,SA19MYE,Larkhall,Hi-Cube,Out for Delivery,1,0,8,AO104132,175,07:00,16:35,
2026-09-17,SA19SSR,Larkhall,3.5 Tonne,Out for Delivery,1,1,18,AO305907,158,08:30,15:35,
2026-09-17,SA20SBV,Larkhall,3.5 Tonne,Out for Delivery,1,1,17,AO134749,149,08:15,15:50,Sample Mate 099
2026-09-17,SA21JDG,Larkhall,3.5 Tonne,Stood Not Utilised,0,0,0,,,,,
2026-09-17,SA25OEB,Basildon,3.5 Tonne,Stood Not Utilised,0,0,0,,,,,
2026-09-17,SA20DZU,Basildon,3.5 Tonne,Out for Delivery,1,3,16,AO712917,172,05:30,13:20,Sample Mate 108
2026-09-17,SA19XOT,Basildon,3.5 Tonne,Out for Delivery,1,0,20,AO538794,197,06:15,17:20,
2026-09-17,SA21FMO,Basildon,3.5 Tonne,VOR,0,0,0,,,,,
2026-09-17,SA24GBF,Basildon,Hi-Cube,Stood Not Utilised,0,0,0,,,,,
2026-09-17,SA25RNO,Basildon,Hi-Cube,Out for Delivery,1,4,20,AO161613,113,07:45,14:50,Sample Mate 050
2026-09-17,SA19XZU,Outside HDV Network,Hi-Cube,Out for Delivery,1,3,9,AO995407,101,05:30,12:05,
2026-09-17,SA19LMO,Outside HDV Network,3.5 Tonne,Out for Delivery,1,2,17,AO843518,104,06:45,15:20,
2026-09-17,SA24CXH,Outside HDV Network,3.5 Tonne,Stood Not Utilised,0,0,0,,,,,
2026-09-17,SA24ACZ,Outside HDV Network,3.5 Tonne,Out for Delivery,1,4,16,AO307909,136,05:15,12:35,Sample Mate 043
2026-09-17,SA20EXZ,Fareham,3.5 Tonne,Stood,0,0,0,,,,,
2026-09-17,SA21GBX,Fareham,3.5 Tonne,Out for Delivery,1,2,20,AO230063,140,05:30,14:20,
2026-09-17,SA19LNB,Fareham,3.5 Tonne,VOR,0,0,0,,,,,
2026-09-17,SA19PGR,Fareham,3.5 Tonne,Out for Delivery,1,4,8,AO666200,149,06:45,15:05,
2026-09-17,SA19WEJ,Avonmouth,Hi-Cube,RELOAD PT 2,1,2,13,AO533261,155,06:45,16:05,
2026-09-17,SA22DLG,Avonmouth,Hi-Cube,Stood Not Utilised,0,0,0,,,,,
2026-09-17,SA24FWY,Avonmouth,Hi-Cube,Out for Delivery,1,2,8,AO429529,174,06:00,16:50,
2026-09-17,SA23LBS,Crewe,3.5 Tonne,RELOAD PT 2,1,3,10,AO192670,148,06:30,15:05,
2026-09-17,SA25BSS,Crewe,3.5 Tonne,Out for Delivery,1,4,10,AO259756,155,06:00,17:35,Sample Mate 075
2026-09-17,SA20FBH,Crewe,3.5 Tonne,Out for Delivery,1,3,10,AO923040,194,06:15,17:50,Sample Mate 092
2026-09-17,SA22TSZ,Crewe,3.5 Tonne,Out for Delivery,1,3,20,AO596673,185,06:00,14:35,Sample Mate 088
2026-09-17,SA25DST,Crewe,3.5 Tonne,Out for Delivery,1,3,15,AO116885,133,08:00,19:35,
2026-09-17,SA25XEN,Crewe,3.5 Tonne,Out for Delivery,1,4,22,AO240646,161,08:00,15:50,Sample Mate 119
2026-09-17,SA23BYE,Crewe,3.5 Tonne,VOR,0,0,0,,,,,
2026-09-17,SA19MRR,Crewe,Hi-Cube,Out for Delivery,1,3,11,AO378732,132,05:15,16:20,
2026-09-17,SA24DLU,Crewe,Hi-Cube,Out for Delivery,1,2,16,AO827922,174,07:30,15:20,Sample Mate 101
2026-09-17,SA25YOS,Crewe,Hi-Cube,Out for Delivery,1,2,9,AO481741,131,05:00,12:50,
2026-09-17,SA19JFP,Crewe,3.5 Tonne,Out for Delivery,1,1,18,AO164543,149,05:30,13:50,
2026-09-17,SA25VBZ,Crewe,3.5 Tonne,Out for Delivery,1,4,18,AO674092,133,05:30,15:50,
2026-09-17,SA19CNH,Crewe,3.5 Tonne,Out for Delivery,1,0,13,AO583823,186,07:00,18:50,
2026-09-17,SA21DSL,Crewe,3.5 Tonne,Stood Not Utilised,0,0,0,,,,,
2026-09-17,SA20UEE,Crewe,3.5 Tonne,VOR,0,0,0,,,,,
2026-09-17,SA19YDC,Crewe,3.5 Tonne,Stood Not Utilised,0,0,0,,,,,
2026-09-17,SA22BPZ,Crewe,3.5 Tonne,Out for Delivery,1,0,8,AO473955,136,05:45,14:05,
2026-09-17,SA23JPZ,Crewe,Hi-Cube,Out for Delivery,1,0,8,AO650685,165,06:30,17:35,
2026-09-17,SA19ECR,Crewe,Hi-Cube,Out for Delivery,1,0,17,AO509189,124,05:15,14:05,
2026-09-17,SA21HCL,Crewe,Hi-Cube,Out for Delivery,1,0,13,AO251553,169,06:30,15:50,
2026-09-17,SA25FMP,Crewe,3.5 Tonne,Out for Delivery,1,0,19,AO601976,122,05:15,16:05,
2026-09-17,SA20CBD,Crewe,3.5 Tonne,Stood Not Utilised,0,0,0,,,,,
2026-09-17,SA22BVF,Crewe,3.5 Tonne,Out for Delivery,1,1,20,AO570644,125,05:00,13:35,
2026-09-17,SA24UTV,Crewe,3.5 Tonne,Out for Delivery,1,1,17,AO592612,157,06:45,16:05,
2026-09-17,SA19UEA,Crewe,3.5 Tonne,Out for Delivery,1,2,8,AO635417,189,07:30,16:20,
2026-09-17,SA19NNF,Crewe,3.5 Tonne,Stood,0,0,0,,,,,
2026-09-17,SA25GBJ,Crewe,3.5 Tonne,Stood Not Utilised,0,0,0,,,,,
2026-09-17,SA24DKG,Crewe,Hi-Cube,Out for Delivery,1,1,19,AO809284,124,06:45,13:05,Sample Mate 057
2026-09-17,SA25FXR,Crewe,Hi-Cube,RELOAD PT 2,1,0,20,AO320855,154,08:30,17:05,Sample Mate 028
2026-09-17,SA25GPM,Crewe,Hi-Cube,Out for Delivery,1,4,8,AO531695,121,06:45,17:20,
2026-09-17,SA20NMS,Crewe,3.5 Tonne,Out for Delivery,1,2,16,AO181904,174,06:15,14:50,
2026-09-17,SA21UZE,Crewe,3.5 Tonne,Stood Not Utilised,0,0,0,,,,,
2026-09-17,SA19ZOT,Crewe,3.5 Tonne,Out for Delivery,1,1,14,AO844851,137,06:00,17:50,Sample Mate 118
2026-09-17,SA21UZJ,Crewe,3.5 Tonne,Out for Delivery,1,1,20,AO459993,170,07:45,16:05,
2026-09-17,SA19TOW,Crewe,3.5 Tonne,Out for Delivery,1,4,9,AO228450,104,07:00,17:05,
2026-09-17,SA21DLX,Crewe,3.5 Tonne,Out for Delivery,1,2,18,AO400939,165,07:30,18:05,
2026-09-17,SA22MAN,Crewe,3.5 Tonne,Out for Delivery,1,3,20,AO237345,168,05:30,13:35,
2026-09-17,SA20VGF,Crewe,Hi-Cube,Out for Delivery,1,4,19,AO265986,154,05:45,16:05,Sample Mate 039
2026-09-17,SA19XLS,Crossgreen,Hi-Cube,RELOAD PT 2,1,0,19,AO513216,172,05:00,12:20,Sample Mate 097
2026-09-17,SA21ZDO,Crossgreen,Hi-Cube,VOR,0,0,0,,,,,
2026-09-17,SA21CHE,Crossgreen,3.5 Tonne,Out for Delivery,1,3,16,AO964710,146,06:15,13:50,Sample Mate 048
2026-09-17,SA23DFF,Crossgreen,3.5 Tonne,VOR,0,0,0,,,,,
2026-09-17,SA19NED,Crossgreen,3.5 Tonne,Out for Delivery,1,0,21,AO747914,131,05:45,13:50,
2026-09-17,SA19NWX,Crossgreen,3.5 Tonne,Out for Delivery,1,0,17,AO402574,159,07:30,17:05,Sample Mate 066
2026-09-17,SA25CNY,Crossgreen,3.5 Tonne,Out for Delivery,1,3,22,AO732340,185,06:00,15:20,
2026-09-17,SA23CDN,Crossgreen,3.5 Tonne,Out for Delivery,1,2,19,AO331713,139,07:30,16:50,Sample Mate 060
2026-09-17,SA19LOX,Crossgreen,3.5 Tonne,RELOAD PT 2,1,3,19,AO487992,164,08:15,17:05,Sample Mate 079
2026-09-17,SA25CCF,Crossgreen,Hi-Cube,VOR,0,0,0,,,,,
2026-09-17,SA23PMY,Crossgreen,Hi-Cube,VOR,0,0,0,,,,,
2026-09-17,SA20YRS,Crossgreen,Hi-Cube,Out for Delivery,1,1,20,AO655798,172,08:30,16:05,
2026-09-17,SA23SMA,Crossgreen,3.5 Tonne,VOR,0,0,0,,,,,
2026-09-17,SA19XKN,Crossgreen,3.5 Tonne,Out for Delivery,1,1,8,AO588252,141,05:15,14:20,Sample Mate 097
2026-09-17,SA21VER,Crossgreen,3.5 Tonne,Out for Delivery,1,3,18,AO404871,159,06:00,17:20,Sample Mate 030
2026-09-17,SA19TVB,Stoke,3.5 Tonne,Out for Delivery,1,4,20,AO255229,148,05:45,15:35,
2026-09-17,SA22UUP,Stoke,3.5 Tonne,Stood,0,0,0,,,,,
2026-09-17,SA21UZD,Stoke,3.5 Tonne,Out for Delivery,1,2,17,AO691551,121,05:00,13:20,
2026-09-17,SA21CDW,Stoke,3.5 Tonne,Stood Not Utilised,0,0,0,,,,,
2026-09-17,SA21LRE,Stoke,Hi-Cube,Out for Delivery,1,4,21,AO373040,118,06:45,17:50,
2026-09-17,SA20WLB,Stoke,Hi-Cube,Out for Delivery,1,2,9,AO613306,173,08:30,19:35,
2026-09-17,SA24NET,Stoke,Hi-Cube,Stood Not Utilised,0,0,0,,,,,
2026-09-17,SA23ZOM,Stoke,3.5 Tonne,Stood,0,0,0,,,,,
2026-09-17,SA25WUH,Stoke,3.5 Tonne,VOR,0,0,0,,,,,
2026-09-17,SA20GUD,Stoke,3.5 Tonne,Stood,0,0,0,,,,,
2026-09-17,SA24ZYS,Stoke,3.5 Tonne,VOR,0,0,0,,,,,
2026-09-17,SA19LBV,Stoke,3.5 Tonne,Out for Delivery,1,0,10,AO846814,173,08:30,15:05,
2026-09-17,SA19KFD,Stoke,3.5 Tonne,Stood Not Utilised,0,0,0,,,,,
2026-09-17,SA23BZY,Exeter,3.5 Tonne,Stood Not Utilised,0,0,0,,,,,
2026-09-17,SA19ZDR,Exeter,Hi-Cube,Out for Delivery,1,3,11,AO456795,148,06:15,14:05,Sample Mate 076
2026-09-17,SA19JLV,Exeter,Hi-Cube,Out for Delivery,1,0,19,AO923965,156,06:15,16:05,
2026-09-17,SA20HPY,Exeter,Hi-Cube,Stood Not Utilised,0,0,0,,,,,
2026-09-17,SA22EVO,Exeter,3.5 Tonne,Out for Delivery,1,1,10,AO837555,125,07:30,16:05,
2026-09-17,SA24CLV,Exeter,3.5 Tonne,Stood Not Utilised,0,0,0,,,,,
2026-09-17,SA22TYE,Exeter,3.5 Tonne,Out for Delivery,1,0,17,AO217907,118,08:00,19:05,
2026-09-17,SA21ALE,Exeter,3.5 Tonne,Out for Delivery,1,1,12,AO842678,167,08:30,19:20,Sample Mate 119
2026-09-17,SA20DZV,Exeter,3.5 Tonne,Out for Delivery,1,4,17,AO759418,133,06:15,17:05,Sample Mate 049
2026-09-17,SA19TKZ,Exeter,3.5 Tonne,RELOAD PT 2,1,1,14,AO138484,152,08:00,17:50,Sample Mate 116
2026-09-17,SA24UBW,Exeter,3.5 Tonne,VOR,0,0,0,,,,,
2026-09-17,SA22DLT,Exeter,Hi-Cube,Out for Delivery,1,4,9,AO260479,136,07:15,18:35,Sample Mate 009
2026-09-17,SA20AMK,Coventry,Hi-Cube,Out for Delivery,1,2,10,AO817839,131,08:15,15:50,Sample Mate 001
2026-09-17,SA20TRB,Coventry,Hi-Cube,Out for Delivery,1,2,13,AO891163,150,06:15,17:20,Sample Mate 011
2026-09-17,SA21YHN,Coventry,3.5 Tonne,Out for Delivery,1,3,8,AO654666,104,05:00,15:05,Sample Mate 048
2026-09-17,SA25OFL,Coventry,3.5 Tonne,Stood,0,0,0,,,,,
2026-09-17,SA25GVF,Coventry,3.5 Tonne,Out for Delivery,1,3,9,AO122947,114,05:45,14:35,Sample Mate 114
2026-09-17,SA25HHH,Coventry,3.5 Tonne,Out for Delivery,1,4,12,AO326494,135,07:45,15:35,
2026-09-17,SA22UNE,Coventry,3.5 Tonne,VOR,0,0,0,,,,,
2026-09-17,SA23JZS,Coventry,3.5 Tonne,Out for Delivery,1,0,16,AO547117,134,06:00,13:05,Sample Mate 027
2026-09-17,SA22BPB,Coventry,3.5 Tonne,Out for Delivery,1,1,16,AO552929,187,08:00,16:05,
2026-09-17,SA25ARM,Coventry,Hi-Cube,Out for Delivery,1,3,12,AO799903,151,06:30,15:35,Sample Mate 112
2026-09-17,SA22WDT,Coventry,Hi-Cube,Out for Delivery,1,4,16,AO211814,130,06:15,17:20,
2026-09-17,SA22MSC,Potters-Bar,Hi-Cube,Out for Delivery,1,1,22,AO978319,157,06:00,16:35,
2026-09-17,SA22ZWZ,Potters-Bar,3.5 Tonne,Out for Delivery,1,1,14,AO656921,177,06:30,14:50,
2026-09-17,SA23RZJ,Potters-Bar,3.5 Tonne,Out for Delivery,1,4,17,AO837551,119,06:00,14:20,
2026-09-17,SA22OTU,Potters-Bar,3.5 Tonne,Out for Delivery,1,3,11,AO761702,127,05:45,15:20,
2026-09-17,SA21FCH,Potters-Bar,3.5 Tonne,VOR,0,0,0,,,,,
2026-09-17,SA20PCO,Potters-Bar,3.5 Tonne,Out for Delivery,1,4,19,AO885488,154,08:00,19:20,
2026-09-17,SA25BFB,Potters-Bar,3.5 Tonne,Stood Not Utilised,0,0,0,,,,,
2026-09-17,SA19DRJ,Potters-Bar,3.5 Tonne,RELOAD PT 2,1,0,12,AO566867,147,06:15,15:50,Sample Mate 041
2026-09-17,SA23EWM,Potters-Bar,Hi-Cube,Out for Delivery,1,3,18,AO572475,118,06:00,16:05,Sample Mate 020
2026-09-17,SA20UTN,Potters-Bar,Hi-Cube,Out for Delivery,1,4,17,AO351407,102,05:45,16:05,
2026-09-17,SA21VHW,Potters-Bar,Hi-Cube,Out for Delivery,1,3,11,AO904162,198,06:30,13:50,Sample Mate 022
2026-09-17,SA24EGM,Gravesend,3.5 Tonne,Stood,0,0,0,,,,,
2026-09-17,SA20USA,Gravesend,3.5 Tonne,Out for Delivery,1,3,16,AO118983,146,08:30,18:35,
2026-09-17,SA21DKO,Gravesend,3.5 Tonne,Out for Delivery,1,3,11,AO591092,105,05:00,16:05,
2026-09-17,SA21VKR,Gravesend,3.5 Tonne,Stood Not Utilised,0,0,0,,,,,
2026-09-17,SA24WSV,Gravesend,3.5 Tonne,Out for Delivery,1,0,10,AO150568,165,07:15,17:05,Sample Mate 012
2026-09-17,SA22TVT,Gravesend,3.5 Tonne,Stood Not Utilised,0,0,0,,,,,
2026-09-17,SA22OKR,Gravesend,3.5 Tonne,Out for Delivery,1,4,13,AO131575,104,08:00,15:35,Sample Mate 109
2026-09-17,SA24YXV,Gravesend,Hi-Cube,Out for Delivery,1,1,18,AO933161,134,08:30,16:50,Sample Mate 029
2026-09-17,SA23ZEG,Gravesend,Hi-Cube,Out for Delivery,1,4,22,AO447274,187,06:45,14:20,
2026-09-17,SA25HWN,Gravesend,Hi-Cube,Out for Delivery,1,4,18,AO424634,177,06:15,13:35,
2026-09-17,SA23HXN,Gravesend,3.5 Tonne,Stood Not Utilised,0,0,0,,,,,
2026-09-17,SA20CKP,Yaxley,3.5 Tonne,Out for Delivery,1,3,21,AO792864,160,06:30,16:20,
2026-09-17,SA22NUY,Yaxley,3.5 Tonne,Out for Delivery,1,2,20,AO318050,171,05:15,14:50,
2026-09-17,SA25DXX,Yaxley,3.5 Tonne,Stood Not Utilised,0,0,0,,,,,
2026-09-17,SA20TPF,Yaxley,3.5 Tonne,Out for Delivery,1,0,22,AO969998,136,08:45,18:05,Sample Mate 048
2026-09-17,SA20JNS,Yaxley,3.5 Tonne,Out for Delivery,1,4,18,AO836361,126,07:45,18:35,Sample Mate 079
2026-09-17,SA21LKC,Yaxley,3.5 Tonne,VOR,0,0,0,,,,,
2026-09-17,SA23CEV,Yaxley,Hi-Cube,Out for Delivery,1,1,21,AO319464,188,06:30,13:05,
2026-09-17,SA19TEY,Yaxley,Hi-Cube,Out for Delivery,1,1,11,AO411330,166,05:15,12:20,
2026-09-17,SA23VWZ,Yaxley,Hi-Cube,Out for Delivery,1,4,21,AO862706,167,06:30,14:20,Sample Mate 083
2026-09-17,SA23YPM,Yaxley,3.5 Tonne,Out for Delivery,1,1,16,AO683945,114,08:15,16:50,Sample Mate 120
2026-09-17,SA21CTP,Luton,3.5 Tonne,Stood,0,0,0,,,,,
2026-09-17,SA20HOW,Luton,3.5 Tonne,Out for Delivery,1,1,16,AO330069,144,07:30,15:50,Sample Mate 083
2026-09-17,SA23XGS,Luton,3.5 Tonne,VOR,0,0,0,,,,,
2026-09-17,SA25FZR,Luton,3.5 Tonne,RELOAD PT 2,1,4,8,AO417526,108,06:45,16:05,
2026-09-17,SA24TBJ,Luton,3.5 Tonne,Out for Delivery,1,3,21,AO359765,168,07:00,17:05,
2026-09-17,SA21RWX,Luton,3.5 Tonne,Out for Delivery,1,1,8,AO810123,191,06:30,16:05,Sample Mate 067
2026-09-17,SA25ZDS,Luton,Hi-Cube,Out for Delivery,1,3,17,AO829341,194,06:30,16:20,
2026-09-17,SA21BSM,Luton,Hi-Cube,Out for Delivery,1,3,10,AO293835,119,06:30,16:35,Sample Mate 047
2026-09-17,SA21LYC,Luton,Hi-Cube,Out for Delivery,1,4,10,AO334989,181,06:45,14:20,
2026-09-17,SA23UUX,Luton,3.5 Tonne,Out for Delivery,1,0,17,AO240405,107,06:45,15:05,
2026-09-17,SA25HTE,Newport,3.5 Tonne,Out for Delivery,1,2,9,AO222041,135,05:30,12:20,
2026-09-17,SA20YYE,Newport,3.5 Tonne,Out for Delivery,1,3,15,AO141491,145,06:45,15:20,
2026-09-17,SA25HKJ,Newport,3.5 Tonne,Out for Delivery,1,0,9,AO360100,185,08:45,19:50,Sample Mate 019
2026-09-17,SA23EPZ,Newport,3.5 Tonne,Out for Delivery,1,2,15,AO545160,129,06:15,15:50,
2026-09-17,SA21NVS,Newport,3.5 Tonne,Out for Delivery,1,4,15,AO457387,105,08:15,19:50,
2026-09-17,SA20TYO,Newport,3.5 Tonne,VOR,0,0,0,,,,,
2026-09-17,SA19MCG,Newport,Hi-Cube,RELOAD PT 2,1,4,16,AO824053,101,06:00,16:20,Sample Mate 109
2026-09-17,SA25BMC,Newport,Hi-Cube,VOR,0,0,0,,,,,
2026-09-17,SA21KRA,Newport,Hi-Cube,Out for Delivery,1,3,8,AO751919,115,06:30,15:50,
2026-09-17,SA19DRA,Newport,3.5 Tonne,Out for Delivery,1,2,14,AO127212,140,06:15,17:20,
2026-09-17,SA20GDO,Spennymoor,3.5 Tonne,Out for Delivery,1,3,14,AO464994,168,05:45,14:20,Sample Mate 072
2026-09-17,SA20PDC,Spennymoor,3.5 Tonne,Stood Not Utilised,0,0,0,,,,,
2026-09-17,SA20XTS,Spennymoor,3.5 Tonne,Out for Delivery,1,1,20,AO634950,199,08:00,16:20,
2026-09-17,SA21MOH,Spennymoor,3.5 Tonne,Out for Delivery,1,4,11,AO270680,163,06:00,13:50,
2026-09-17,SA23SYT,Spennymoor,3.5 Tonne,Out for Delivery,1,0,22,AO720497,155,06:15,14:20,
2026-09-17,SA23HWK,Spennymoor,3.5 Tonne,Out for Delivery,1,3,18,AO127619,186,06:00,15:50,
2026-09-17,SA23KYB,Spennymoor,Hi-Cube,Out for Delivery,1,0,18,AO227413,125,06:30,17:20,
2026-09-17,SA24VPW,Crewe,18 Tonne,Out for Delivery,1,1,12,AO485448,144,07:30,16:05,Sample Mate 079
2026-09-17,SA19DSG,Crewe,18 Tonne,Out for Delivery,1,3,22,AO898674,117,05:15,15:35,
2026-09-17,SA24SHG,Crewe,18 Tonne,Out for Delivery,1,2,10,AO888005,169,05:30,16:50,
2026-09-17,SA23MDE,Crewe,18 Tonne,Out for Delivery,1,1,22,AO130648,115,06:15,16:35,Sample Mate 069
2026-09-17,SA25ZDT,Crewe,18 Tonne,RELOAD PT 2,1,1,13,AO708586,117,08:15,15:50,Sample Mate 018
2026-09-17,SA23SWO,Crewe,18 Tonne,Out for Delivery,1,3,22,AO277038,170,06:15,14:05,Sample Mate 013
2026-09-17,SA24RVH,Crewe,18 Tonne,Out for Delivery,1,1,17,AO441979,149,05:30,15:20,
2026-09-17,SA20NEV,Crewe,18 Tonne,Stood,0,0,0,,,,,
2026-09-17,SA21XVA,Crewe,18 Tonne,Out for Delivery,1,4,22,AO924642,182,08:15,16:35,Sample Mate 079
2026-09-17,SA22LYH,Crewe,18 Tonne,Out for Delivery,1,3,22,AO300073,128,06:45,13:20,
2026-09-17,SA21JTW,Crewe,18 Tonne,Out for Delivery,1,3,11,AO875794,110,06:45,17:05,Sample Mate 007
2026-09-17,SA21XVX,Crewe,18 Tonne,Out for Delivery,1,4,15,AO710903,150,08:00,17:35,Sample Mate 055
2026-09-17,SA23RCF,Crewe,18 Tonne,Stood Not Utilised,0,0,0,,,,,
2026-09-17,SA25RMO,Crewe,18 Tonne,Out for Delivery,1,0,19,AO747228,174,06:45,14:20,Sample Mate 115
2026-09-17,SA24LJW,Crewe,18 Tonne,Out for Delivery,1,0,20,AO778016,133,08:00,16:05,
2026-09-17,SA20OWC,Crewe,18 Tonne,Out for Delivery,1,4,18,AO804406,158,05:15,16:20,
2026-09-17,SA19DBD,Crewe,18 Tonne,Out for Delivery,1,1,20,AO488102,162,06:45,14:20,
2026-09-17,SA24LDP,Crewe,18 Tonne,Out for Delivery,1,2,12,AO947584,171,05:45,14:50,Sample Mate 092
2026-09-17,SA23KXZ,Crewe,18 Tonne,Out for Delivery,1,0,20,AO693295,136,08:30,19:35,
2026-09-17,SA21ODB,Crewe,18 Tonne,VOR,0,0,0,,,,,
2026-09-17,SA24FBZ,Crewe,18 Tonne,Stood Not Utilised,0,0,0,,,,,
2026-09-17,SA21TMJ,Crewe,18 Tonne,Out for Delivery,1,1,15,AO882217,126,07:15,15:50,
2026-09-17,SA24HBV,Crewe,18 Tonne,RELOAD PT 2,1,2,16,AO113378,105,06:30,13:05,Sample Mate 094
2026-09-17,SA24OKB,Crewe,18 Tonne,Out for Delivery,1,1,15,AO733661,112,06:45,16:50,Sample Mate 013
2026-09-17,SA24VYR,Crewe,18 Tonne,Stood Not Utilised,0,0,0,,,,,
2026-09-17,SA24MCW,Crewe,18 Tonne,Out for Delivery,1,4,22,AO192238,161,06:00,15:50,
2026-09-17,SA20RLP,Crewe,18 Tonne,RELOAD PT 2,1,1,13,AO986369,160,06:15,16:05,Sample Mate 112
2026-09-17,SA19CBG,Crewe,18 Tonne,Out for Delivery,1,0,17,AO675456,148,06:15,14:05,Sample Mate 107
2026-09-17,SA19PMX,Crewe,18 Tonne,Out for Delivery,1,3,20,AO239751,176,05:45,15:35,
2026-09-17,SA21LXC,Crewe,18 Tonne,VOR,0,0,0,,,,,
2026-09-17,SA25TBJ,Crewe,18 Tonne,VOR,0,0,0,,,,,
2026-09-17,SA22PJY,Crewe,18 Tonne,VOR,0,0,0,,,,,
2026-09-17,SA21TOM,Crossgreen,18 Tonne,VOR,0,0,0,,,,,
2026-09-17,SA24KJN,Crossgreen,18 Tonne,Out for Delivery,1,0,11,AO389858,155,06:00,14:35,Sample Mate 077
2026-09-17,SA21KTM,Crossgreen,18 Tonne,Out for Delivery,1,3,14,AO914276,183,08:00,17:05,
2026-09-17,SA23NYF,Crossgreen,18 Tonne,VOR,0,0,0,,,,,
2026-09-17,SA21VPR,Crossgreen,18 Tonne,Out for Delivery,1,3,16,AO168613,112,05:15,15:35,
2026-09-17,SA19UCD,Crossgreen,18 Tonne,VOR,0,0,0,,,,,
2026-09-17,SA19KFZ,Crossgreen,18 Tonne,Out for Delivery,1,4,9,AO781009,190,07:00,17:35,
2026-09-17,SA22PNW,Crossgreen,18 Tonne,Stood Not Utilised,0,0,0,,,,,
2026-09-17,SA20GGO,Crossgreen,18 Tonne,Stood Not Utilised,0,0,0,,,,,
2026-09-17,SA24KNV,Crossgreen,18 Tonne,Stood,0,0,0,,,,,
2026-09-17,SA23UJX,Crossgreen,18 Tonne,Out for Delivery,1,0,11,AO294278,162,06:00,15:20,Sample Mate 114
2026-09-17,SA24ZDJ,Crossgreen,18 Tonne,Out for Delivery,1,2,18,AO178235,176,05:15,12:50,Sample Mate 061
2026-09-17,SA24CYO,Crossgreen,18 Tonne,VOR,0,0,0,,,,,
2026-09-17,SA19GCZ,Crossgreen,18 Tonne,Out for Delivery,1,4,15,AO336556,117,07:00,15:20,Sample Mate 110
2026-09-17,SA24XKP,Crossgreen,18 Tonne,Out for Delivery,1,4,9,AO261628,175,08:45,17:05,
2026-09-17,SA20MNW,Stoke,18 Tonne,VOR,0,0,0,,,,,
2026-09-17,SA21LTS,Stoke,18 Tonne,Out for Delivery,1,1,17,AO697220,114,07:45,14:05,
2026-09-17,SA21JWU,Stoke,18 Tonne,RELOAD PT 2,1,0,16,AO867232,180,06:15,14:50,
2026-09-17,SA22MPO,Stoke,18 Tonne,Out for Delivery,1,0,21,AO243514,162,06:45,16:20,
2026-09-17,SA23FGZ,Stoke,18 Tonne,Out for Delivery,1,3,19,AO651041,123,08:30,15:50,Sample Mate 114
2026-09-17,SA19AHK,Stoke,18 Tonne,Stood,0,0,0,,,,,
2026-09-17,SA22PLL,Stoke,18 Tonne,Out for Delivery,1,1,8,AO377094,124,06:45,13:20,Sample Mate 090
2026-09-17,SA25ZSG,Stoke,18 Tonne,Stood Not Utilised,0,0,0,,,,,
2026-09-17,SA25GNY,Stoke,18 Tonne,Out for Delivery,1,0,20,AO933678,189,05:15,12:50,Sample Mate 046
2026-09-17,SA19STN,Stoke,18 Tonne,Out for Delivery,1,0,20,AO276312,144,08:30,17:05,Sample Mate 023
2026-09-17,SA24VMA,Stoke,18 Tonne,Out for Delivery,1,3,8,AO626567,122,06:15,14:05,
2026-09-17,SA20KVE,Stoke,18 Tonne,Stood Not Utilised,0,0,0,,,,,
2026-09-17,SA25XBH,Stoke,18 Tonne,Out for Delivery,1,1,11,AO711384,193,06:45,13:50,
2026-09-17,SA22ECK,Exeter,18 Tonne,RELOAD PT 2,1,3,13,AO636141,111,07:00,18:50,Sample Mate 042
2026-09-17,SA23XWV,Exeter,18 Tonne,VOR,0,0,0,,,,,
2026-09-17,SA24BVV,Exeter,18 Tonne,Out for Delivery,1,2,22,AO250812,194,07:45,16:05,
2026-09-17,SA22GKH,Exeter,18 Tonne,Stood Not Utilised,0,0,0,,,,,
2026-09-17,SA23KXY,Exeter,18 Tonne,Out for Delivery,1,4,10,AO228581,101,05:00,14:35,
2026-09-17,SA24SGK,Exeter,18 Tonne,RELOAD PT 2,1,3,22,AO417298,120,06:45,15:20,
2026-09-17,SA25VWR,Exeter,18 Tonne,Out for Delivery,1,2,14,AO311414,197,08:15,15:35,Sample Mate 004
2026-09-17,SA19UUP,Exeter,18 Tonne,Out for Delivery,1,3,19,AO670708,141,08:30,15:05,Sample Mate 059
2026-09-17,SA23GVU,Exeter,18 Tonne,RELOAD PT 2,1,2,22,AO952034,159,07:15,15:35,Sample Mate 087
2026-09-17,SA19NLA,Exeter,18 Tonne,RELOAD PT 2,1,3,17,AO321437,197,06:00,17:05,Sample Mate 006
2026-09-17,SA23ALA,Exeter,18 Tonne,Stood Not Utilised,0,0,0,,,,,
2026-09-17,SA19OYK,Exeter,18 Tonne,Out for Delivery,1,3,13,AO156472,166,08:30,16:05,
2026-09-17,SA24KOK,Coventry,18 Tonne,Out for Delivery,1,1,11,AO790543,122,07:30,17:35,
2026-09-17,SA22YJZ,Coventry,18 Tonne,Out for Delivery,1,4,13,AO238039,159,06:30,14:05,
2026-09-17,SA22BHS,Coventry,18 Tonne,Stood Not Utilised,0,0,0,,,,,
2026-09-17,SA24SEK,Coventry,18 Tonne,Stood Not Utilised,0,0,0,,,,,
2026-09-17,SA22XYU,Coventry,18 Tonne,Out for Delivery,1,1,8,AO762999,192,06:00,16:35,Sample Mate 111
2026-09-17,SA24TRA,Coventry,18 Tonne,Stood Not Utilised,0,0,0,,,,,
2026-09-17,SA20EMJ,Coventry,18 Tonne,RELOAD PT 2,1,3,20,AO662665,119,06:15,15:05,
2026-09-17,SA22XTZ,Coventry,18 Tonne,Out for Delivery,1,4,12,AO131306,181,08:30,15:50,Sample Mate 104
2026-09-17,SA25JMV,Coventry,18 Tonne,Out for Delivery,1,0,16,AO955206,135,06:30,13:20,
2026-09-17,SA23OFT,Coventry,18 Tonne,RELOAD PT 2,1,1,22,AO986216,129,06:15,16:50,Sample Mate 086
2026-09-17,SA24MFS,Coventry,18 Tonne,Out for Delivery,1,1,11,AO925591,117,06:30,13:05,Sample Mate 104
2026-09-17,SA24NEL,Potters-Bar,18 Tonne,Out for Delivery,1,1,13,AO518610,170,08:00,17:20,
2026-09-17,SA21ERL,Potters-Bar,18 Tonne,Stood Not Utilised,0,0,0,,,,,
2026-09-17,SA25UXF,Potters-Bar,18 Tonne,Out for Delivery,1,4,9,AO119401,178,05:00,14:35,Sample Mate 010
2026-09-17,SA25BTB,Potters-Bar,18 Tonne,Out for Delivery,1,3,8,AO313871,138,08:30,16:20,Sample Mate 106
2026-09-17,SA20YDC,Potters-Bar,18 Tonne,Out for Delivery,1,4,10,AO946455,141,06:00,16:35,
2026-09-17,SA19EXF,Potters-Bar,18 Tonne,Out for Delivery,1,1,17,AO946267,143,05:45,12:20,
2026-09-17,SA25CLX,Potters-Bar,18 Tonne,Out for Delivery,1,0,12,AO786306,192,06:00,14:05,
2026-09-17,SA22PGP,Potters-Bar,18 Tonne,Stood Not Utilised,0,0,0,,,,,
2026-09-17,SA21KZG,Potters-Bar,18 Tonne,Out for Delivery,1,2,22,AO839780,104,07:15,16:50,
2026-09-17,SA19TOJ,Potters-Bar,18 Tonne,RELOAD PT 2,1,2,9,AO917024,182,08:15,19:50,Sample Mate 052
2026-09-17,SA21ZLW,Potters-Bar,18 Tonne,Out for Delivery,1,2,20,AO539960,195,06:30,17:50,Sample Mate 116
2026-09-17,SA23TER,Gravesend,18 Tonne,Out for Delivery,1,1,21,AO953032,193,07:00,14:35,
2026-09-17,SA24GBN,Gravesend,18 Tonne,Out for Delivery,1,2,10,AO387824,184,08:15,18:50,
2026-09-17,SA19YVJ,Gravesend,18 Tonne,Out for Delivery,1,1,15,AO624069,130,06:00,13:20,
2026-09-17,SA24PTO,Gravesend,18 Tonne,Out for Delivery,1,1,22,AO907452,162,05:15,15:50,
2026-09-17,SA22SAD,Gravesend,18 Tonne,Out for Delivery,1,0,19,AO131597,141,05:00,14:35,Sample Mate 007
2026-09-17,SA20LGB,Gravesend,18 Tonne,VOR,0,0,0,,,,,
2026-09-17,SA22DNE,Gravesend,18 Tonne,Out for Delivery,1,4,19,AO678710,141,06:45,14:20,
2026-09-17,SA24OLT,Gravesend,18 Tonne,Stood Not Utilised,0,0,0,,,,,
2026-09-17,SA19JZN,Gravesend,18 Tonne,Out for Delivery,1,0,8,AO516985,153,08:15,18:20,
2026-09-17,SA22MOL,Gravesend,18 Tonne,Out for Delivery,1,1,13,AO530005,105,06:15,14:35,Sample Mate 034
2026-09-17,SA25MPS,Gravesend,18 Tonne,Stood Not Utilised,0,0,0,,,,,
2026-09-17,SA23OPY,Yaxley,18 Tonne,Out for Delivery,1,3,14,AO538016,179,06:45,13:20,
2026-09-17,SA20ATG,Yaxley,18 Tonne,Out for Delivery,1,2,20,AO360769,162,05:15,14:35,
2026-09-17,SA23MME,Yaxley,18 Tonne,Out for Delivery,1,0,22,AO587145,172,05:45,12:50,Sample Mate 038
2026-09-17,SA21TSL,Yaxley,18 Tonne,Out for Delivery,1,3,17,AO336629,113,05:30,16:20,
2026-09-17,SA21FDE,Yaxley,18 Tonne,Stood Not Utilised,0,0,0,,,,,
2026-09-17,SA25LMC,Yaxley,18 Tonne,Stood Not Utilised,0,0,0,,,,,
2026-09-17,SA20HEP,Yaxley,18 Tonne,RELOAD PT 2,1,1,19,AO511495,184,05:00,12:50,Sample Mate 044
2026-09-17,SA24BEW,Yaxley,18 Tonne,Out for Delivery,1,0,16,AO300171,125,05:45,16:50,Sample Mate 006
2026-09-17,SA22FUD,Yaxley,18 Tonne,Out for Delivery,1,0,14,AO227533,144,07:30,18:35,
2026-09-17,SA19XKR,Yaxley,18 Tonne,VOR,0,0,0,,,,,
2026-09-17,SA20CLC,Luton,18 Tonne,Out for Delivery,1,0,15,AO446250,148,05:45,12:20,
2026-09-17,SA21YYZ,Luton,18 Tonne,Out for Delivery,1,0,20,AO296267,120,06:15,17:20,
2026-09-17,SA20PTN,Luton,18 Tonne,Out for Delivery,1,4,13,AO445840,116,08:00,15:20,
2026-09-17,SA19ZVG,Luton,18 Tonne,Stood Not Utilised,0,0,0,,,,,
2026-09-17,SA23DMW,Luton,18 Tonne,Stood Not Utilised,0,0,0,,,,,
2026-09-17,SA25NDT,Luton,18 Tonne,Out for Delivery,1,0,14,AO364491,192,08:00,15:05,
2026-09-17,SA19MLK,Luton,18 Tonne,Stood,0,0,0,,,,,
2026-09-17,SA22DYV,Luton,18 Tonne,Stood Not Utilised,0,0,0,,,,,
2026-09-17,SA25NUR,Luton,18 Tonne,Stood Not Utilised,0,0,0,,,,,
2026-09-17,SA23XJU,Luton,18 Tonne,Stood Not Utilised,0,0,0,,,,,
2026-09-17,SA21XEB,Newport,18 Tonne,VOR,0,0,0,,,,,
2026-09-17,SA22FFM,Newport,18 Tonne,RELOAD PT 2,1,1,21,AO672655,162,07:15,16:50,
2026-09-17,SA21EKH,Newport,18 Tonne,Out for Delivery,1,4,14,AO579078,154,08:15,17:35,Sample Mate 043
2026-09-17,SA22ULC,Newport,18 Tonne,Out for Delivery,1,0,22,AO647069,198,06:00,16:20,
2026-09-17,SA24AVF,Newport,18 Tonne,Out for Delivery,1,3,18,AO651784,169,05:45,14:35,
2026-09-17,SA23SWN,Newport,18 Tonne,Out for Delivery,1,3,11,AO287152,124,07:30,15:05,Sample Mate 004
2026-09-17,SA23UCW,Newport,18 Tonne,Out for Delivery,1,4,13,AO289945,131,07:00,18:20,
2026-09-17,SA23GLU,Newport,18 Tonne,Stood,0,0,0,,,,,
2026-09-17,SA24LHH,Newport,18 Tonne,Out for Delivery,1,3,21,AO221458,130,06:30,16:35,Sample Mate 116
2026-09-17,SA21DOM,Newport,18 Tonne,VOR,0,0,0,,,,,
2026-09-17,SA20AGS,Spennymoor,18 Tonne,Out for Delivery,1,0,18,AO148206,180,08:30,17:20,
2026-09-17,SA20MVR,Spennymoor,18 Tonne,RELOAD PT 2,1,3,16,AO810466,175,05:30,16:35,
2026-09-17,SA24GNS,Spennymoor,18 Tonne,RELOAD PT 2,1,2,19,AO808717,138,07:15,16:20,
2026-09-17,SA19PVX,Spennymoor,18 Tonne,Out for Delivery,1,1,18,AO315269,135,06:45,14:35,Sample Mate 054
2026-09-17,SA21FCG,Spennymoor,18 Tonne,Out for Delivery,1,3,22,AO239962,108,05:30,15:35,Sample Mate 101
2026-09-17,SA21FTL,Spennymoor,18 Tonne,Stood,0,0,0,,,,,
2026-09-17,SA22XNK,Spennymoor,18 Tonne,Stood,0,0,0,,,,,
2026-09-17,SA21JCW,Spennymoor,18 Tonne,Out for Delivery,1,2,8,AO782697,176,07:45,14:35,
2026-09-17,SA25AYD,Spennymoor,18 Tonne,Out for Delivery,1,4,21,AO564370,188,06:45,17:50,
2026-09-17,SA21PLX,Spennymoor,18 Tonne,Stood,0,0,0,,,,,
2026-09-17,SA21VDP,Dundee,18 Tonne,Out for Delivery,1,2,20,AO568828,133,06:45,13:20,
2026-09-17,SA19PXJ,Dundee,18 Tonne,Out for Delivery,1,1,17,AO122871,106,06:45,15:50,
2026-09-17,SA19ERR,Dundee,18 Tonne,Out for Delivery,1,1,8,AO886638,107,07:45,14:35,Sample Mate 090
2026-09-17,SA25MCD,Dundee,18 Tonne,Out for Delivery,1,0,9,AO434227,117,06:15,14:50,
2026-09-17,SA23BFC,Dundee,18 Tonne,Stood,0,0,0,,,,,
2026-09-17,SA20ENJ,Dundee,18 Tonne,Stood Not Utilised,0,0,0,,,,,
2026-09-17,SA24GLE,Dundee,18 Tonne,Stood Not Utilised,0,0,0,,,,,
2026-09-17,SA23XPJ,Dundee,18 Tonne,VOR,0,0,0,,,,,
2026-09-17,SA23HRO,Dundee,18 Tonne,Stood Not Utilised,0,0,0,,,,,
2026-09-17,SA23MCX,Crawley,18 Tonne,Out for Delivery,1,3,9,AO895469,191,05:45,15:50,
2026-09-17,SA24COE,Crawley,18 Tonne,Out for Delivery,1,4,15,AO996476,129,06:30,15:35,Sample Mate 039
2026-09-17,SA23RVC,Crawley,18 Tonne,RELOAD PT 2,1,4,10,AO696898,123,05:00,12:20,
2026-09-17,SA25SCH,Crawley,18 Tonne,Out for Delivery,1,4,12,AO859713,172,07:30,17:50,Sample Mate 038
2026-09-17,SA22MSZ,Crawley,18 Tonne,Out for Delivery,1,4,19,AO656868,108,06:30,16:05,
2026-09-17,SA21NSP,Crawley,18 Tonne,VOR,0,0,0,,,,,
2026-09-17,SA19EWH,Crawley,18 Tonne,Out for Delivery,1,1,20,AO453055,135,07:30,15:05,
2026-09-17,SA22YNN,Crawley,18 Tonne,VOR,0,0,0,,,,,
2026-09-17,SA23PKA,Heywood,18 Tonne,RELOAD PT 2,1,0,21,AO684753,195,07:45,17:35,Sample Mate 114
2026-09-17,SA23EAU,Heywood,18 Tonne,Out for Delivery,1,3,10,AO852126,148,06:30,15:35,
2026-09-17,SA20NON,Heywood,18 Tonne,Out for Delivery,1,2,11,AO414748,112,06:45,14:05,
2026-09-17,SA21GLB,Heywood,18 Tonne,Stood Not Utilised,0,0,0,,,,,
2026-09-17,SA21FTY,Heywood,18 Tonne,Stood Not Utilised,0,0,0,,,,,
2026-09-17,SA23ENV,Heywood,18 Tonne,Out for Delivery,1,3,8,AO283535,128,08:00,17:20,Sample Mate 114
2026-09-17,SA24OWT,Heywood,18 Tonne,Out for Delivery,1,4,14,AO889809,108,08:45,16:35,
2026-09-17,SA22UPK,Heywood,18 Tonne,Out for Delivery,1,2,17,AO339298,131,07:15,17:20,Sample Mate 030
2026-09-17,SA19SVY,Larkhall,18 Tonne,Out for Delivery,1,3,12,AO277247,188,07:30,18:50,
2026-09-17,SA22NUC,Larkhall,18 Tonne,Out for Delivery,1,1,14,AO776181,165,08:15,19:35,Sample Mate 089
2026-09-17,SA24TVA,Larkhall,18 Tonne,Out for Delivery,1,4,19,AO305595,195,05:15,15:50,
2026-09-17,SA21EVZ,Larkhall,18 Tonne,Out for Delivery,1,1,14,AO377762,128,05:45,13:50,
2026-09-17,SA24BKV,Larkhall,18 Tonne,VOR,0,0,0,,,,,
2026-09-17,SA20BEY,Larkhall,18 Tonne,Out for Delivery,1,3,13,AO958159,179,06:15,17:05,
2026-09-17,SA19YXV,Larkhall,18 Tonne,Out for Delivery,1,1,16,AO308019,185,05:15,12:50,Sample Mate 118
2026-09-17,SA20VUH,Basildon,18 Tonne,Stood Not Utilised,0,0,0,,,,,
2026-09-17,SA25LMD,Basildon,18 Tonne,Out for Delivery,1,0,21,AO164654,128,06:15,16:05,Sample Mate 014
2026-09-17,SA25PEK,Basildon,18 Tonne,Out for Delivery,1,4,16,AO487119,145,05:45,12:35,
2026-09-17,SA25ZHN,Basildon,18 Tonne,Out for Delivery,1,0,21,AO771991,124,06:45,14:35,Sample Mate 100
2026-09-17,SA19DJO,Basildon,18 Tonne,Stood Not Utilised,0,0,0,,,,,
2026-09-17,SA21ZCU,Basildon,18 Tonne,RELOAD PT 2,1,1,10,AO301984,138,06:15,17:05,Sample Mate 094
2026-09-17,SA23UKX,Outside HDV Network,18 Tonne,Out for Delivery,1,1,22,AO462735,165,05:45,15:35,
2026-09-17,SA20WMN,Outside HDV Network,18 Tonne,Out for Delivery,1,1,19,AO620210,149,05:45,14:05,Sample Mate 099
2026-09-17,SA24KCG,Outside HDV Network,18 Tonne,Out for Delivery,1,2,17,AO743042,126,06:00,16:05,
2026-09-17,SA25FFS,Outside HDV Network,18 Tonne,Out for Delivery,1,3,13,AO386300,162,07:45,18:20,Sample Mate 109
2026-09-17,SA21PEF,Fareham,18 Tonne,RELOAD PT 2,1,2,9,AO988390,159,06:30,17:05,Sample Mate 065
2026-09-17,SA25OVW,Fareham,18 Tonne,Out for Delivery,1,3,22,AO779013,178,07:45,16:20,
2026-09-17,SA23DDN,Fareham,18 Tonne,Out for Delivery,1,1,22,AO584210,105,06:00,17:05,
2026-09-17,SA19SJE,Fareham,18 Tonne,Out for Delivery,1,0,22,AO833632,190,07:00,14:20,
2026-09-17,SA24RVO,Avonmouth,18 Tonne,Out for Delivery,1,2,8,AO938472,119,06:00,13:05,
2026-09-17,SA24VGC,Avonmouth,18 Tonne,VOR,0,0,0,,,,,
2026-09-17,SA25VME,Avonmouth,18 Tonne,Stood,0,0,0,,,,,
2026-09-17,SA24SFH,Crewe,18 Tonne,Stood,0,0,0,,,,,
2026-09-17,SA19DVW,Crewe,18 Tonne,Out for Delivery,1,3,19,AO318237,182,06:00,13:20,Sample Mate 077
2026-09-17,SA20KZF,Crewe,18 Tonne,Out for Delivery,1,2,13,AO711379,182,06:45,13:20,Sample Mate 034
2026-09-17,SA23BLN,Crewe,18 Tonne,Out for Delivery,1,2,19,AO727691,182,06:30,13:50,
2026-09-17,SA25FGJ,Crewe,18 Tonne,Stood,0,0,0,,,,,
2026-09-17,SA20UPV,Crewe,18 Tonne,Out for Delivery,1,4,12,AO147502,105,08:00,17:20,
2026-09-17,SA24ZLC,Crewe,18 Tonne,Stood Not Utilised,0,0,0,,,,,
2026-09-17,SA22PRW,Crewe,18 Tonne,Stood Not Utilised,0,0,0,,,,,
2026-09-17,SA22XEG,Crewe,18 Tonne,Out for Delivery,1,3,22,AO524504,145,06:15,16:50,
2026-09-17,SA21TGN,Crewe,18 Tonne,Out for Delivery,1,1,19,AO492713,185,08:30,15:05,Sample Mate 004
2026-09-17,SA21VES,Crewe,18 Tonne,Out for Delivery,1,3,8,AO720655,198,08:45,19:05,
2026-09-17,SA19OJB,Crewe,18 Tonne,Out for Delivery,1,4,14,AO219772,144,06:45,14:50,Sample Mate 035
2026-09-17,SA21WRZ,Crewe,18 Tonne,Out for Delivery,1,3,20,AO729716,102,06:45,16:05,
2026-09-17,SA24GMA,Crewe,18 Tonne,Out for Delivery,1,3,17,AO248736,128,05:30,12:20,Sample Mate 054
2026-09-17,SA23OGF,Crewe,18 Tonne,Out for Delivery,1,3,9,AO760281,107,07:15,16:35,
2026-09-17,SA22PGB,Crewe,18 Tonne,Stood Not Utilised,0,0,0,,,,,
2026-09-17,SA23XBN,Crewe,18 Tonne,Stood Not Utilised,0,0,0,,,,,
2026-09-17,SA25JZF,Crewe,18 Tonne,RELOAD PT 2,1,2,15,AO308123,153,06:15,17:50,Sample Mate 099
2026-09-17,SA21WJU,Crewe,18 Tonne,Stood,0,0,0,,,,,
2026-09-17,SA23SZG,Crewe,18 Tonne,RELOAD PT 2,1,1,16,AO315143,161,07:30,15:05,
2026-09-17,SA24LFW,Crewe,18 Tonne,Out for Delivery,1,3,8,AO912553,117,08:30,17:35,Sample Mate 103
2026-09-17,SA24BGW,Crewe,18 Tonne,Out for Delivery,1,0,18,AO571255,136,06:15,15:50,Sample Mate 084
2026-09-17,SA20HDT,Crewe,18 Tonne,Out for Delivery,1,4,14,AO284493,102,07:45,17:35,
2026-09-17,SA24ZOC,Crewe,18 Tonne,Out for Delivery,1,4,19,AO750847,196,08:00,16:35,
2026-09-17,SA21WAF,Crewe,18 Tonne,VOR,0,0,0,,,,,
2026-09-17,SA19PHM,Crewe,18 Tonne,Out for Delivery,1,4,14,AO813185,105,05:00,15:20,
2026-09-17,SA23HKU,Crewe,18 Tonne,VOR,0,0,0,,,,,
2026-09-17,SA24JXK,Crewe,18 Tonne,Out for Delivery,1,4,8,AO173221,181,05:30,15:35,Sample Mate 035
2026-09-17,SA20NYE,Crewe,18 Tonne,Out for Delivery,1,2,13,AO630708,148,08:00,16:50,
2026-09-17,SA22EPR,Crewe,18 Tonne,Out for Delivery,1,2,22,AO317806,127,07:45,18:50,
2026-09-17,SA19KPE,Crewe,18 Tonne,Out for Delivery,1,0,9,AO569804,153,05:00,13:05,Sample Mate 047
2026-09-17,SA24NCV,Crewe,18 Tonne,Out for Delivery,1,0,22,AO415844,172,05:15,14:05,Sample Mate 109
2026-09-17,SA22HMV,Crewe,18 Tonne,VOR,0,0,0,,,,,
2026-09-17,SA20ELG,Crewe,18 Tonne,Stood Not Utilised,0,0,0,,,,,
2026-09-17,SA24TDY,Crewe,18 Tonne,Out for Delivery,1,0,9,AO533211,136,08:15,15:20,Sample Mate 069
2026-09-17,SA19ACJ,Crewe,18 Tonne,Out for Delivery,1,1,20,AO331710,102,07:15,15:35,
2026-09-17,SA24BXM,Crewe,18 Tonne,VOR,0,0,0,,,,,
2026-09-17,SA19VRB,Crewe,18 Tonne,Stood Not Utilised,0,0,0,,,,,
2026-09-17,SA21CUB,Crossgreen,18 Tonne,Stood,0,0,0,,,,,
2026-09-17,SA20YCJ,Crossgreen,18 Tonne,Stood,0,0,0,,,,,
2026-09-17,SA23KDV,Crossgreen,18 Tonne,Out for Delivery,1,1,16,AO996902,199,06:45,17:50,
2026-09-17,SA22RWZ,Crossgreen,18 Tonne,Out for Delivery,1,4,8,AO451800,163,05:00,16:50,
2026-09-17,SA22YLB,Crossgreen,18 Tonne,Stood Not Utilised,0,0,0,,,,,
2026-09-17,SA19POX,Crossgreen,18 Tonne,Out for Delivery,1,4,8,AO574622,104,06:00,16:50,
2026-09-17,SA20BXX,Crossgreen,18 Tonne,VOR,0,0,0,,,,,
2026-09-17,SA19HYA,Crossgreen,18 Tonne,Stood Not Utilised,0,0,0,,,,,
2026-09-17,SA19SSO,Crossgreen,18 Tonne,Out for Delivery,1,4,8,AO920991,171,08:45,17:50,Sample Mate 057
2026-09-17,SA23PCT,Crossgreen,18 Tonne,Out for Delivery,1,0,11,AO268812,139,08:30,15:50,
2026-09-17,SA21NFS,Crossgreen,18 Tonne,Out for Delivery,1,2,14,AO219922,134,05:15,14:35,
2026-09-17,SA20JNH,Crossgreen,18 Tonne,VOR,0,0,0,,,,,
2026-09-17,SA25XAV,Crossgreen,18 Tonne,Out for Delivery,1,0,10,AO945225,109,07:45,17:35,Sample Mate 093
2026-09-17,SA21PAJ,Crossgreen,18 Tonne,VOR,0,0,0,,,,,
2026-09-17,SA22DFO,Crossgreen,18 Tonne,Out for Delivery,1,1,13,AO629442,184,06:30,16:35,Sample Mate 056
2026-09-17,SA19SJL,Stoke,18 Tonne,Out for Delivery,1,2,17,AO181634,186,06:45,13:20,
2026-09-17,SA24FEH,Stoke,18 Tonne,Stood,0,0,0,,,,,
2026-09-17,SA23ROA,Stoke,18 Tonne,Out for Delivery,1,4,12,AO994124,121,05:45,12:35,Sample Mate 031
2026-09-17,SA19SWS,Stoke,18 Tonne,Out for Delivery,1,0,12,AO347182,131,06:45,17:50,Sample Mate 018
2026-09-17,SA20BTE,Stoke,18 Tonne,Out for Delivery,1,0,21,AO641016,107,06:00,15:50,Sample Mate 013
2026-09-17,SA25SMM,Stoke,18 Tonne,Stood Not Utilised,0,0,0,,,,,
2026-09-18,SA22FEL,Crewe,3.5 Tonne,Out for Delivery,1,3,9,AO691712,138,06:30,15:50,
2026-09-18,SA21BEC,Crewe,3.5 Tonne,VOR,0,0,0,,,,,
2026-09-18,SA23FNN,Crewe,3.5 Tonne,Out for Delivery,1,3,20,AO700178,180,05:45,14:05,Sample Mate 017
2026-09-18,SA21EVW,Crewe,3.5 Tonne,Out for Delivery,1,3,9,AO756251,188,08:15,19:50,
2026-09-18,SA24GSA,Crewe,3.5 Tonne,VOR,0,0,0,,,,,
2026-09-18,SA25PMJ,Crewe,3.5 Tonne,Stood Not Utilised,0,0,0,,,,,
2026-09-18,SA23XMW,Crewe,3.5 Tonne,VOR,0,0,0,,,,,
2026-09-18,SA24PZB,Crewe,Hi-Cube,Stood Not Utilised,0,0,0,,,,,
2026-09-18,SA25FSF,Crewe,Hi-Cube,Out for Delivery,1,1,17,AO395913,131,08:15,17:35,Sample Mate 044
2026-09-18,SA25CZS,Crewe,Hi-Cube,RELOAD PT 2,1,3,18,AO587661,149,07:00,17:20,Sample Mate 101
2026-09-18,SA19MMT,Crewe,3.5 Tonne,Out for Delivery,1,2,10,AO313204,195,07:30,17:05,Sample Mate 037
2026-09-18,SA21ESV,Crewe,3.5 Tonne,Out for Delivery,1,4,18,AO159286,152,06:45,14:20,Sample Mate 034
2026-09-18,SA20NSO,Crewe,3.5 Tonne,VOR,0,0,0,,,,,
2026-09-18,SA21BXZ,Crewe,3.5 Tonne,Out for Delivery,1,0,22,AO753430,106,08:15,15:20,
2026-09-18,SA23UTA,Crewe,3.5 Tonne,Out for Delivery,1,2,10,AO518271,195,07:15,14:05,Sample Mate 054
2026-09-18,SA23COL,Crewe,3.5 Tonne,Stood Not Utilised,0,0,0,,,,,
2026-09-18,SA25UXO,Crewe,3.5 Tonne,Out for Delivery,1,4,22,AO559881,190,06:00,15:50,Sample Mate 103
2026-09-18,SA20RUO,Crewe,Hi-Cube,Out for Delivery,1,2,16,AO476866,177,06:00,16:05,
2026-09-18,SA24SKP,Crewe,Hi-Cube,Out for Delivery,1,1,14,AO270010,189,05:30,12:50,
2026-09-18,SA19FFM,Crewe,Hi-Cube,Stood Not Utilised,0,0,0,,,,,
2026-09-18,SA25YOG,Crewe,3.5 Tonne,Out for Delivery,1,3,15,AO839955,122,07:00,14:35,
2026-09-18,SA22POR,Crewe,3.5 Tonne,Out for Delivery,1,0,11,AO718356,193,08:15,16:50,
2026-09-18,SA23TKP,Crewe,3.5 Tonne,Stood Not Utilised,0,0,0,,,,,
2026-09-18,SA20PKF,Crewe,3.5 Tonne,Out for Delivery,1,4,21,AO445518,148,06:45,13:50,Sample Mate 034
2026-09-18,SA22YRV,Crewe,3.5 Tonne,RELOAD PT 2,1,2,11,AO299015,140,06:00,16:20,
2026-09-18,SA23SXC,Crewe,3.5 Tonne,VOR,0,0,0,,,,,
2026-09-18,SA20AFW,Crewe,3.5 Tonne,Stood,0,0,0,,,,,
2026-09-18,SA25ADF,Crewe,Hi-Cube,Out for Delivery,1,0,10,AO877245,156,07:45,18:35,
2026-09-18,SA24AMJ,Crewe,Hi-Cube,Out for Delivery,1,1,13,AO666020,158,07:00,17:20,Sample Mate 057
2026-09-18,SA21FFU,Crewe,Hi-Cube,Out for Delivery,1,3,14,AO531981,173,06:45,17:50,
2026-09-18,SA21BFL,Crewe,3.5 Tonne,Out for Delivery,1,3,19,AO411271,136,07:15,18:50,
2026-09-18,SA21ESA,Crewe,3.5 Tonne,Out for Delivery,1,0,22,AO545149,127,06:30,14:50,Sample Mate 098
2026-09-18,SA24WUV,Crewe,3.5 Tonne,VOR,0,0,0,,,,,
2026-09-18,SA19RJN,Crewe,3.5 Tonne,Out for Delivery,1,0,20,AO565215,140,06:45,16:20,Sample Mate 020
2026-09-18,SA19PLZ,Crewe,3.5 Tonne,Out for Delivery,1,4,15,AO955980,140,06:00,13:05,Sample Mate 086
2026-09-18,SA25EVK,Crewe,3.5 Tonne,Out for Delivery,1,1,18,AO117913,135,06:00,16:20,Sample Mate 110
2026-09-18,SA23UHR,Crewe,3.5 Tonne,Out for Delivery,1,3,20,AO153891,123,05:00,13:20,Sample Mate 006
2026-09-18,SA25UOZ,Crewe,Hi-Cube,Out for Delivery,1,3,18,AO177476,178,06:00,14:50,Sample Mate 035
2026-09-18,SA22ZAP,Crossgreen,Hi-Cube,VOR,0,0,0,,,,,
2026-09-18,SA20ZFK,Crossgreen,Hi-Cube,Out for Delivery,1,1,14,AO866261,116,05:00,13:20,Sample Mate 082
2026-09-18,SA19USJ,Crossgreen,3.5 Tonne,Out for Delivery,1,2,11,AO309494,144,06:45,16:50,
2026-09-18,SA19GOU,Crossgreen,3.5 Tonne,Stood Not Utilised,0,0,0,,,,,
2026-09-18,SA25UOT,Crossgreen,3.5 Tonne,Out for Delivery,1,1,13,AO524729,196,05:15,15:05,Sample Mate 035
2026-09-18,SA20PRE,Crossgreen,3.5 Tonne,VOR,0,0,0,,,,,
2026-09-18,SA21AFW,Crossgreen,3.5 Tonne,Stood Not Utilised,0,0,0,,,,,
2026-09-18,SA21JRF,Crossgreen,3.5 Tonne,Stood Not Utilised,0,0,0,,,,,
2026-09-18,SA20VRD,Crossgreen,3.5 Tonne,Out for Delivery,1,0,15,AO808762,159,07:00,16:35,
2026-09-18,SA22AHT,Crossgreen,Hi-Cube,Stood Not Utilised,0,0,0,,,,,
2026-09-18,SA23HJE,Crossgreen,Hi-Cube,Out for Delivery,1,4,17,AO492966,158,05:00,16:50,
2026-09-18,SA22JOZ,Crossgreen,Hi-Cube,Stood,0,0,0,,,,,
2026-09-18,SA19YDN,Crossgreen,3.5 Tonne,Out for Delivery,1,4,18,AO347872,184,05:15,15:20,
2026-09-18,SA24MMZ,Crossgreen,3.5 Tonne,Out for Delivery,1,1,8,AO897313,128,08:30,17:35,
2026-09-18,SA23ARK,Crossgreen,3.5 Tonne,Stood Not Utilised,0,0,0,,,,,
2026-09-18,SA21XRJ,Stoke,3.5 Tonne,Out for Delivery,1,2,10,AO914755,190,08:45,18:20,
2026-09-18,SA23DRC,Stoke,3.5 Tonne,Out for Delivery,1,1,21,AO816984,114,07:00,17:35,
2026-09-18,SA23XXA,Stoke,3.5 Tonne,Out for Delivery,1,1,19,AO724642,187,07:15,15:35,
2026-09-18,SA19VAW,Stoke,3.5 Tonne,RELOAD PT 2,1,0,12,AO909620,191,08:00,16:20,
2026-09-18,SA23YNF,Stoke,Hi-Cube,RELOAD PT 2,1,3,8,AO698152,136,06:00,17:35,
2026-09-18,SA21FDL,Stoke,Hi-Cube,Out for Delivery,1,4,11,AO457833,138,06:45,16:05,
2026-09-18,SA22MHK,Stoke,Hi-Cube,Out for Delivery,1,2,15,AO894742,179,05:30,12:20,Sample Mate 033
2026-09-18,SA25RNW,Stoke,3.5 Tonne,Out for Delivery,1,1,11,AO487725,197,05:30,15:50,
2026-09-18,SA25TSY,Stoke,3.5 Tonne,Stood Not Utilised,0,0,0,,,,,
2026-09-18,SA24NPG,Stoke,3.5 Tonne,VOR,0,0,0,,,,,
2026-09-18,SA21BRA,Stoke,3.5 Tonne,RELOAD PT 2,1,0,14,AO908207,189,08:30,19:05,
2026-09-18,SA25CSD,Stoke,3.5 Tonne,Out for Delivery,1,2,16,AO945043,192,06:30,13:35,
2026-09-18,SA24GWT,Stoke,3.5 Tonne,Out for Delivery,1,1,19,AO369035,156,06:30,16:05,
2026-09-18,SA24AMN,Exeter,3.5 Tonne,Out for Delivery,1,2,11,AO962976,149,08:30,18:05,
2026-09-18,SA24SMX,Exeter,Hi-Cube,Stood Not Utilised,0,0,0,,,,,
2026-09-18,SA24WMZ,Exeter,Hi-Cube,Out for Delivery,1,3,8,AO116533,106,06:15,17:50,Sample Mate 035
2026-09-18,SA24UFV,Exeter,Hi-Cube,RELOAD PT 2,1,0,21,AO579397,164,05:00,15:35,
2026-09-18,SA25WDM,Exeter,3.5 Tonne,Out for Delivery,1,1,16,AO859036,124,08:15,17:50,
2026-09-18,SA19DYL,Exeter,3.5 Tonne,VOR,0,0,0,,,,,
2026-09-18,SA19OPM,Exeter,3.5 Tonne,Out for Delivery,1,2,16,AO566977,141,07:00,17:20,Sample Mate 093
2026-09-18,SA25SMG,Exeter,3.5 Tonne,VOR,0,0,0,,,,,
2026-09-18,SA25WWS,Exeter,3.5 Tonne,Stood Not Utilised,0,0,0,,,,,
2026-09-18,SA23HNP,Exeter,3.5 Tonne,Out for Delivery,1,3,15,AO769382,156,06:00,15:35,Sample Mate 058
2026-09-18,SA19GFS,Exeter,3.5 Tonne,Out for Delivery,1,0,15,AO778048,195,06:45,14:50,
2026-09-18,SA24FJS,Exeter,Hi-Cube,Out for Delivery,1,1,10,AO910532,135,06:00,17:05,Sample Mate 060
2026-09-18,SA22GUR,Coventry,Hi-Cube,Out for Delivery,1,2,21,AO277851,106,08:15,19:50,Sample Mate 106
2026-09-18,SA19YFZ,Coventry,Hi-Cube,Out for Delivery,1,4,9,AO207227,113,06:15,16:20,Sample Mate 108
2026-09-18,SA21GLC,Coventry,3.5 Tonne,Out for Delivery,1,0,11,AO588244,178,05:30,16:20,
2026-09-18,SA24SCS,Coventry,3.5 Tonne,Out for Delivery,1,0,19,AO846311,125,06:45,17:20,
2026-09-18,SA21SHH,Coventry,3.5 Tonne,Stood Not Utilised,0,0,0,,,,,
2026-09-18,SA25KHM,Coventry,3.5 Tonne,Out for Delivery,1,3,16,AO459991,118,08:45,18:50,
2026-09-18,SA25GSY,Coventry,3.5 Tonne,Out for Delivery,1,4,16,AO272155,166,06:00,14:50,
2026-09-18,SA25XLB,Coventry,3.5 Tonne,Stood Not Utilised,0,0,0,,,,,
2026-09-18,SA19OVF,Coventry,3.5 Tonne,Out for Delivery,1,3,16,AO369393,147,05:30,15:05,
2026-09-18,SA20FYM,Coventry,Hi-Cube,Out for Delivery,1,0,9,AO712019,151,08:45,17:05,
2026-09-18,SA23YCJ,Coventry,Hi-Cube,Out for Delivery,1,1,21,AO616775,141,06:00,17:50,
2026-09-18,SA25XHM,Potters-Bar,Hi-Cube,Stood Not Utilised,0,0,0,,,,,
2026-09-18,SA21PDJ,Potters-Bar,3.5 Tonne,Out for Delivery,1,4,18,AO949477,184,05:45,13:35,Sample Mate 006
2026-09-18,SA22YAV,Potters-Bar,3.5 Tonne,VOR,0,0,0,,,,,
2026-09-18,SA24THH,Potters-Bar,3.5 Tonne,Stood,0,0,0,,,,,
2026-09-18,SA23LVT,Potters-Bar,3.5 Tonne,Out for Delivery,1,1,11,AO719863,179,06:15,13:35,
2026-09-18,SA19KZK,Potters-Bar,3.5 Tonne,Out for Delivery,1,2,10,AO539185,106,07:30,14:20,Sample Mate 095
2026-09-18,SA25AEV,Potters-Bar,3.5 Tonne,Stood Not Utilised,0,0,0,,,,,
2026-09-18,SA23ZPM,Potters-Bar,3.5 Tonne,Stood Not Utilised,0,0,0,,,,,
2026-09-18,SA19ACC,Potters-Bar,Hi-Cube,Stood,0,0,0,,,,,
2026-09-18,SA22NVA,Potters-Bar,Hi-Cube,Out for Delivery,1,0,20,AO581833,194,08:15,17:35,Sample Mate 093
2026-09-18,SA20DXH,Potters-Bar,Hi-Cube,Out for Delivery,1,0,8,AO973936,112,05:15,14:35,Sample Mate 067
2026-09-18,SA24UHX,Gravesend,3.5 Tonne,Stood Not Utilised,0,0,0,,,,,
2026-09-18,SA22LMX,Gravesend,3.5 Tonne,VOR,0,0,0,,,,,
2026-09-18,SA19XZP,Gravesend,3.5 Tonne,Out for Delivery,1,3,9,AO939097,110,06:45,13:35,Sample Mate 120
2026-09-18,SA24FRA,Gravesend,3.5 Tonne,Stood,0,0,0,,,,,
2026-09-18,SA20OTF,Gravesend,3.5 Tonne,Out for Delivery,1,0,20,AO482851,164,07:45,17:05,Sample Mate 097
2026-09-18,SA25PHP,Gravesend,3.5 Tonne,Out for Delivery,1,0,22,AO209255,133,06:30,14:05,Sample Mate 012
2026-09-18,SA19PHZ,Gravesend,3.5 Tonne,Out for Delivery,1,3,14,AO936526,109,08:15,19:20,Sample Mate 057
2026-09-18,SA24MXA,Gravesend,Hi-Cube,Out for Delivery,1,2,17,AO235696,105,07:30,17:20,
2026-09-18,SA21YAK,Gravesend,Hi-Cube,Stood,0,0,0,,,,,
2026-09-18,SA21SAN,Gravesend,Hi-Cube,Stood Not Utilised,0,0,0,,,,,
2026-09-18,SA19MMF,Gravesend,3.5 Tonne,RELOAD PT 2,1,4,21,AO433214,195,05:00,12:50,
2026-09-18,SA25CYG,Yaxley,3.5 Tonne,RELOAD PT 2,1,4,12,AO132258,124,08:15,18:05,
2026-09-18,SA19RBJ,Yaxley,3.5 Tonne,Stood Not Utilised,0,0,0,,,,,
2026-09-18,SA23OLT,Yaxley,3.5 Tonne,Stood Not Utilised,0,0,0,,,,,
2026-09-18,SA21RES,Yaxley,3.5 Tonne,Out for Delivery,1,3,22,AO478604,196,05:00,14:50,Sample Mate 037
2026-09-18,SA25DNN,Yaxley,3.5 Tonne,Out for Delivery,1,2,15,AO867750,165,05:00,16:35,Sample Mate 075
2026-09-18,SA20SHU,Yaxley,3.5 Tonne,Out for Delivery,1,4,14,AO482276,123,06:45,17:50,Sample Mate 034
2026-09-18,SA19BBM,Yaxley,Hi-Cube,Stood,0,0,0,,,,,
2026-09-18,SA25GYJ,Yaxley,Hi-Cube,Out for Delivery,1,1,10,AO270771,104,05:00,12:35,Sample Mate 069
2026-09-18,SA24WTN,Yaxley,Hi-Cube,Out for Delivery,1,1,11,AO481573,153,08:15,15:35,
2026-09-18,SA24TKC,Yaxley,3.5 Tonne,Stood Not Utilised,0,0,0,,,,,
2026-09-18,SA25PNC,Luton,3.5 Tonne,Stood Not Utilised,0,0,0,,,,,
2026-09-18,SA24VEA,Luton,3.5 Tonne,VOR,0,0,0,,,,,
2026-09-18,SA25DWU,Luton,3.5 Tonne,Out for Delivery,1,1,21,AO550023,154,07:00,18:20,
2026-09-18,SA21COD,Luton,3.5 Tonne,RELOAD PT 2,1,4,12,AO552084,108,07:30,17:35,
2026-09-18,SA23JZM,Luton,3.5 Tonne,Out for Delivery,1,2,15,AO673984,163,05:30,15:35,Sample Mate 006
2026-09-18,SA24WRX,Luton,3.5 Tonne,Stood Not Utilised,0,0,0,,,,,
2026-09-18,SA24YRO,Luton,Hi-Cube,Out for Delivery,1,2,22,AO422818,114,06:30,16:50,
2026-09-18,SA24JAR,Luton,Hi-Cube,Out for Delivery,1,4,17,AO116633,121,06:15,17:05,Sample Mate 100
2026-09-18,SA21ZOF,Luton,Hi-Cube,Stood,0,0,0,,,,,
2026-09-18,SA22UKH,Luton,3.5 Tonne,Stood Not Utilised,0,0,0,,,,,
2026-09-18,SA24UPH,Newport,3.5 Tonne,Out for Delivery,1,1,16,AO555599,140,08:45,16:05,
2026-09-18,SA20JBR,Newport,3.5 Tonne,Out for Delivery,1,4,8,AO754864,190,06:00,14:35,
2026-09-18,SA21HEE,Newport,3.5 Tonne,VOR,0,0,0,,,,,
2026-09-18,SA22DKA,Newport,3.5 Tonne,Out for Delivery,1,0,8,AO919250,186,07:00,18:35,
2026-09-18,SA23RTM,Newport,3.5 Tonne,Stood,0,0,0,,,,,
2026-09-18,SA21ZWR,Newport,3.5 Tonne,VOR,0,0,0,,,,,
2026-09-18,SA25PPX,Newport,Hi-Cube,Stood Not Utilised,0,0,0,,,,,
2026-09-18,SA25EXC,Newport,Hi-Cube,Out for Delivery,1,1,13,AO679339,179,05:00,12:50,Sample Mate 038
2026-09-18,SA22CFE,Newport,Hi-Cube,Out for Delivery,1,3,13,AO372085,175,08:15,15:35,Sample Mate 002
2026-09-18,SA25XMM,Newport,3.5 Tonne,VOR,0,0,0,,,,,
2026-09-18,SA24NGE,Spennymoor,3.5 Tonne,Stood,0,0,0,,,,,
2026-09-18,SA23LNH,Spennymoor,3.5 Tonne,Out for Delivery,1,3,21,AO799618,113,07:45,16:35,Sample Mate 040
2026-09-18,SA19BPJ,Spennymoor,3.5 Tonne,Out for Delivery,1,4,12,AO363931,158,07:00,14:50,
2026-09-18,SA25ZKJ,Spennymoor,3.5 Tonne,Out for Delivery,1,2,13,AO462668,197,06:00,16:05,
2026-09-18,SA20WKR,Spennymoor,3.5 Tonne,Out for Delivery,1,3,14,AO502766,139,06:00,13:20,Sample Mate 067
2026-09-18,SA23OJS,Spennymoor,3.5 Tonne,Out for Delivery,1,0,16,AO640785,147,08:00,18:35,
2026-09-18,SA25EED,Spennymoor,Hi-Cube,Out for Delivery,1,3,22,AO133277,165,07:45,14:05,
2026-09-18,SA22SNJ,Spennymoor,Hi-Cube,Stood,0,0,0,,,,,
2026-09-18,SA23ELF,Spennymoor,Hi-Cube,Out for Delivery,1,3,12,AO729902,168,08:15,16:20,Sample Mate 031
2026-09-18,SA22YHZ,Spennymoor,3.5 Tonne,Out for Delivery,1,1,17,AO695792,176,06:45,17:05,
2026-09-18,SA21GKN,Dundee,3.5 Tonne,Stood Not Utilised,0,0,0,,,,,
2026-09-18,SA25EAJ,Dundee,3.5 Tonne,Stood Not Utilised,0,0,0,,,,,
2026-09-18,SA19JDA,Dundee,3.5 Tonne,Out for Delivery,1,3,8,AO898785,127,08:30,16:35,
2026-09-18,SA22ROJ,Dundee,3.5 Tonne,Out for Delivery,1,0,22,AO223565,125,06:30,17:50,Sample Mate 070
2026-09-18,SA22DKF,Dundee,3.5 Tonne,Out for Delivery,1,2,16,AO992046,184,05:30,16:50,
2026-09-18,SA21BZA,Dundee,3.5 Tonne,Stood Not Utilised,0,0,0,,,,,
2026-09-18,SA23RHZ,Dundee,Hi-Cube,Stood Not Utilised,0,0,0,,,,,
2026-09-18,SA24HUJ,Dundee,Hi-Cube,Out for Delivery,1,0,8,AO636677,157,08:00,18:50,Sample Mate 013
2026-09-18,SA24XPF,Dundee,Hi-Cube,RELOAD PT 2,1,1,13,AO597348,113,05:00,14:05,Sample Mate 024
2026-09-18,SA21CCO,Crawley,3.5 Tonne,Out for Delivery,1,2,8,AO227788,187,07:00,17:35,
2026-09-18,SA22YMS,Crawley,3.5 Tonne,Out for Delivery,1,2,20,AO234161,106,06:15,15:35,Sample Mate 025
2026-09-18,SA23TCW,Crawley,3.5 Tonne,Out for Delivery,1,0,16,AO136460,105,07:15,17:35,Sample Mate 120
2026-09-18,SA23LTT,Crawley,3.5 Tonne,Stood Not Utilised,0,0,0,,,,,
2026-09-18,SA20CXC,Crawley,3.5 Tonne,Out for Delivery,1,2,16,AO274720,189,08:45,17:50,Sample Mate 040
2026-09-18,SA22KZH,Crawley,3.5 Tonne,Out for Delivery,1,1,13,AO873345,116,08:45,16:35,Sample Mate 104
2026-09-18,SA24SVW,Crawley,3.5 Tonne,Out for Delivery,1,0,10,AO857338,159,05:45,15:50,Sample Mate 058
2026-09-18,SA22CFJ,Crawley,Hi-Cube,Stood,0,0,0,,,,,
2026-09-18,SA21CEN,Heywood,Hi-Cube,Out for Delivery,1,3,14,AO997212,198,06:00,17:20,Sample Mate 085
2026-09-18,SA23SWZ,Heywood,Hi-Cube,Out for Delivery,1,1,14,AO726816,162,07:45,16:05,Sample Mate 113
2026-09-18,SA22LUM,Heywood,3.5 Tonne,Out for Delivery,1,4,12,AO730116,180,06:45,16:20,
2026-09-18,SA25KXF,Heywood,3.5 Tonne,Out for Delivery,1,2,20,AO612049,135,07:15,17:35,Sample Mate 040
2026-09-18,SA24WUX,Heywood,3.5 Tonne,Out for Delivery,1,3,9,AO420645,153,06:00,15:05,Sample Mate 021
2026-09-18,SA19GHF,Heywood,3.5 Tonne,Stood,0,0,0,,,,,
2026-09-18,SA21VAL,Heywood,3.5 Tonne,Out for Delivery,1,2,13,AO353833,185,07:15,15:35,Sample Mate 046
2026-09-18,SA23BVR,Heywood,3.5 Tonne,Stood,0,0,0,,,,,
2026-09-18,SA24UTB,Larkhall,3.5 Tonne,Out for Delivery,1,4,14,AO478623,174,08:00,17:35,Sample Mate 048
2026-09-18,SA19AAK,Larkhall,Hi-Cube,Stood Not Utilised,0,0,0,,,,,
2026-09-18,SA19FOW,Larkhall,Hi-Cube,Out for Delivery,1,2,10,AO940181,158,08:45,16:50,
2026-09-18,SA19MYE,Larkhall,Hi-Cube,Out for Delivery,1,2,19,AO904008,119,05:45,16:50,
2026-09-18,SA19SSR,Larkhall,3.5 Tonne,Out for Delivery,1,4,16,AO659474,103,07:00,18:35,Sample Mate 018
2026-09-18,SA20SBV,Larkhall,3.5 Tonne,Out for Delivery,1,0,19,AO559710,128,08:00,17:05,
2026-09-18,SA21JDG,Larkhall,3.5 Tonne,Stood Not Utilised,0,0,0,,,,,
2026-09-18,SA25OEB,Basildon,3.5 Tonne,Stood,0,0,0,,,,,
2026-09-18,SA20DZU,Basildon,3.5 Tonne,Stood,0,0,0,,,,,
2026-09-18,SA19XOT,Basildon,3.5 Tonne,Out for Delivery,1,1,16,AO610074,154,06:30,13:35,Sample Mate 024
2026-09-18,SA21FMO,Basildon,3.5 Tonne,VOR,0,0,0,,,,,
2026-09-18,SA24GBF,Basildon,Hi-Cube,Stood Not Utilised,0,0,0,,,,,
2026-09-18,SA25RNO,Basildon,Hi-Cube,Stood Not Utilised,0,0,0,,,,,
2026-09-18,SA19XZU,Outside HDV Network,Hi-Cube,Out for Delivery,1,1,13,AO907391,119,06:45,15:20,Sample Mate 046
2026-09-18,SA19LMO,Outside HDV Network,3.5 Tonne,Out for Delivery,1,1,11,AO464323,153,07:15,16:20,
2026-09-18,SA24CXH,Outside HDV Network,3.5 Tonne,RELOAD PT 2,1,1,8,AO265343,101,08:15,16:20,
2026-09-18,SA24ACZ,Outside HDV Network,3.5 Tonne,Out for Delivery,1,1,11,AO972174,107,06:30,14:20,
2026-09-18,SA20EXZ,Fareham,3.5 Tonne,Out for Delivery,1,4,19,AO420963,115,06:30,14:20,
2026-09-18,SA21GBX,Fareham,3.5 Tonne,Out for Delivery,1,4,15,AO252216,162,05:00,12:35,
2026-09-18,SA19LNB,Fareham,3.5 Tonne,VOR,0,0,0,,,,,
2026-09-18,SA19PGR,Fareham,3.5 Tonne,Out for Delivery,1,4,8,AO152149,138,08:00,18:50,Sample Mate 028
2026-09-18,SA19WEJ,Avonmouth,Hi-Cube,RELOAD PT 2,1,2,17,AO801111,121,08:15,17:50,
2026-09-18,SA22DLG,Avonmouth,Hi-Cube,Stood,0,0,0,,,,,
2026-09-18,SA24FWY,Avonmouth,Hi-Cube,Out for Delivery,1,0,14,AO101056,178,05:45,14:35,
2026-09-18,SA23LBS,Crewe,3.5 Tonne,Out for Delivery,1,4,18,AO609122,117,08:15,19:20,
2026-09-18,SA25BSS,Crewe,3.5 Tonne,Out for Delivery,1,4,9,AO120947,128,07:30,15:50,
2026-09-18,SA20FBH,Crewe,3.5 Tonne,Stood Not Utilised,0,0,0,,,,,
2026-09-18,SA22TSZ,Crewe,3.5 Tonne,Out for Delivery,1,0,11,AO205684,118,05:15,12:05,
2026-09-18,SA25DST,Crewe,3.5 Tonne,Out for Delivery,1,0,18,AO929541,170,06:00,17:35,Sample Mate 031
2026-09-18,SA25XEN,Crewe,3.5 Tonne,Out for Delivery,1,0,22,AO280359,127,05:30,12:20,Sample Mate 081
2026-09-18,SA23BYE,Crewe,3.5 Tonne,VOR,0,0,0,,,,,
2026-09-18,SA19MRR,Crewe,Hi-Cube,Out for Delivery,1,1,12,AO269319,123,06:00,15:20,Sample Mate 074
2026-09-18,SA24DLU,Crewe,Hi-Cube,Stood Not Utilised,0,0,0,,,,,
2026-09-18,SA25YOS,Crewe,Hi-Cube,Out for Delivery,1,2,22,AO424018,157,06:15,17:05,
2026-09-18,SA19JFP,Crewe,3.5 Tonne,Out for Delivery,1,0,9,AO299701,151,06:15,15:20,
2026-09-18,SA25VBZ,Crewe,3.5 Tonne,Out for Delivery,1,0,22,AO759111,106,06:30,15:20,
2026-09-18,SA19CNH,Crewe,3.5 Tonne,Out for Delivery,1,0,17,AO941454,120,05:00,16:05,Sample Mate 120
2026-09-18,SA21DSL,Crewe,3.5 Tonne,Out for Delivery,1,4,19,AO454270,176,07:30,17:35,Sample Mate 014
2026-09-18,SA20UEE,Crewe,3.5 Tonne,VOR,0,0,0,,,,,
2026-09-18,SA19YDC,Crewe,3.5 Tonne,Out for Delivery,1,2,14,AO931346,178,06:45,17:05,Sample Mate 064
2026-09-18,SA22BPZ,Crewe,3.5 Tonne,Out for Delivery,1,4,20,AO940447,157,06:45,15:50,
2026-09-18,SA23JPZ,Crewe,Hi-Cube,Out for Delivery,1,1,9,AO366739,187,06:45,13:05,
2026-09-18,SA19ECR,Crewe,Hi-Cube,Out for Delivery,1,2,20,AO243702,114,08:15,15:35,Sample Mate 086
2026-09-18,SA21HCL,Crewe,Hi-Cube,Out for Delivery,1,3,11,AO685690,142,08:30,15:20,
2026-09-18,SA25FMP,Crewe,3.5 Tonne,Stood,0,0,0,,,,,
2026-09-18,SA20CBD,Crewe,3.5 Tonne,Out for Delivery,1,3,13,AO695818,159,07:30,17:50,Sample Mate 094
2026-09-18,SA22BVF,Crewe,3.5 Tonne,Out for Delivery,1,2,12,AO608476,151,06:15,13:20,Sample Mate 057
2026-09-18,SA24UTV,Crewe,3.5 Tonne,Out for Delivery,1,3,22,AO473184,165,05:45,13:05,Sample Mate 008
2026-09-18,SA19UEA,Crewe,3.5 Tonne,Out for Delivery,1,0,12,AO541817,130,05:45,15:05,
2026-09-18,SA19NNF,Crewe,3.5 Tonne,Stood Not Utilised,0,0,0,,,,,
2026-09-18,SA25GBJ,Crewe,3.5 Tonne,Out for Delivery,1,3,17,AO978570,154,06:15,16:20,Sample Mate 073
2026-09-18,SA24DKG,Crewe,Hi-Cube,Out for Delivery,1,2,11,AO583261,157,05:15,16:20,
2026-09-18,SA25FXR,Crewe,Hi-Cube,Out for Delivery,1,4,12,AO401490,185,05:15,13:50,
2026-09-18,SA25GPM,Crewe,Hi-Cube,Out for Delivery,1,1,12,AO168029,157,06:15,16:35,
2026-09-18,SA20NMS,Crewe,3.5 Tonne,Out for Delivery,1,3,15,AO697631,106,05:45,12:20,
2026-09-18,SA21UZE,Crewe,3.5 Tonne,Out for Delivery,1,4,19,AO486520,161,06:15,13:50,Sample Mate 053
2026-09-18,SA19ZOT,Crewe,3.5 Tonne,Out for Delivery,1,2,13,AO954276,131,06:00,17:50,
2026-09-18,SA21UZJ,Crewe,3.5 Tonne,Out for Delivery,1,3,16,AO591698,198,08:00,16:05,
2026-09-18,SA19TOW,Crewe,3.5 Tonne,Out for Delivery,1,1,13,AO188049,196,06:15,14:35,Sample Mate 104
2026-09-18,SA21DLX,Crewe,3.5 Tonne,Out for Delivery,1,0,20,AO648656,114,07:15,17:05,
2026-09-18,SA22MAN,Crewe,3.5 Tonne,Out for Delivery,1,4,11,AO600825,158,07:45,18:50,
2026-09-18,SA20VGF,Crewe,Hi-Cube,RELOAD PT 2,1,2,18,AO971596,142,08:30,15:05,Sample Mate 023
2026-09-18,SA19XLS,Crossgreen,Hi-Cube,Stood Not Utilised,0,0,0,,,,,
2026-09-18,SA21ZDO,Crossgreen,Hi-Cube,VOR,0,0,0,,,,,
2026-09-18,SA21CHE,Crossgreen,3.5 Tonne,Out for Delivery,1,0,13,AO604195,115,07:30,16:05,
2026-09-18,SA23DFF,Crossgreen,3.5 Tonne,VOR,0,0,0,,,,,
2026-09-18,SA19NED,Crossgreen,3.5 Tonne,RELOAD PT 2,1,0,12,AO780579,156,05:00,15:05,
2026-09-18,SA19NWX,Crossgreen,3.5 Tonne,Out for Delivery,1,4,8,AO792757,145,08:00,17:35,
2026-09-18,SA25CNY,Crossgreen,3.5 Tonne,Out for Delivery,1,0,10,AO643482,147,05:15,16:05,Sample Mate 007
2026-09-18,SA23CDN,Crossgreen,3.5 Tonne,Out for Delivery,1,3,21,AO141463,180,06:30,13:50,Sample Mate 100
2026-09-18,SA19LOX,Crossgreen,3.5 Tonne,Out for Delivery,1,2,20,AO648965,104,06:30,14:05,
2026-09-18,SA25CCF,Crossgreen,Hi-Cube,VOR,0,0,0,,,,,
2026-09-18,SA23PMY,Crossgreen,Hi-Cube,VOR,0,0,0,,,,,
2026-09-18,SA20YRS,Crossgreen,Hi-Cube,Out for Delivery,1,3,9,AO821328,132,07:15,16:35,
2026-09-18,SA23SMA,Crossgreen,3.5 Tonne,VOR,0,0,0,,,,,
2026-09-18,SA19XKN,Crossgreen,3.5 Tonne,Out for Delivery,1,3,18,AO134407,162,06:00,16:35,
2026-09-18,SA21VER,Crossgreen,3.5 Tonne,Stood Not Utilised,0,0,0,,,,,
2026-09-18,SA19TVB,Stoke,3.5 Tonne,Out for Delivery,1,2,14,AO525398,190,05:00,13:20,Sample Mate 050
2026-09-18,SA22UUP,Stoke,3.5 Tonne,RELOAD PT 2,1,0,12,AO682244,108,05:15,16:05,Sample Mate 092
2026-09-18,SA21UZD,Stoke,3.5 Tonne,Out for Delivery,1,2,12,AO215222,160,08:00,16:35,
2026-09-18,SA21CDW,Stoke,3.5 Tonne,Out for Delivery,1,3,14,AO347914,155,08:00,15:50,Sample Mate 091
2026-09-18,SA21LRE,Stoke,Hi-Cube,Out for Delivery,1,4,22,AO230989,180,06:15,17:20,
2026-09-18,SA20WLB,Stoke,Hi-Cube,Stood Not Utilised,0,0,0,,,,,
2026-09-18,SA24NET,Stoke,Hi-Cube,Out for Delivery,1,0,13,AO957958,169,07:30,15:50,
2026-09-18,SA23ZOM,Stoke,3.5 Tonne,Out for Delivery,1,4,16,AO655067,140,06:15,13:50,
2026-09-18,SA25WUH,Stoke,3.5 Tonne,VOR,0,0,0,,,,,
2026-09-18,SA20GUD,Stoke,3.5 Tonne,Out for Delivery,1,3,18,AO485724,130,05:00,14:50,Sample Mate 048
2026-09-18,SA24ZYS,Stoke,3.5 Tonne,VOR,0,0,0,,,,,
2026-09-18,SA19LBV,Stoke,3.5 Tonne,Out for Delivery,1,3,17,AO961284,190,06:00,13:50,Sample Mate 039
2026-09-18,SA19KFD,Stoke,3.5 Tonne,Out for Delivery,1,0,18,AO361992,132,06:45,14:05,Sample Mate 104
2026-09-18,SA23BZY,Exeter,3.5 Tonne,Stood Not Utilised,0,0,0,,,,,
2026-09-18,SA19ZDR,Exeter,Hi-Cube,Out for Delivery,1,3,18,AO253212,114,06:30,17:35,
2026-09-18,SA19JLV,Exeter,Hi-Cube,Stood Not Utilised,0,0,0,,,,,
2026-09-18,SA20HPY,Exeter,Hi-Cube,Out for Delivery,1,4,19,AO806856,195,07:15,14:20,
2026-09-18,SA22EVO,Exeter,3.5 Tonne,Out for Delivery,1,0,11,AO186978,111,08:00,16:35,
2026-09-18,SA24CLV,Exeter,3.5 Tonne,Stood Not Utilised,0,0,0,,,,,
2026-09-18,SA22TYE,Exeter,3.5 Tonne,Out for Delivery,1,3,11,AO882014,161,06:15,16:20,
2026-09-18,SA21ALE,Exeter,3.5 Tonne,Stood Not Utilised,0,0,0,,,,,
2026-09-18,SA20DZV,Exeter,3.5 Tonne,Out for Delivery,1,2,9,AO947764,167,08:30,19:20,Sample Mate 067
2026-09-18,SA19TKZ,Exeter,3.5 Tonne,Out for Delivery,1,2,18,AO458134,116,08:45,16:20,Sample Mate 085
2026-09-18,SA24UBW,Exeter,3.5 Tonne,VOR,0,0,0,,,,,
2026-09-18,SA22DLT,Exeter,Hi-Cube,Out for Delivery,1,2,15,AO659203,102,05:30,15:05,Sample Mate 106
2026-09-18,SA20AMK,Coventry,Hi-Cube,Stood Not Utilised,0,0,0,,,,,
2026-09-18,SA20TRB,Coventry,Hi-Cube,Out for Delivery,1,3,16,AO111712,109,06:45,16:35,Sample Mate 033
2026-09-18,SA21YHN,Coventry,3.5 Tonne,RELOAD PT 2,1,1,17,AO709346,109,06:00,16:05,
2026-09-18,SA25OFL,Coventry,3.5 Tonne,Out for Delivery,1,1,14,AO170586,199,06:15,15:05,Sample Mate 062
2026-09-18,SA25GVF,Coventry,3.5 Tonne,Out for Delivery,1,3,14,AO668526,198,06:45,16:35,Sample Mate 063
2026-09-18,SA25HHH,Coventry,3.5 Tonne,Out for Delivery,1,1,15,AO142942,153,06:00,16:35,
2026-09-18,SA22UNE,Coventry,3.5 Tonne,VOR,0,0,0,,,,,
2026-09-18,SA23JZS,Coventry,3.5 Tonne,Out for Delivery,1,2,14,AO433610,178,05:45,12:05,
2026-09-18,SA22BPB,Coventry,3.5 Tonne,Stood,0,0,0,,,,,
2026-09-18,SA25ARM,Coventry,Hi-Cube,Stood Not Utilised,0,0,0,,,,,
2026-09-18,SA22WDT,Coventry,Hi-Cube,Out for Delivery,1,0,14,AO538514,192,07:15,18:20,Sample Mate 047
2026-09-18,SA22MSC,Potters-Bar,Hi-Cube,Stood Not Utilised,0,0,0,,,,,
2026-09-18,SA22ZWZ,Potters-Bar,3.5 Tonne,Out for Delivery,1,2,17,AO738358,141,06:30,13:20,Sample Mate 011
2026-09-18,SA23RZJ,Potters-Bar,3.5 Tonne,Out for Delivery,1,4,16,AO322257,170,08:30,16:50,Sample Mate 068
2026-09-18,SA22OTU,Potters-Bar,3.5 Tonne,Out for Delivery,1,2,8,AO241043,137,06:15,14:20,
2026-09-18,SA21FCH,Potters-Bar,3.5 Tonne,VOR,0,0,0,,,,,
2026-09-18,SA20PCO,Potters-Bar,3.5 Tonne,RELOAD PT 2,1,1,13,AO380405,109,05:15,15:35,
2026-09-18,SA25BFB,Potters-Bar,3.5 Tonne,Stood Not Utilised,0,0,0,,,,,
2026-09-18,SA19DRJ,Potters-Bar,3.5 Tonne,Out for Delivery,1,1,18,AO414104,164,06:15,13:50,Sample Mate 016
2026-09-18,SA23EWM,Potters-Bar,Hi-Cube,Stood,0,0,0,,,,,
2026-09-18,SA20UTN,Potters-Bar,Hi-Cube,Stood Not Utilised,0,0,0,,,,,
2026-09-18,SA21VHW,Potters-Bar,Hi-Cube,Stood Not Utilised,0,0,0,,,,,
2026-09-18,SA24EGM,Gravesend,3.5 Tonne,Stood,0,0,0,,,,,
2026-09-18,SA20USA,Gravesend,3.5 Tonne,Stood Not Utilised,0,0,0,,,,,
2026-09-18,SA21DKO,Gravesend,3.5 Tonne,Stood Not Utilised,0,0,0,,,,,
2026-09-18,SA21VKR,Gravesend,3.5 Tonne,Out for Delivery,1,2,16,AO795458,149,07:45,15:05,
2026-09-18,SA24WSV,Gravesend,3.5 Tonne,Out for Delivery,1,3,13,AO993935,137,06:15,13:05,
2026-09-18,SA22TVT,Gravesend,3.5 Tonne,Out for Delivery,1,0,20,AO205991,155,06:00,16:50,
2026-09-18,SA22OKR,Gravesend,3.5 Tonne,RELOAD PT 2,1,3,21,AO298232,194,05:15,14:20,
2026-09-18,SA24YXV,Gravesend,Hi-Cube,Out for Delivery,1,3,13,AO597202,168,06:30,15:35,
2026-09-18,SA23ZEG,Gravesend,Hi-Cube,Out for Delivery,1,4,17,AO707157,186,06:15,15:20,Sample Mate 029
2026-09-18,SA25HWN,Gravesend,Hi-Cube,RELOAD PT 2,1,3,10,AO813425,175,06:45,14:50,
2026-09-18,SA23HXN,Gravesend,3.5 Tonne,RELOAD PT 2,1,0,11,AO457073,162,06:00,14:50,
2026-09-18,SA20CKP,Yaxley,3.5 Tonne,Out for Delivery,1,1,19,AO823812,128,06:15,14:20,Sample Mate 068
2026-09-18,SA22NUY,Yaxley,3.5 Tonne,Out for Delivery,1,0,19,AO895038,123,08:45,16:50,Sample Mate 026
2026-09-18,SA25DXX,Yaxley,3.5 Tonne,Out for Delivery,1,1,9,AO217962,194,08:45,16:50,
2026-09-18,SA20TPF,Yaxley,3.5 Tonne,Out for Delivery,1,3,14,AO881190,118,07:30,18:50,
2026-09-18,SA20JNS,Yaxley,3.5 Tonne,Stood,0,0,0,,,,,
2026-09-18,SA21LKC,Yaxley,3.5 Tonne,VOR,0,0,0,,,,,
2026-09-18,SA23CEV,Yaxley,Hi-Cube,Out for Delivery,1,4,20,AO437514,175,05:45,15:35,
2026-09-18,SA19TEY,Yaxley,Hi-Cube,Out for Delivery,1,4,22,AO331706,186,06:15,16:05,Sample Mate 012
2026-09-18,SA23VWZ,Yaxley,Hi-Cube,Out for Delivery,1,3,21,AO670467,156,06:00,13:50,Sample Mate 115
2026-09-18,SA23YPM,Yaxley,3.5 Tonne,Out for Delivery,1,1,9,AO744545,132,07:45,16:05,
2026-09-18,SA21CTP,Luton,3.5 Tonne,Out for Delivery,1,1,22,AO116251,192,08:30,18:20,
2026-09-18,SA20HOW,Luton,3.5 Tonne,Out for Delivery,1,3,17,AO810360,103,06:45,17:50,Sample Mate 085
2026-09-18,SA23XGS,Luton,3.5 Tonne,VOR,0,0,0,,,,,
2026-09-18,SA25FZR,Luton,3.5 Tonne,Out for Delivery,1,2,13,AO546042,127,05:30,16:50,Sample Mate 024
2026-09-18,SA24TBJ,Luton,3.5 Tonne,Out for Delivery,1,1,22,AO188179,120,06:00,14:50,Sample Mate 051
2026-09-18,SA21RWX,Luton,3.5 Tonne,Out for Delivery,1,4,9,AO419834,102,06:30,16:20,
2026-09-18,SA25ZDS,Luton,Hi-Cube,Out for Delivery,1,2,20,AO959021,169,05:30,16:50,Sample Mate 001
2026-09-18,SA21BSM,Luton,Hi-Cube,Out for Delivery,1,0,18,AO468989,112,06:45,14:35,
2026-09-18,SA21LYC,Luton,Hi-Cube,Out for Delivery,1,4,11,AO885572,167,07:45,15:35,Sample Mate 064
2026-09-18,SA23UUX,Luton,3.5 Tonne,Out for Delivery,1,0,15,AO367638,140,05:00,14:50,Sample Mate 080
2026-09-18,SA25HTE,Newport,3.5 Tonne,Out for Delivery,1,0,14,AO598999,186,06:30,13:50,Sample Mate 046
2026-09-18,SA20YYE,Newport,3.5 Tonne,Stood,0,0,0,,,,,
2026-09-18,SA25HKJ,Newport,3.5 Tonne,Out for Delivery,1,1,10,AO499675,149,05:45,12:50,
2026-09-18,SA23EPZ,Newport,3.5 Tonne,Out for Delivery,1,0,9,AO771877,121,06:00,13:50,Sample Mate 114
2026-09-18,SA21NVS,Newport,3.5 Tonne,Out for Delivery,1,0,8,AO388106,154,07:00,17:50,Sample Mate 076
2026-09-18,SA20TYO,Newport,3.5 Tonne,VOR,0,0,0,,,,,
2026-09-18,SA19MCG,Newport,Hi-Cube,Out for Delivery,1,2,10,AO377124,130,06:15,15:20,
2026-09-18,SA25BMC,Newport,Hi-Cube,VOR,0,0,0,,,,,
2026-09-18,SA21KRA,Newport,Hi-Cube,Stood Not Utilised,0,0,0,,,,,
2026-09-18,SA19DRA,Newport,3.5 Tonne,Out for Delivery,1,1,16,AO742306,129,06:30,15:35,Sample Mate 027
2026-09-18,SA20GDO,Spennymoor,3.5 Tonne,Stood Not Utilised,0,0,0,,,,,
2026-09-18,SA20PDC,Spennymoor,3.5 Tonne,Stood Not Utilised,0,0,0,,,,,
2026-09-18,SA20XTS,Spennymoor,3.5 Tonne,Out for Delivery,1,4,19,AO948430,112,06:15,15:20,Sample Mate 090
2026-09-18,SA21MOH,Spennymoor,3.5 Tonne,Out for Delivery,1,0,22,AO684974,144,06:45,16:05,Sample Mate 020
2026-09-18,SA23SYT,Spennymoor,3.5 Tonne,Out for Delivery,1,2,12,AO955623,161,06:30,17:50,
2026-09-18,SA23HWK,Spennymoor,3.5 Tonne,RELOAD PT 2,1,2,16,AO252873,194,06:00,14:05,
2026-09-18,SA23KYB,Spennymoor,Hi-Cube,Stood Not Utilised,0,0,0,,,,,
2026-09-18,SA24VPW,Crewe,18 Tonne,Out for Delivery,1,0,17,AO483667,122,06:00,15:50,
2026-09-18,SA19DSG,Crewe,18 Tonne,Stood Not Utilised,0,0,0,,,,,
2026-09-18,SA24SHG,Crewe,18 Tonne,Out for Delivery,1,2,14,AO719731,158,07:15,17:20,Sample Mate 011
2026-09-18,SA23MDE,Crewe,18 Tonne,Out for Delivery,1,0,14,AO486359,144,06:30,16:35,Sample Mate 081
2026-09-18,SA25ZDT,Crewe,18 Tonne,Out for Delivery,1,3,13,AO172041,141,06:00,14:35,Sample Mate 048
2026-09-18,SA23SWO,Crewe,18 Tonne,Out for Delivery,1,0,17,AO480349,130,06:30,17:20,
2026-09-18,SA24RVH,Crewe,18 Tonne,Out for Delivery,1,1,17,AO720195,131,07:30,18:05,Sample Mate 045
2026-09-18,SA20NEV,Crewe,18 Tonne,Out for Delivery,1,2,16,AO426991,171,06:15,16:05,
2026-09-18,SA21XVA,Crewe,18 Tonne,Out for Delivery,1,2,21,AO524535,136,08:45,15:50,Sample Mate 082
2026-09-18,SA22LYH,Crewe,18 Tonne,Out for Delivery,1,2,8,AO269523,140,06:45,14:20,
2026-09-18,SA21JTW,Crewe,18 Tonne,Out for Delivery,1,2,14,AO356757,174,05:00,14:35,
2026-09-18,SA21XVX,Crewe,18 Tonne,Out for Delivery,1,3,16,AO435997,173,05:45,14:35,Sample Mate 093
2026-09-18,SA23RCF,Crewe,18 Tonne,Stood Not Utilised,0,0,0,,,,,
2026-09-18,SA25RMO,Crewe,18 Tonne,Out for Delivery,1,4,9,AO158289,123,05:15,13:35,
2026-09-18,SA24LJW,Crewe,18 Tonne,Out for Delivery,1,1,9,AO591835,195,06:00,17:05,Sample Mate 060
2026-09-18,SA20OWC,Crewe,18 Tonne,Stood,0,0,0,,,,,
2026-09-18,SA19DBD,Crewe,18 Tonne,Out for Delivery,1,3,17,AO157009,171,06:30,13:50,Sample Mate 102
2026-09-18,SA24LDP,Crewe,18 Tonne,Stood Not Utilised,0,0,0,,,,,
2026-09-18,SA23KXZ,Crewe,18 Tonne,Out for Delivery,1,4,14,AO707010,166,08:45,17:35,
2026-09-18,SA21ODB,Crewe,18 Tonne,VOR,0,0,0,,,,,
2026-09-18,SA24FBZ,Crewe,18 Tonne,Out for Delivery,1,2,18,AO151794,140,07:00,17:35,
2026-09-18,SA21TMJ,Crewe,18 Tonne,Out for Delivery,1,3,11,AO978663,196,06:30,15:20,
2026-09-18,SA24HBV,Crewe,18 Tonne,Out for Delivery,1,4,13,AO218932,192,05:45,13:35,
2026-09-18,SA24OKB,Crewe,18 Tonne,Out for Delivery,1,3,9,AO804129,183,06:00,15:50,
2026-09-18,SA24VYR,Crewe,18 Tonne,Stood,0,0,0,,,,,
2026-09-18,SA24MCW,Crewe,18 Tonne,Out for Delivery,1,4,21,AO229579,131,05:00,16:05,
2026-09-18,SA20RLP,Crewe,18 Tonne,Out for Delivery,1,2,19,AO162802,125,06:15,16:50,
2026-09-18,SA19CBG,Crewe,18 Tonne,Out for Delivery,1,1,17,AO733426,116,05:30,16:05,
2026-09-18,SA19PMX,Crewe,18 Tonne,Stood,0,0,0,,,,,
2026-09-18,SA21LXC,Crewe,18 Tonne,VOR,0,0,0,,,,,
2026-09-18,SA25TBJ,Crewe,18 Tonne,VOR,0,0,0,,,,,
2026-09-18,SA22PJY,Crewe,18 Tonne,VOR,0,0,0,,,,,
2026-09-18,SA21TOM,Crossgreen,18 Tonne,VOR,0,0,0,,,,,
2026-09-18,SA24KJN,Crossgreen,18 Tonne,Out for Delivery,1,3,22,AO965624,163,08:30,17:20,
2026-09-18,SA21KTM,Crossgreen,18 Tonne,Out for Delivery,1,4,21,AO515282,160,06:00,15:20,
2026-09-18,SA23NYF,Crossgreen,18 Tonne,VOR,0,0,0,,,,,
2026-09-18,SA21VPR,Crossgreen,18 Tonne,Stood,0,0,0,,,,,
2026-09-18,SA19UCD,Crossgreen,18 Tonne,VOR,0,0,0,,,,,
2026-09-18,SA19KFZ,Crossgreen,18 Tonne,Out for Delivery,1,0,18,AO308592,147,07:15,18:50,
2026-09-18,SA22PNW,Crossgreen,18 Tonne,Out for Delivery,1,4,16,AO612308,130,05:15,14:05,
2026-09-18,SA20GGO,Crossgreen,18 Tonne,Out for Delivery,1,1,19,AO352923,142,08:30,16:20,Sample Mate 110
2026-09-18,SA24KNV,Crossgreen,18 Tonne,Out for Delivery,1,2,14,AO332259,102,06:00,17:20,
2026-09-18,SA23UJX,Crossgreen,18 Tonne,RELOAD PT 2,1,4,11,AO879873,142,08:00,16:35,
2026-09-18,SA24ZDJ,Crossgreen,18 Tonne,Out for Delivery,1,2,9,AO715993,197,06:00,15:20,
2026-09-18,SA24CYO,Crossgreen,18 Tonne,VOR,0,0,0,,,,,
2026-09-18,SA19GCZ,Crossgreen,18 Tonne,Out for Delivery,1,2,18,AO102120,126,08:00,16:50,
2026-09-18,SA24XKP,Crossgreen,18 Tonne,Out for Delivery,1,1,16,AO478522,123,06:15,13:20,Sample Mate 019
2026-09-18,SA20MNW,Stoke,18 Tonne,VOR,0,0,0,,,,,
2026-09-18,SA21LTS,Stoke,18 Tonne,Out for Delivery,1,3,19,AO928302,122,06:30,14:50,Sample Mate 100
2026-09-18,SA21JWU,Stoke,18 Tonne,Out for Delivery,1,2,22,AO709589,120,05:30,16:05,
2026-09-18,SA22MPO,Stoke,18 Tonne,Out for Delivery,1,4,16,AO648279,196,06:15,14:20,Sample Mate 050
2026-09-18,SA23FGZ,Stoke,18 Tonne,Stood Not Utilised,0,0,0,,,,,
2026-09-18,SA19AHK,Stoke,18 Tonne,Out for Delivery,1,0,10,AO404614,151,06:30,16:50,Sample Mate 041
2026-09-18,SA22PLL,Stoke,18 Tonne,Stood,0,0,0,,,,,
2026-09-18,SA25ZSG,Stoke,18 Tonne,Out for Delivery,1,1,18,AO316872,111,06:30,16:05,Sample Mate 018
2026-09-18,SA25GNY,Stoke,18 Tonne,Out for Delivery,1,0,17,AO317405,109,08:15,16:50,Sample Mate 096
2026-09-18,SA19STN,Stoke,18 Tonne,Out for Delivery,1,2,10,AO473476,166,08:30,17:05,Sample Mate 051
2026-09-18,SA24VMA,Stoke,18 Tonne,Out for Delivery,1,2,22,AO346440,165,06:30,13:20,
2026-09-18,SA20KVE,Stoke,18 Tonne,Out for Delivery,1,0,11,AO640401,194,06:30,17:20,
2026-09-18,SA25XBH,Stoke,18 Tonne,Out for Delivery,1,1,21,AO956088,130,06:30,16:35,
2026-09-18,SA22ECK,Exeter,18 Tonne,Out for Delivery,1,3,22,AO493704,129,06:30,13:05,
2026-09-18,SA23XWV,Exeter,18 Tonne,VOR,0,0,0,,,,,
2026-09-18,SA24BVV,Exeter,18 Tonne,Out for Delivery,1,2,19,AO365639,150,06:15,15:35,Sample Mate 084
2026-09-18,SA22GKH,Exeter,18 Tonne,Out for Delivery,1,1,8,AO135684,173,07:45,14:50,Sample Mate 070
2026-09-18,SA23KXY,Exeter,18 Tonne,Out for Delivery,1,1,15,AO634768,101,07:30,16:35,
2026-09-18,SA24SGK,Exeter,18 Tonne,Out for Delivery,1,3,21,AO429477,111,07:30,15:20,Sample Mate 063
2026-09-18,SA25VWR,Exeter,18 Tonne,Out for Delivery,1,2,17,AO555452,169,07:45,14:50,Sample Mate 081
2026-09-18,SA19UUP,Exeter,18 Tonne,RELOAD PT 2,1,4,21,AO733240,131,05:30,12:20,
2026-09-18,SA23GVU,Exeter,18 Tonne,Out for Delivery,1,1,16,AO249812,135,05:45,14:50,
2026-09-18,SA19NLA,Exeter,18 Tonne,Stood Not Utilised,0,0,0,,,,,
2026-09-18,SA23ALA,Exeter,18 Tonne,Out for Delivery,1,2,10,AO368092,123,07:45,15:20,
2026-09-18,SA19OYK,Exeter,18 Tonne,Out for Delivery,1,3,10,AO598058,171,07:15,15:20,Sample Mate 120
2026-09-18,SA24KOK,Coventry,18 Tonne,Stood Not Utilised,0,0,0,,,,,
2026-09-18,SA22YJZ,Coventry,18 Tonne,Out for Delivery,1,2,9,AO596732,116,06:45,16:20,
2026-09-18,SA22BHS,Coventry,18 Tonne,Out for Delivery,1,1,11,AO245286,134,05:45,14:35,Sample Mate 073
2026-09-18,SA24SEK,Coventry,18 Tonne,Out for Delivery,1,4,22,AO457809,149,06:45,13:20,Sample Mate 109
2026-09-18,SA22XYU,Coventry,18 Tonne,Out for Delivery,1,4,14,AO701344,110,08:00,16:50,
2026-09-18,SA24TRA,Coventry,18 Tonne,Out for Delivery,1,2,8,AO169650,126,05:30,12:35,Sample Mate 101
2026-09-18,SA20EMJ,Coventry,18 Tonne,RELOAD PT 2,1,3,21,AO482439,147,06:00,13:05,Sample Mate 094
2026-09-18,SA22XTZ,Coventry,18 Tonne,Stood Not Utilised,0,0,0,,,,,
2026-09-18,SA25JMV,Coventry,18 Tonne,Out for Delivery,1,1,10,AO742651,166,05:00,12:50,Sample Mate 014
2026-09-18,SA23OFT,Coventry,18 Tonne,Out for Delivery,1,4,14,AO463762,199,06:45,13:20,Sample Mate 029
2026-09-18,SA24MFS,Coventry,18 Tonne,Out for Delivery,1,3,17,AO623503,173,06:15,16:20,
2026-09-18,SA24NEL,Potters-Bar,18 Tonne,Out for Delivery,1,2,14,AO495252,119,06:00,14:05,Sample Mate 044
2026-09-18,SA21ERL,Potters-Bar,18 Tonne,Out for Delivery,1,0,22,AO597964,167,06:30,16:50,
2026-09-18,SA25UXF,Potters-Bar,18 Tonne,Out for Delivery,1,4,15,AO326916,165,08:00,19:50,
2026-09-18,SA25BTB,Potters-Bar,18 Tonne,Out for Delivery,1,2,19,AO979585,197,06:45,14:05,
2026-09-18,SA20YDC,Potters-Bar,18 Tonne,Out for Delivery,1,4,10,AO843157,165,05:30,13:20,
2026-09-18,SA19EXF,Potters-Bar,18 Tonne,Out for Delivery,1,3,11,AO882864,192,07:15,15:20,
2026-09-18,SA25CLX,Potters-Bar,18 Tonne,Stood Not Utilised,0,0,0,,,,,
2026-09-18,SA22PGP,Potters-Bar,18 Tonne,Stood Not Utilised,0,0,0,,,,,
2026-09-18,SA21KZG,Potters-Bar,18 Tonne,Stood Not Utilised,0,0,0,,,,,
2026-09-18,SA19TOJ,Potters-Bar,18 Tonne,Out for Delivery,1,0,9,AO183345,186,06:30,16:05,
2026-09-18,SA21ZLW,Potters-Bar,18 Tonne,Out for Delivery,1,0,8,AO766679,122,08:15,16:35,Sample Mate 003
2026-09-18,SA23TER,Gravesend,18 Tonne,RELOAD PT 2,1,4,13,AO378351,141,07:00,14:20,
2026-09-18,SA24GBN,Gravesend,18 Tonne,Out for Delivery,1,4,8,AO681786,165,06:00,17:20,Sample Mate 057
2026-09-18,SA19YVJ,Gravesend,18 Tonne,Out for Delivery,1,0,17,AO988703,131,07:00,14:20,
2026-09-18,SA24PTO,Gravesend,18 Tonne,Stood Not Utilised,0,0,0,,,,,
2026-09-18,SA22SAD,Gravesend,18 Tonne,Out for Delivery,1,3,11,AO608439,125,08:15,19:20,Sample Mate 021
2026-09-18,SA20LGB,Gravesend,18 Tonne,VOR,0,0,0,,,,,
2026-09-18,SA22DNE,Gravesend,18 Tonne,Stood Not Utilised,0,0,0,,,,,
2026-09-18,SA24OLT,Gravesend,18 Tonne,Out for Delivery,1,4,18,AO723469,194,06:00,16:50,
2026-09-18,SA19JZN,Gravesend,18 Tonne,Out for Delivery,1,1,17,AO853293,197,07:45,15:05,Sample Mate 007
2026-09-18,SA22MOL,Gravesend,18 Tonne,Stood Not Utilised,0,0,0,,,,,
2026-09-18,SA25MPS,Gravesend,18 Tonne,Out for Delivery,1,2,12,AO959045,190,08:45,18:50,
2026-09-18,SA23OPY,Yaxley,18 Tonne,Out for Delivery,1,4,13,AO343867,164,05:45,13:20,
2026-09-18,SA20ATG,Yaxley,18 Tonne,Out for Delivery,1,0,21,AO496999,174,07:15,16:05,
2026-09-18,SA23MME,Yaxley,18 Tonne,Stood Not Utilised,0,0,0,,,,,
2026-09-18,SA21TSL,Yaxley,18 Tonne,Out for Delivery,1,2,20,AO707114,162,08:00,15:50,
2026-09-18,SA21FDE,Yaxley,18 Tonne,Out for Delivery,1,1,8,AO532407,120,07:45,18:50,Sample Mate 112
2026-09-18,SA25LMC,Yaxley,18 Tonne,Out for Delivery,1,0,22,AO343433,195,06:30,13:35,
2026-09-18,SA20HEP,Yaxley,18 Tonne,Out for Delivery,1,3,19,AO445762,187,07:00,14:05,Sample Mate 059
2026-09-18,SA24BEW,Yaxley,18 Tonne,Out for Delivery,1,0,17,AO638452,164,06:00,13:20,
2026-09-18,SA22FUD,Yaxley,18 Tonne,Out for Delivery,1,4,20,AO661610,131,07:00,16:50,Sample Mate 042
2026-09-18,SA19XKR,Yaxley,18 Tonne,VOR,0,0,0,,,,,
2026-09-18,SA20CLC,Luton,18 Tonne,Out for Delivery,1,1,16,AO316867,196,08:30,17:50,Sample Mate 091
2026-09-18,SA21YYZ,Luton,18 Tonne,Stood Not Utilised,0,0,0,,,,,
2026-09-18,SA20PTN,Luton,18 Tonne,Stood Not Utilised,0,0,0,,,,,
2026-09-18,SA19ZVG,Luton,18 Tonne,Out for Delivery,1,1,20,AO962768,178,08:00,15:05,Sample Mate 050
2026-09-18,SA23DMW,Luton,18 Tonne,Stood Not Utilised,0,0,0,,,,,
2026-09-18,SA25NDT,Luton,18 Tonne,Stood Not Utilised,0,0,0,,,,,
2026-09-18,SA19MLK,Luton,18 Tonne,Out for Delivery,1,2,22,AO935433,114,07:45,17:35,Sample Mate 075
2026-09-18,SA22DYV,Luton,18 Tonne,Out for Delivery,1,1,13,AO191046,129,06:30,13:20,
2026-09-18,SA25NUR,Luton,18 Tonne,Out for Delivery,1,0,17,AO856049,157,07:45,18:35,
2026-09-18,SA23XJU,Luton,18 Tonne,Out for Delivery,1,4,16,AO896732,129,05:45,15:20,Sample Mate 031
2026-09-18,SA21XEB,Newport,18 Tonne,VOR,0,0,0,,,,,
2026-09-18,SA22FFM,Newport,18 Tonne,Out for Delivery,1,1,17,AO181910,188,05:45,13:05,Sample Mate 010
2026-09-18,SA21EKH,Newport,18 Tonne,Out for Delivery,1,2,10,AO404281,176,06:30,15:50,Sample Mate 076
2026-09-18,SA22ULC,Newport,18 Tonne,Stood,0,0,0,,,,,
2026-09-18,SA24AVF,Newport,18 Tonne,Out for Delivery,1,0,14,AO285530,156,08:30,15:20,
2026-09-18,SA23SWN,Newport,18 Tonne,Out for Delivery,1,4,22,AO218377,119,07:15,15:20,Sample Mate 048
2026-09-18,SA23UCW,Newport,18 Tonne,Out for Delivery,1,3,18,AO135011,157,07:30,15:05,
2026-09-18,SA23GLU,Newport,18 Tonne,Out for Delivery,1,2,10,AO805063,118,06:15,17:20,
2026-09-18,SA24LHH,Newport,18 Tonne,Out for Delivery,1,1,15,AO780009,163,06:45,14:35,Sample Mate 105
2026-09-18,SA21DOM,Newport,18 Tonne,VOR,0,0,0,,,,,
2026-09-18,SA20AGS,Spennymoor,18 Tonne,Out for Delivery,1,2,22,AO638904,158,08:30,18:50,
2026-09-18,SA20MVR,Spennymoor,18 Tonne,Out for Delivery,1,1,16,AO612704,176,05:45,13:05,
2026-09-18,SA24GNS,Spennymoor,18 Tonne,Out for Delivery,1,0,12,AO623896,156,05:30,12:35,Sample Mate 028
2026-09-18,SA19PVX,Spennymoor,18 Tonne,Out for Delivery,1,4,11,AO156896,160,07:15,18:20,
2026-09-18,SA21FCG,Spennymoor,18 Tonne,Stood,0,0,0,,,,,
2026-09-18,SA21FTL,Spennymoor,18 Tonne,Out for Delivery,1,2,14,AO771875,180,07:15,18:05,Sample Mate 080
2026-09-18,SA22XNK,Spennymoor,18 Tonne,Out for Delivery,1,1,15,AO250974,181,06:00,13:05,
2026-09-18,SA21JCW,Spennymoor,18 Tonne,Out for Delivery,1,2,8,AO132510,184,08:15,17:50,
2026-09-18,SA25AYD,Spennymoor,18 Tonne,Out for Delivery,1,1,14,AO141395,183,07:15,14:20,
2026-09-18,SA21PLX,Spennymoor,18 Tonne,Stood,0,0,0,,,,,
2026-09-18,SA21VDP,Dundee,18 Tonne,Out for Delivery,1,4,19,AO812814,170,07:15,14:20,
2026-09-18,SA19PXJ,Dundee,18 Tonne,RELOAD PT 2,1,3,8,AO942584,110,05:30,16:35,
2026-09-18,SA19ERR,Dundee,18 Tonne,Stood Not Utilised,0,0,0,,,,,
2026-09-18,SA25MCD,Dundee,18 Tonne,Out for Delivery,1,1,9,AO984752,165,07:15,18:50,
2026-09-18,SA23BFC,Dundee,18 Tonne,Out for Delivery,1,2,16,AO124854,196,06:30,17:50,Sample Mate 085
2026-09-18,SA20ENJ,Dundee,18 Tonne,Out for Delivery,1,1,18,AO307111,151,08:15,16:35,Sample Mate 087
2026-09-18,SA24GLE,Dundee,18 Tonne,Out for Delivery,1,0,10,AO964675,114,06:00,16:20,Sample Mate 059
2026-09-18,SA23XPJ,Dundee,18 Tonne,VOR,0,0,0,,,,,
2026-09-18,SA23HRO,Dundee,18 Tonne,Out for Delivery,1,3,13,AO475647,181,06:15,13:35,Sample Mate 103
2026-09-18,SA23MCX,Crawley,18 Tonne,Stood Not Utilised,0,0,0,,,,,
2026-09-18,SA24COE,Crawley,18 Tonne,Stood Not Utilised,0,0,0,,,,,
2026-09-18,SA23RVC,Crawley,18 Tonne,Out for Delivery,1,0,12,AO864108,139,05:30,13:35,Sample Mate 079
2026-09-18,SA25SCH,Crawley,18 Tonne,Out for Delivery,1,1,22,AO406132,109,07:30,17:35,
2026-09-18,SA22MSZ,Crawley,18 Tonne,Out for Delivery,1,0,14,AO737748,188,05:15,14:05,
2026-09-18,SA21NSP,Crawley,18 Tonne,VOR,0,0,0,,,,,
2026-09-18,SA19EWH,Crawley,18 Tonne,Out for Delivery,1,1,17,AO524520,122,07:00,16:50,
2026-09-18,SA22YNN,Crawley,18 Tonne,VOR,0,0,0,,,,,
2026-09-18,SA23PKA,Heywood,18 Tonne,Stood Not Utilised,0,0,0,,,,,
2026-09-18,SA23EAU,Heywood,18 Tonne,Out for Delivery,1,3,9,AO617908,191,06:00,17:05,
2026-09-18,SA20NON,Heywood,18 Tonne,RELOAD PT 2,1,4,17,AO325895,111,05:00,15:50,Sample Mate 038
2026-09-18,SA21GLB,Heywood,18 Tonne,Out for Delivery,1,3,13,AO237914,102,08:15,16:20,
2026-09-18,SA21FTY,Heywood,18 Tonne,Out for Delivery,1,2,13,AO505625,181,06:30,13:20,
2026-09-18,SA23ENV,Heywood,18 Tonne,Out for Delivery,1,0,19,AO711459,167,07:15,17:35,
2026-09-18,SA24OWT,Heywood,18 Tonne,Stood,0,0,0,,,,,
2026-09-18,SA22UPK,Heywood,18 Tonne,Out for Delivery,1,2,15,AO280331,147,06:15,14:50,
2026-09-18,SA19SVY,Larkhall,18 Tonne,Out for Delivery,1,2,9,AO541269,127,06:15,14:20,Sample Mate 060
2026-09-18,SA22NUC,Larkhall,18 Tonne,Out for Delivery,1,1,14,AO549667,104,08:30,17:05,Sample Mate 118
2026-09-18,SA24TVA,Larkhall,18 Tonne,RELOAD PT 2,1,3,14,AO869189,101,05:45,12:20,Sample Mate 101
2026-09-18,SA21EVZ,Larkhall,18 Tonne,Out for Delivery,1,2,12,AO792554,187,06:00,13:20,
2026-09-18,SA24BKV,Larkhall,18 Tonne,VOR,0,0,0,,,,,
2026-09-18,SA20BEY,Larkhall,18 Tonne,Out for Delivery,1,2,19,AO304668,177,05:30,14:50,Sample Mate 009
2026-09-18,SA19YXV,Larkhall,18 Tonne,Out for Delivery,1,3,12,AO228183,133,07:30,18:05,
2026-09-18,SA20VUH,Basildon,18 Tonne,Out for Delivery,1,0,14,AO225118,136,07:15,18:35,Sample Mate 049
2026-09-18,SA25LMD,Basildon,18 Tonne,Out for Delivery,1,1,22,AO632141,147,06:00,13:50,
2026-09-18,SA25PEK,Basildon,18 Tonne,Out for Delivery,1,3,18,AO831496,141,06:30,15:35,Sample Mate 077
2026-09-18,SA25ZHN,Basildon,18 Tonne,Out for Delivery,1,0,15,AO454172,124,06:15,17:50,Sample Mate 034
2026-09-18,SA19DJO,Basildon,18 Tonne,Out for Delivery,1,1,22,AO471107,152,05:00,14:20,
2026-09-18,SA21ZCU,Basildon,18 Tonne,Out for Delivery,1,1,22,AO286174,134,06:15,15:50,Sample Mate 081
2026-09-18,SA23UKX,Outside HDV Network,18 Tonne,Out for Delivery,1,2,9,AO306511,137,05:30,15:50,
2026-09-18,SA20WMN,Outside HDV Network,18 Tonne,Out for Delivery,1,0,18,AO594707,147,06:00,13:05,Sample Mate 115
2026-09-18,SA24KCG,Outside HDV Network,18 Tonne,Stood Not Utilised,0,0,0,,,,,
2026-09-18,SA25FFS,Outside HDV Network,18 Tonne,Out for Delivery,1,4,18,AO456891,174,08:15,19:35,
2026-09-18,SA21PEF,Fareham,18 Tonne,Stood Not Utilised,0,0,0,,,,,
2026-09-18,SA25OVW,Fareham,18 Tonne,Stood,0,0,0,,,,,
2026-09-18,SA23DDN,Fareham,18 Tonne,Stood,0,0,0,,,,,
2026-09-18,SA19SJE,Fareham,18 Tonne,Out for Delivery,1,4,9,AO504722,167,05:00,14:35,
2026-09-18,SA24RVO,Avonmouth,18 Tonne,Out for Delivery,1,2,10,AO281543,140,05:00,14:20,
2026-09-18,SA24VGC,Avonmouth,18 Tonne,VOR,0,0,0,,,,,
2026-09-18,SA25VME,Avonmouth,18 Tonne,Out for Delivery,1,1,22,AO823319,179,07:45,14:50,Sample Mate 114
2026-09-18,SA24SFH,Crewe,18 Tonne,Out for Delivery,1,2,20,AO450379,171,07:15,18:20,
2026-09-18,SA19DVW,Crewe,18 Tonne,Out for Delivery,1,1,21,AO744158,108,05:00,14:05,Sample Mate 056
2026-09-18,SA20KZF,Crewe,18 Tonne,Out for Delivery,1,2,9,AO100089,198,07:00,15:05,
2026-09-18,SA23BLN,Crewe,18 Tonne,Out for Delivery,1,2,8,AO441821,176,08:15,15:05,
2026-09-18,SA25FGJ,Crewe,18 Tonne,Out for Delivery,1,1,19,AO265845,105,08:15,16:20,Sample Mate 112
2026-09-18,SA20UPV,Crewe,18 Tonne,Stood Not Utilised,0,0,0,,,,,
2026-09-18,SA24ZLC,Crewe,18 Tonne,Out for Delivery,1,2,16,AO983555,196,06:15,15:05,Sample Mate 097
2026-09-18,SA22PRW,Crewe,18 Tonne,Out for Delivery,1,3,9,AO919915,179,07:00,14:35,
2026-09-18,SA22XEG,Crewe,18 Tonne,Out for Delivery,1,1,18,AO840106,130,06:30,13:20,Sample Mate 087
2026-09-18,SA21TGN,Crewe,18 Tonne,Out for Delivery,1,0,8,AO916540,110,06:15,16:05,Sample Mate 005
2026-09-18,SA21VES,Crewe,18 Tonne,Out for Delivery,1,1,20,AO357362,196,05:00,15:35,
2026-09-18,SA19OJB,Crewe,18 Tonne,Out for Delivery,1,4,18,AO129524,174,08:15,16:20,
2026-09-18,SA21WRZ,Crewe,18 Tonne,Out for Delivery,1,1,8,AO238638,138,06:00,15:20,Sample Mate 003
2026-09-18,SA24GMA,Crewe,18 Tonne,Out for Delivery,1,2,21,AO307273,137,07:45,15:35,Sample Mate 021
2026-09-18,SA23OGF,Crewe,18 Tonne,Stood,0,0,0,,,,,
2026-09-18,SA22PGB,Crewe,18 Tonne,Stood Not Utilised,0,0,0,,,,,
2026-09-18,SA23XBN,Crewe,18 Tonne,RELOAD PT 2,1,1,20,AO869903,174,07:30,18:50,Sample Mate 035
2026-09-18,SA25JZF,Crewe,18 Tonne,Out for Delivery,1,2,8,AO508891,168,05:30,12:20,Sample Mate 081
2026-09-18,SA21WJU,Crewe,18 Tonne,Out for Delivery,1,0,18,AO726102,145,05:45,13:05,
2026-09-18,SA23SZG,Crewe,18 Tonne,Out for Delivery,1,2,20,AO405806,148,06:00,16:20,Sample Mate 019
2026-09-18,SA24LFW,Crewe,18 Tonne,RELOAD PT 2,1,4,20,AO766958,158,08:00,15:50,Sample Mate 085
2026-09-18,SA24BGW,Crewe,18 Tonne,RELOAD PT 2,1,1,12,AO840045,107,07:15,14:20,
2026-09-18,SA20HDT,Crewe,18 Tonne,RELOAD PT 2,1,4,17,AO525229,173,06:30,16:35,Sample Mate 053
2026-09-18,SA24ZOC,Crewe,18 Tonne,Stood Not Utilised,0,0,0,,,,,
2026-09-18,SA21WAF,Crewe,18 Tonne,VOR,0,0,0,,,,,
2026-09-18,SA19PHM,Crewe,18 Tonne,Out for Delivery,1,0,17,AO454072,142,06:15,13:20,
2026-09-18,SA23HKU,Crewe,18 Tonne,VOR,0,0,0,,,,,
2026-09-18,SA24JXK,Crewe,18 Tonne,Out for Delivery,1,1,9,AO571027,133,05:45,16:50,Sample Mate 078
2026-09-18,SA20NYE,Crewe,18 Tonne,Out for Delivery,1,0,11,AO158743,156,06:45,15:35,
2026-09-18,SA22EPR,Crewe,18 Tonne,Stood Not Utilised,0,0,0,,,,,
2026-09-18,SA19KPE,Crewe,18 Tonne,Out for Delivery,1,4,13,AO688254,101,08:30,16:50,Sample Mate 064
2026-09-18,SA24NCV,Crewe,18 Tonne,Out for Delivery,1,2,8,AO829125,196,06:45,17:35,
2026-09-18,SA22HMV,Crewe,18 Tonne,VOR,0,0,0,,,,,
2026-09-18,SA20ELG,Crewe,18 Tonne,Out for Delivery,1,3,19,AO966498,186,06:15,13:35,Sample Mate 053
2026-09-18,SA24TDY,Crewe,18 Tonne,Out for Delivery,1,1,16,AO198964,103,06:15,13:20,Sample Mate 114
2026-09-18,SA19ACJ,Crewe,18 Tonne,Out for Delivery,1,2,11,AO825911,112,06:15,16:35,
2026-09-18,SA24BXM,Crewe,18 Tonne,VOR,0,0,0,,,,,
2026-09-18,SA19VRB,Crewe,18 Tonne,Stood,0,0,0,,,,,
2026-09-18,SA21CUB,Crossgreen,18 Tonne,Out for Delivery,1,2,20,AO960916,195,08:00,16:35,
2026-09-18,SA20YCJ,Crossgreen,18 Tonne,Out for Delivery,1,1,15,AO818321,183,07:15,17:50,
2026-09-18,SA23KDV,Crossgreen,18 Tonne,Out for Delivery,1,2,8,AO831181,131,08:15,17:50,Sample Mate 007
2026-09-18,SA22RWZ,Crossgreen,18 Tonne,Out for Delivery,1,1,10,AO748437,196,07:45,18:20,Sample Mate 063
2026-09-18,SA22YLB,Crossgreen,18 Tonne,Out for Delivery,1,4,21,AO406932,198,08:45,16:05,Sample Mate 072
2026-09-18,SA19POX,Crossgreen,18 Tonne,Out for Delivery,1,1,12,AO588538,154,07:45,17:50,Sample Mate 074
2026-09-18,SA20BXX,Crossgreen,18 Tonne,VOR,0,0,0,,,,,
2026-09-18,SA19HYA,Crossgreen,18 Tonne,Out for Delivery,1,4,13,AO218746,113,08:30,15:35,Sample Mate 111
2026-09-18,SA19SSO,Crossgreen,18 Tonne,Out for Delivery,1,1,15,AO324533,152,07:00,15:05,Sample Mate 018
2026-09-18,SA23PCT,Crossgreen,18 Tonne,Out for Delivery,1,2,17,AO445765,137,08:30,18:50,
2026-09-18,SA21NFS,Crossgreen,18 Tonne,Stood Not Utilised,0,0,0,,,,,
2026-09-18,SA20JNH,Crossgreen,18 Tonne,VOR,0,0,0,,,,,
2026-09-18,SA25XAV,Crossgreen,18 Tonne,Out for Delivery,1,0,12,AO877970,121,06:15,17:50,
2026-09-18,SA21PAJ,Crossgreen,18 Tonne,VOR,0,0,0,,,,,
2026-09-18,SA22DFO,Crossgreen,18 Tonne,Stood Not Utilised,0,0,0,,,,,
2026-09-18,SA19SJL,Stoke,18 Tonne,Out for Delivery,1,0,14,AO406611,177,08:30,15:20,Sample Mate 115
2026-09-18,SA24FEH,Stoke,18 Tonne,Out for Delivery,1,1,18,AO641258,135,08:15,19:05,
2026-09-18,SA23ROA,Stoke,18 Tonne,Out for Delivery,1,3,17,AO717649,144,06:30,13:50,
2026-09-18,SA19SWS,Stoke,18 Tonne,Stood Not Utilised,0,0,0,,,,,
2026-09-18,SA20BTE,Stoke,18 Tonne,Stood Not Utilised,0,0,0,,,,,
2026-09-18,SA25SMM,Stoke,18 Tonne,RELOAD PT 2,1,2,22,AO234274,199,07:30,17:05,
2026-09-19,SA22FEL,Crewe,3.5 Tonne,Stood Not Utilised,0,0,0,,,,,
2026-09-19,SA21BEC,Crewe,3.5 Tonne,VOR,0,0,0,,,,,
2026-09-19,SA23FNN,Crewe,3.5 Tonne,Out for Delivery,1,1,10,AO663914,169,07:00,18:50,
2026-09-19,SA21EVW,Crewe,3.5 Tonne,Out for Delivery,1,1,13,AO274474,187,05:45,14:35,
2026-09-19,SA24GSA,Crewe,3.5 Tonne,VOR,0,0,0,,,,,
2026-09-19,SA25PMJ,Crewe,3.5 Tonne,Out for Delivery,1,4,11,AO379426,123,06:15,15:50,
2026-09-19,SA23XMW,Crewe,3.5 Tonne,VOR,0,0,0,,,,,
2026-09-19,SA24PZB,Crewe,Hi-Cube,Out for Delivery,1,0,20,AO965452,133,06:30,14:35,
2026-09-19,SA25FSF,Crewe,Hi-Cube,Out for Delivery,1,3,14,AO672531,164,05:00,13:20,
2026-09-19,SA25CZS,Crewe,Hi-Cube,Stood Not Utilised,0,0,0,,,,,
2026-09-19,SA19MMT,Crewe,3.5 Tonne,Out for Delivery,1,1,22,AO897476,160,08:45,16:35,Sample Mate 112
2026-09-19,SA21ESV,Crewe,3.5 Tonne,Stood Not Utilised,0,0,0,,,,,
2026-09-19,SA20NSO,Crewe,3.5 Tonne,VOR,0,0,0,,,,,
2026-09-19,SA21BXZ,Crewe,3.5 Tonne,RELOAD PT 2,1,3,14,AO221364,115,05:45,13:20,Sample Mate 025
2026-09-19,SA23UTA,Crewe,3.5 Tonne,Out for Delivery,1,3,19,AO968906,152,06:15,17:20,
2026-09-19,SA23COL,Crewe,3.5 Tonne,Out for Delivery,1,0,11,AO690257,123,06:30,17:50,
2026-09-19,SA25UXO,Crewe,3.5 Tonne,Out for Delivery,1,0,12,AO609690,183,05:45,14:50,Sample Mate 099
2026-09-19,SA20RUO,Crewe,Hi-Cube,Out for Delivery,1,4,12,AO430886,103,05:30,13:20,Sample Mate 087
2026-09-19,SA24SKP,Crewe,Hi-Cube,Out for Delivery,1,4,11,AO477676,193,06:15,16:35,
2026-09-19,SA19FFM,Crewe,Hi-Cube,Stood Not Utilised,0,0,0,,,,,
2026-09-19,SA25YOG,Crewe,3.5 Tonne,Out for Delivery,1,2,14,AO731822,101,07:15,14:35,
2026-09-19,SA22POR,Crewe,3.5 Tonne,Out for Delivery,1,1,18,AO972182,191,06:45,17:20,
2026-09-19,SA23TKP,Crewe,3.5 Tonne,Out for Delivery,1,2,9,AO245757,184,06:45,13:35,
2026-09-19,SA20PKF,Crewe,3.5 Tonne,Out for Delivery,1,1,20,AO859010,101,08:30,16:35,
2026-09-19,SA22YRV,Crewe,3.5 Tonne,Out for Delivery,1,2,20,AO822942,118,05:45,12:05,Sample Mate 054
2026-09-19,SA23SXC,Crewe,3.5 Tonne,VOR,0,0,0,,,,,
2026-09-19,SA20AFW,Crewe,3.5 Tonne,Out for Delivery,1,2,15,AO140262,106,06:45,14:35,
2026-09-19,SA25ADF,Crewe,Hi-Cube,Out for Delivery,1,1,10,AO934160,117,06:00,14:05,
2026-09-19,SA24AMJ,Crewe,Hi-Cube,Out for Delivery,1,2,19,AO399108,195,07:00,15:05,Sample Mate 106
2026-09-19,SA21FFU,Crewe,Hi-Cube,RELOAD PT 2,1,1,9,AO555514,197,07:30,16:50,Sample Mate 088
2026-09-19,SA21BFL,Crewe,3.5 Tonne,Out for Delivery,1,1,13,AO637583,177,07:30,14:20,
2026-09-19,SA21ESA,Crewe,3.5 Tonne,Out for Delivery,1,1,8,AO678183,159,06:00,13:35,Sample Mate 106
2026-09-19,SA24WUV,Crewe,3.5 Tonne,VOR,0,0,0,,,,,
2026-09-19,SA19RJN,Crewe,3.5 Tonne,Out for Delivery,1,1,8,AO172537,173,08:30,19:20,Sample Mate 012
2026-09-19,SA19PLZ,Crewe,3.5 Tonne,Out for Delivery,1,2,17,AO944454,177,08:15,15:50,Sample Mate 023
2026-09-19,SA25EVK,Crewe,3.5 Tonne,Out for Delivery,1,0,19,AO751735,110,07:15,14:35,
2026-09-19,SA23UHR,Crewe,3.5 Tonne,Stood Not Utilised,0,0,0,,,,,
2026-09-19,SA25UOZ,Crewe,Hi-Cube,Out for Delivery,1,4,17,AO469087,187,06:00,13:20,
2026-09-19,SA22ZAP,Crossgreen,Hi-Cube,VOR,0,0,0,,,,,
2026-09-19,SA20ZFK,Crossgreen,Hi-Cube,Out for Delivery,1,4,9,AO288705,119,06:45,17:20,
2026-09-19,SA19USJ,Crossgreen,3.5 Tonne,Out for Delivery,1,3,10,AO180295,148,05:15,15:35,
2026-09-19,SA19GOU,Crossgreen,3.5 Tonne,Out for Delivery,1,0,22,AO621249,197,05:45,12:05,Sample Mate 078
2026-09-19,SA25UOT,Crossgreen,3.5 Tonne,Out for Delivery,1,4,18,AO954322,186,05:00,16:35,Sample Mate 069
2026-09-19,SA20PRE,Crossgreen,3.5 Tonne,VOR,0,0,0,,,,,
2026-09-19,SA21AFW,Crossgreen,3.5 Tonne,Stood,0,0,0,,,,,
2026-09-19,SA21JRF,Crossgreen,3.5 Tonne,Out for Delivery,1,0,22,AO468702,196,06:45,13:50,
2026-09-19,SA20VRD,Crossgreen,3.5 Tonne,Out for Delivery,1,3,9,AO594012,151,07:15,14:20,Sample Mate 003
2026-09-19,SA22AHT,Crossgreen,Hi-Cube,Out for Delivery,1,3,9,AO934137,133,06:45,16:35,Sample Mate 002
2026-09-19,SA23HJE,Crossgreen,Hi-Cube,Out for Delivery,1,3,12,AO606529,119,06:15,17:20,Sample Mate 101
2026-09-19,SA22JOZ,Crossgreen,Hi-Cube,Out for Delivery,1,4,15,AO863431,108,07:15,18:05,
2026-09-19,SA19YDN,Crossgreen,3.5 Tonne,Stood,0,0,0,,,,,
2026-09-19,SA24MMZ,Crossgreen,3.5 Tonne,Out for Delivery,1,1,21,AO690331,162,05:45,13:50,Sample Mate 045
2026-09-19,SA23ARK,Crossgreen,3.5 Tonne,Out for Delivery,1,0,12,AO721679,188,07:00,14:05,
2026-09-19,SA21XRJ,Stoke,3.5 Tonne,Stood Not Utilised,0,0,0,,,,,
2026-09-19,SA23DRC,Stoke,3.5 Tonne,RELOAD PT 2,1,1,12,AO812402,120,06:00,15:05,
2026-09-19,SA23XXA,Stoke,3.5 Tonne,Out for Delivery,1,3,9,AO581205,161,07:00,18:50,Sample Mate 031
2026-09-19,SA19VAW,Stoke,3.5 Tonne,Out for Delivery,1,0,21,AO991553,183,07:30,14:05,Sample Mate 037
2026-09-19,SA23YNF,Stoke,Hi-Cube,Out for Delivery,1,4,17,AO840964,138,08:00,18:20,Sample Mate 095
2026-09-19,SA21FDL,Stoke,Hi-Cube,Out for Delivery,1,3,21,AO265745,113,06:15,15:05,
2026-09-19,SA22MHK,Stoke,Hi-Cube,Out for Delivery,1,3,19,AO434438,158,06:30,17:50,Sample Mate 080
2026-09-19,SA25RNW,Stoke,3.5 Tonne,Stood Not Utilised,0,0,0,,,,,
2026-09-19,SA25TSY,Stoke,3.5 Tonne,Out for Delivery,1,3,20,AO267114,169,08:15,19:50,
2026-09-19,SA24NPG,Stoke,3.5 Tonne,VOR,0,0,0,,,,,
2026-09-19,SA21BRA,Stoke,3.5 Tonne,Stood Not Utilised,0,0,0,,,,,
2026-09-19,SA25CSD,Stoke,3.5 Tonne,Out for Delivery,1,1,15,AO411184,164,06:30,15:50,
2026-09-19,SA24GWT,Stoke,3.5 Tonne,Out for Delivery,1,0,22,AO477923,153,06:00,15:35,
2026-09-19,SA24AMN,Exeter,3.5 Tonne,Out for Delivery,1,2,8,AO851741,137,06:15,14:20,
2026-09-19,SA24SMX,Exeter,Hi-Cube,Stood Not Utilised,0,0,0,,,,,
2026-09-19,SA24WMZ,Exeter,Hi-Cube,Out for Delivery,1,4,11,AO386516,151,07:15,17:20,
2026-09-19,SA24UFV,Exeter,Hi-Cube,Out for Delivery,1,3,9,AO602208,191,08:45,17:35,Sample Mate 072
2026-09-19,SA25WDM,Exeter,3.5 Tonne,Stood Not Utilised,0,0,0,,,,,
2026-09-19,SA19DYL,Exeter,3.5 Tonne,VOR,0,0,0,,,,,
2026-09-19,SA19OPM,Exeter,3.5 Tonne,Stood Not Utilised,0,0,0,,,,,
2026-09-19,SA25SMG,Exeter,3.5 Tonne,VOR,0,0,0,,,,,
2026-09-19,SA25WWS,Exeter,3.5 Tonne,Out for Delivery,1,2,15,AO762927,170,07:00,14:05,
2026-09-19,SA23HNP,Exeter,3.5 Tonne,Out for Delivery,1,1,22,AO608848,194,06:00,17:05,
2026-09-19,SA19GFS,Exeter,3.5 Tonne,Stood Not Utilised,0,0,0,,,,,
2026-09-19,SA24FJS,Exeter,Hi-Cube,Out for Delivery,1,3,16,AO420022,139,05:00,12:35,
2026-09-19,SA22GUR,Coventry,Hi-Cube,Out for Delivery,1,0,19,AO651522,156,05:15,13:20,Sample Mate 041
2026-09-19,SA19YFZ,Coventry,Hi-Cube,Out for Delivery,1,3,12,AO856312,107,05:15,15:50,
2026-09-19,SA21GLC,Coventry,3.5 Tonne,Out for Delivery,1,0,14,AO594056,183,06:30,13:35,Sample Mate 110
2026-09-19,SA24SCS,Coventry,3.5 Tonne,Out for Delivery,1,0,10,AO892075,182,07:00,17:20,Sample Mate 073
2026-09-19,SA21SHH,Coventry,3.5 Tonne,Out for Delivery,1,1,13,AO737370,106,06:15,15:50,
2026-09-19,SA25KHM,Coventry,3.5 Tonne,RELOAD PT 2,1,4,20,AO776718,149,06:00,14:05,
2026-09-19,SA25GSY,Coventry,3.5 Tonne,Out for Delivery,1,1,13,AO986546,110,07:15,15:35,
2026-09-19,SA25XLB,Coventry,3.5 Tonne,Out for Delivery,1,0,14,AO386022,131,06:30,15:50,
2026-09-19,SA19OVF,Coventry,3.5 Tonne,Out for Delivery,1,0,16,AO621263,166,05:00,16:50,Sample Mate 005
2026-09-19,SA20FYM,Coventry,Hi-Cube,Out for Delivery,1,1,9,AO416441,128,08:15,16:50,Sample Mate 064
2026-09-19,SA23YCJ,Coventry,Hi-Cube,Out for Delivery,1,0,19,AO964134,151,07:15,15:20,
2026-09-19,SA25XHM,Potters-Bar,Hi-Cube,Out for Delivery,1,1,9,AO826352,171,06:00,15:50,
2026-09-19,SA21PDJ,Potters-Bar,3.5 Tonne,RELOAD PT 2,1,0,15,AO131519,185,06:30,17:35,
2026-09-19,SA22YAV,Potters-Bar,3.5 Tonne,VOR,0,0,0,,,,,
2026-09-19,SA24THH,Potters-Bar,3.5 Tonne,Out for Delivery,1,1,14,AO793296,164,06:00,16:50,
2026-09-19,SA23LVT,Potters-Bar,3.5 Tonne,Stood Not Utilised,0,0,0,,,,,
2026-09-19,SA19KZK,Potters-Bar,3.5 Tonne,Out for Delivery,1,1,20,AO766025,159,05:30,16:35,
2026-09-19,SA25AEV,Potters-Bar,3.5 Tonne,Stood Not Utilised,0,0,0,,,,,
2026-09-19,SA23ZPM,Potters-Bar,3.5 Tonne,Out for Delivery,1,2,17,AO306937,110,06:30,17:20,Sample Mate 101
2026-09-19,SA19ACC,Potters-Bar,Hi-Cube,Out for Delivery,1,0,11,AO242755,133,08:45,17:35,
2026-09-19,SA22NVA,Potters-Bar,Hi-Cube,Out for Delivery,1,4,21,AO247429,117,07:15,16:20,Sample Mate 080
2026-09-19,SA20DXH,Potters-Bar,Hi-Cube,Out for Delivery,1,4,14,AO423668,133,08:30,15:35,
2026-09-19,SA24UHX,Gravesend,3.5 Tonne,Stood Not Utilised,0,0,0,,,,,
2026-09-19,SA22LMX,Gravesend,3.5 Tonne,VOR,0,0,0,,,,,
2026-09-19,SA19XZP,Gravesend,3.5 Tonne,Stood Not Utilised,0,0,0,,,,,
2026-09-19,SA24FRA,Gravesend,3.5 Tonne,Out for Delivery,1,3,9,AO309664,128,06:00,13:05,Sample Mate 001
2026-09-19,SA20OTF,Gravesend,3.5 Tonne,Out for Delivery,1,1,13,AO845753,174,05:00,16:05,Sample Mate 053
2026-09-19,SA25PHP,Gravesend,3.5 Tonne,Stood Not Utilised,0,0,0,,,,,
2026-09-19,SA19PHZ,Gravesend,3.5 Tonne,Out for Delivery,1,4,17,AO458862,198,07:30,15:05,
2026-09-19,SA24MXA,Gravesend,Hi-Cube,Stood Not Utilised,0,0,0,,,,,
2026-09-19,SA21YAK,Gravesend,Hi-Cube,Out for Delivery,1,2,11,AO828076,145,06:15,15:35,
2026-09-19,SA21SAN,Gravesend,Hi-Cube,Out for Delivery,1,3,12,AO658307,157,06:15,15:35,Sample Mate 106
2026-09-19,SA19MMF,Gravesend,3.5 Tonne,Out for Delivery,1,0,9,AO213077,102,06:30,17:50,
2026-09-19,SA25CYG,Yaxley,3.5 Tonne,Out for Delivery,1,0,22,AO871073,150,06:00,16:50,
2026-09-19,SA19RBJ,Yaxley,3.5 Tonne,Stood,0,0,0,,,,,
2026-09-19,SA23OLT,Yaxley,3.5 Tonne,Out for Delivery,1,1,8,AO131725,178,07:00,14:05,Sample Mate 117
2026-09-19,SA21RES,Yaxley,3.5 Tonne,Out for Delivery,1,3,14,AO912061,101,07:15,15:20,
2026-09-19,SA25DNN,Yaxley,3.5 Tonne,Out for Delivery,1,1,15,AO397999,128,06:45,16:05,
2026-09-19,SA20SHU,Yaxley,3.5 Tonne,RELOAD PT 2,1,3,14,AO843113,168,08:00,15:35,
2026-09-19,SA19BBM,Yaxley,Hi-Cube,Out for Delivery,1,2,16,AO323219,161,05:30,13:50,
2026-09-19,SA25GYJ,Yaxley,Hi-Cube,Out for Delivery,1,2,21,AO698520,177,05:45,13:05,
2026-09-19,SA24WTN,Yaxley,Hi-Cube,RELOAD PT 2,1,3,12,AO744458,184,08:15,18:05,Sample Mate 072
2026-09-19,SA24TKC,Yaxley,3.5 Tonne,Out for Delivery,1,1,8,AO747639,188,05:00,13:35,
2026-09-19,SA25PNC,Luton,3.5 Tonne,Stood,0,0,0,,,,,
2026-09-19,SA24VEA,Luton,3.5 Tonne,VOR,0,0,0,,,,,
2026-09-19,SA25DWU,Luton,3.5 Tonne,Stood Not Utilised,0,0,0,,,,,
2026-09-19,SA21COD,Luton,3.5 Tonne,Out for Delivery,1,4,16,AO964126,188,06:00,14:35,
2026-09-19,SA23JZM,Luton,3.5 Tonne,Out for Delivery,1,0,17,AO495433,141,06:30,17:35,Sample Mate 007
2026-09-19,SA24WRX,Luton,3.5 Tonne,Out for Delivery,1,1,10,AO685214,110,05:15,12:20,
2026-09-19,SA24YRO,Luton,Hi-Cube,Stood Not Utilised,0,0,0,,,,,
2026-09-19,SA24JAR,Luton,Hi-Cube,RELOAD PT 2,1,4,19,AO832121,120,07:30,17:50,Sample Mate 034
2026-09-19,SA21ZOF,Luton,Hi-Cube,Out for Delivery,1,1,9,AO668234,121,07:30,17:35,
2026-09-19,SA22UKH,Luton,3.5 Tonne,Stood Not Utilised,0,0,0,,,,,
2026-09-19,SA24UPH,Newport,3.5 Tonne,Out for Delivery,1,4,20,AO191751,199,06:15,16:50,Sample Mate 046
2026-09-19,SA20JBR,Newport,3.5 Tonne,Out for Delivery,1,1,14,AO311330,162,06:45,15:35,
2026-09-19,SA21HEE,Newport,3.5 Tonne,VOR,0,0,0,,,,,
2026-09-19,SA22DKA,Newport,3.5 Tonne,Stood,0,0,0,,,,,
2026-09-19,SA23RTM,Newport,3.5 Tonne,Out for Delivery,1,3,13,AO705094,188,05:15,13:35,Sample Mate 030
2026-09-19,SA21ZWR,Newport,3.5 Tonne,VOR,0,0,0,,,,,
2026-09-19,SA25PPX,Newport,Hi-Cube,Out for Delivery,1,1,21,AO498452,151,05:15,13:50,
2026-09-19,SA25EXC,Newport,Hi-Cube,Out for Delivery,1,2,22,AO408471,165,07:15,16:50,Sample Mate 021
2026-09-19,SA22CFE,Newport,Hi-Cube,RELOAD PT 2,1,2,12,AO579603,112,08:30,15:20,
2026-09-19,SA25XMM,Newport,3.5 Tonne,VOR,0,0,0,,,,,
2026-09-19,SA24NGE,Spennymoor,3.5 Tonne,Out for Delivery,1,2,19,AO760849,125,05:15,16:35,Sample Mate 052
2026-09-19,SA23LNH,Spennymoor,3.5 Tonne,RELOAD PT 2,1,4,18,AO914476,190,06:30,13:05,Sample Mate 010
2026-09-19,SA19BPJ,Spennymoor,3.5 Tonne,Out for Delivery,1,1,9,AO971197,154,05:45,16:35,Sample Mate 037
2026-09-19,SA25ZKJ,Spennymoor,3.5 Tonne,Stood Not Utilised,0,0,0,,,,,
2026-09-19,SA20WKR,Spennymoor,3.5 Tonne,Stood,0,0,0,,,,,
2026-09-19,SA23OJS,Spennymoor,3.5 Tonne,Out for Delivery,1,3,19,AO175502,113,08:15,16:50,Sample Mate 097
2026-09-19,SA25EED,Spennymoor,Hi-Cube,RELOAD PT 2,1,1,19,AO468696,105,06:15,13:20,
2026-09-19,SA22SNJ,Spennymoor,Hi-Cube,Out for Delivery,1,3,17,AO181171,159,06:15,14:35,
2026-09-19,SA23ELF,Spennymoor,Hi-Cube,Out for Delivery,1,0,21,AO221844,105,05:45,15:50,Sample Mate 059
2026-09-19,SA22YHZ,Spennymoor,3.5 Tonne,Stood Not Utilised,0,0,0,,,,,
2026-09-19,SA21GKN,Dundee,3.5 Tonne,Out for Delivery,1,2,9,AO738473,117,05:00,13:05,Sample Mate 028
2026-09-19,SA25EAJ,Dundee,3.5 Tonne,Out for Delivery,1,4,19,AO293214,172,05:45,14:05,
2026-09-19,SA19JDA,Dundee,3.5 Tonne,Out for Delivery,1,2,8,AO471659,109,07:45,15:35,
2026-09-19,SA22ROJ,Dundee,3.5 Tonne,RELOAD PT 2,1,0,17,AO327217,159,08:45,15:05,
2026-09-19,SA22DKF,Dundee,3.5 Tonne,RELOAD PT 2,1,0,10,AO715886,163,06:30,13:20,
2026-09-19,SA21BZA,Dundee,3.5 Tonne,Out for Delivery,1,2,11,AO447075,124,06:45,17:50,Sample Mate 027
2026-09-19,SA23RHZ,Dundee,Hi-Cube,Out for Delivery,1,1,12,AO191150,149,05:45,13:35,Sample Mate 087
2026-09-19,SA24HUJ,Dundee,Hi-Cube,RELOAD PT 2,1,4,19,AO248182,193,06:45,16:05,
2026-09-19,SA24XPF,Dundee,Hi-Cube,Out for Delivery,1,4,8,AO864396,121,06:15,13:05,Sample Mate 001
2026-09-19,SA21CCO,Crawley,3.5 Tonne,Out for Delivery,1,3,21,AO282974,143,08:30,17:50,
2026-09-19,SA22YMS,Crawley,3.5 Tonne,Out for Delivery,1,4,16,AO368593,157,06:45,15:05,Sample Mate 080
2026-09-19,SA23TCW,Crawley,3.5 Tonne,Out for Delivery,1,1,10,AO867138,188,07:45,16:20,
2026-09-19,SA23LTT,Crawley,3.5 Tonne,Out for Delivery,1,1,10,AO598463,117,08:00,15:20,
2026-09-19,SA20CXC,Crawley,3.5 Tonne,Stood,0,0,0,,,,,
2026-09-19,SA22KZH,Crawley,3.5 Tonne,Out for Delivery,1,4,20,AO249970,153,08:45,16:50,
2026-09-19,SA24SVW,Crawley,3.5 Tonne,Out for Delivery,1,2,22,AO148043,196,06:30,14:20,Sample Mate 097
2026-09-19,SA22CFJ,Crawley,Hi-Cube,Out for Delivery,1,1,13,AO133608,165,07:45,17:35,
2026-09-19,SA21CEN,Heywood,Hi-Cube,Stood,0,0,0,,,,,
2026-09-19,SA23SWZ,Heywood,Hi-Cube,Out for Delivery,1,4,13,AO744570,182,08:15,15:50,
2026-09-19,SA22LUM,Heywood,3.5 Tonne,Out for Delivery,1,0,18,AO292804,129,08:15,16:50,Sample Mate 101
2026-09-19,SA25KXF,Heywood,3.5 Tonne,Out for Delivery,1,2,12,AO759182,118,07:15,15:35,
2026-09-19,SA24WUX,Heywood,3.5 Tonne,Stood,0,0,0,,,,,
2026-09-19,SA19GHF,Heywood,3.5 Tonne,Out for Delivery,1,4,12,AO757725,185,05:00,16:35,Sample Mate 066
2026-09-19,SA21VAL,Heywood,3.5 Tonne,Out for Delivery,1,1,10,AO704987,155,06:00,15:05,
2026-09-19,SA23BVR,Heywood,3.5 Tonne,Out for Delivery,1,2,20,AO768012,116,07:45,17:35,Sample Mate 060
2026-09-19,SA24UTB,Larkhall,3.5 Tonne,Out for Delivery,1,4,17,AO857325,138,06:00,16:35,Sample Mate 094
2026-09-19,SA19AAK,Larkhall,Hi-Cube,Out for Delivery,1,3,15,AO694879,159,07:45,18:50,
2026-09-19,SA19FOW,Larkhall,Hi-Cube,Out for Delivery,1,0,9,AO730019,136,06:00,15:05,
2026-09-19,SA19MYE,Larkhall,Hi-Cube,Out for Delivery,1,4,22,AO159406,174,07:00,15:20,Sample Mate 066
2026-09-19,SA19SSR,Larkhall,3.5 Tonne,Out for Delivery,1,2,9,AO344205,150,07:45,14:20,Sample Mate 093
2026-09-19,SA20SBV,Larkhall,3.5 Tonne,Out for Delivery,1,3,17,AO934589,139,06:15,14:50,Sample Mate 007
2026-09-19,SA21JDG,Larkhall,3.5 Tonne,Out for Delivery,1,0,13,AO514054,124,06:45,14:05,
2026-09-19,SA25OEB,Basildon,3.5 Tonne,Out for Delivery,1,1,10,AO902839,168,06:30,16:05,Sample Mate 056
2026-09-19,SA20DZU,Basildon,3.5 Tonne,Out for Delivery,1,2,20,AO734955,170,06:00,15:35,
2026-09-19,SA19XOT,Basildon,3.5 Tonne,Stood Not Utilised,0,0,0,,,,,
2026-09-19,SA21FMO,Basildon,3.5 Tonne,VOR,0,0,0,,,,,
2026-09-19,SA24GBF,Basildon,Hi-Cube,Out for Delivery,1,4,12,AO872363,179,06:15,16:05,
2026-09-19,SA25RNO,Basildon,Hi-Cube,Stood,0,0,0,,,,,
2026-09-19,SA19XZU,Outside HDV Network,Hi-Cube,Out for Delivery,1,3,22,AO290088,124,06:15,14:20,Sample Mate 045
2026-09-19,SA19LMO,Outside HDV Network,3.5 Tonne,Out for Delivery,1,0,17,AO297546,129,06:00,13:35,Sample Mate 019
2026-09-19,SA24CXH,Outside HDV Network,3.5 Tonne,Out for Delivery,1,4,21,AO578114,154,06:45,16:35,Sample Mate 040
2026-09-19,SA24ACZ,Outside HDV Network,3.5 Tonne,Out for Delivery,1,0,13,AO958870,118,07:15,17:35,Sample Mate 084
2026-09-19,SA20EXZ,Fareham,3.5 Tonne,Out for Delivery,1,3,8,AO267118,194,06:30,15:05,Sample Mate 079
2026-09-19,SA21GBX,Fareham,3.5 Tonne,Stood Not Utilised,0,0,0,,,,,
2026-09-19,SA19LNB,Fareham,3.5 Tonne,VOR,0,0,0,,,,,
2026-09-19,SA19PGR,Fareham,3.5 Tonne,Out for Delivery,1,4,14,AO680434,156,07:15,14:35,Sample Mate 086
2026-09-19,SA19WEJ,Avonmouth,Hi-Cube,Out for Delivery,1,4,19,AO514229,111,05:00,15:20,Sample Mate 044
2026-09-19,SA22DLG,Avonmouth,Hi-Cube,Out for Delivery,1,2,18,AO311109,110,06:30,14:20,Sample Mate 008
2026-09-19,SA24FWY,Avonmouth,Hi-Cube,Stood Not Utilised,0,0,0,,,,,
2026-09-19,SA23LBS,Crewe,3.5 Tonne,Out for Delivery,1,1,8,AO211136,134,05:00,12:50,
2026-09-19,SA25BSS,Crewe,3.5 Tonne,Out for Delivery,1,1,13,AO524507,185,06:45,15:35,
2026-09-19,SA20FBH,Crewe,3.5 Tonne,Out for Delivery,1,1,10,AO366491,191,07:45,18:35,Sample Mate 111
2026-09-19,SA22TSZ,Crewe,3.5 Tonne,Stood Not Utilised,0,0,0,,,,,
2026-09-19,SA25DST,Crewe,3.5 Tonne,Out for Delivery,1,0,11,AO330532,180,05:15,15:50,Sample Mate 039
2026-09-19,SA25XEN,Crewe,3.5 Tonne,Out for Delivery,1,3,9,AO996439,173,06:00,14:05,Sample Mate 075
2026-09-19,SA23BYE,Crewe,3.5 Tonne,VOR,0,0,0,,,,,
2026-09-19,SA19MRR,Crewe,Hi-Cube,Out for Delivery,1,4,11,AO611430,160,05:45,12:05,
2026-09-19,SA24DLU,Crewe,Hi-Cube,Out for Delivery,1,1,22,AO207523,116,06:45,17:50,Sample Mate 048
2026-09-19,SA25YOS,Crewe,Hi-Cube,Out for Delivery,1,4,21,AO533830,172,06:00,13:50,Sample Mate 117
2026-09-19,SA19JFP,Crewe,3.5 Tonne,Stood Not Utilised,0,0,0,,,,,
2026-09-19,SA25VBZ,Crewe,3.5 Tonne,Out for Delivery,1,3,16,AO887015,180,06:30,14:50,Sample Mate 082
2026-09-19,SA19CNH,Crewe,3.5 Tonne,Out for Delivery,1,1,16,AO925465,198,06:00,17:35,Sample Mate 088
2026-09-19,SA21DSL,Crewe,3.5 Tonne,Out for Delivery,1,2,19,AO798849,173,06:00,14:05,
2026-09-19,SA20UEE,Crewe,3.5 Tonne,VOR,0,0,0,,,,,
2026-09-19,SA19YDC,Crewe,3.5 Tonne,Out for Delivery,1,4,13,AO874450,154,07:45,16:05,
2026-09-19,SA22BPZ,Crewe,3.5 Tonne,Out for Delivery,1,3,12,AO929044,150,08:00,18:20,Sample Mate 092
2026-09-19,SA23JPZ,Crewe,Hi-Cube,Out for Delivery,1,0,10,AO823702,185,05:45,12:35,Sample Mate 056
2026-09-19,SA19ECR,Crewe,Hi-Cube,Out for Delivery,1,0,9,AO446079,198,06:15,14:50,
2026-09-19,SA21HCL,Crewe,Hi-Cube,Out for Delivery,1,3,12,AO951309,103,07:30,17:50,
2026-09-19,SA25FMP,Crewe,3.5 Tonne,Out for Delivery,1,4,8,AO919797,138,06:00,16:20,
2026-09-19,SA20CBD,Crewe,3.5 Tonne,Out for Delivery,1,4,14,AO198633,103,05:15,13:05,
2026-09-19,SA22BVF,Crewe,3.5 Tonne,Stood Not Utilised,0,0,0,,,,,
2026-09-19,SA24UTV,Crewe,3.5 Tonne,Out for Delivery,1,2,10,AO330690,138,07:00,18:20,Sample Mate 028
2026-09-19,SA19UEA,Crewe,3.5 Tonne,Out for Delivery,1,1,10,AO885951,109,08:15,15:50,Sample Mate 082
2026-09-19,SA19NNF,Crewe,3.5 Tonne,Out for Delivery,1,2,13,AO598675,153,06:45,17:05,Sample Mate 080
2026-09-19,SA25GBJ,Crewe,3.5 Tonne,Out for Delivery,1,4,14,AO792293,163,06:15,16:35,
2026-09-19,SA24DKG,Crewe,Hi-Cube,Out for Delivery,1,2,12,AO130793,141,06:30,15:35,Sample Mate 081
2026-09-19,SA25FXR,Crewe,Hi-Cube,Out for Delivery,1,0,19,AO411304,155,06:30,17:05,
2026-09-19,SA25GPM,Crewe,Hi-Cube,Out for Delivery,1,2,11,AO485233,106,07:45,18:20,
2026-09-19,SA20NMS,Crewe,3.5 Tonne,Out for Delivery,1,0,12,AO798940,121,05:15,16:50,Sample Mate 017
2026-09-19,SA21UZE,Crewe,3.5 Tonne,Out for Delivery,1,2,11,AO957094,177,06:45,16:35,
2026-09-19,SA19ZOT,Crewe,3.5 Tonne,Out for Delivery,1,4,18,AO962166,155,06:30,17:50,
2026-09-19,SA21UZJ,Crewe,3.5 Tonne,Stood,0,0,0,,,,,
2026-09-19,SA19TOW,Crewe,3.5 Tonne,Out for Delivery,1,0,16,AO932198,194,06:00,14:20,Sample Mate 074
2026-09-19,SA21DLX,Crewe,3.5 Tonne,RELOAD PT 2,1,1,21,AO177127,165,06:00,15:20,
2026-09-19,SA22MAN,Crewe,3.5 Tonne,Out for Delivery,1,3,14,AO329588,145,05:30,16:20,
2026-09-19,SA20VGF,Crewe,Hi-Cube,Out for Delivery,1,2,9,AO321914,135,06:00,14:20,
2026-09-19,SA19XLS,Crossgreen,Hi-Cube,Stood,0,0,0,,,,,
2026-09-19,SA21ZDO,Crossgreen,Hi-Cube,VOR,0,0,0,,,,,
2026-09-19,SA21CHE,Crossgreen,3.5 Tonne,Out for Delivery,1,3,16,AO726288,156,07:30,17:05,
2026-09-19,SA23DFF,Crossgreen,3.5 Tonne,VOR,0,0,0,,,,,
2026-09-19,SA19NED,Crossgreen,3.5 Tonne,RELOAD PT 2,1,3,16,AO153175,130,06:00,17:20,
2026-09-19,SA19NWX,Crossgreen,3.5 Tonne,RELOAD PT 2,1,0,22,AO303321,109,06:00,14:05,Sample Mate 052
2026-09-19,SA25CNY,Crossgreen,3.5 Tonne,Out for Delivery,1,0,10,AO855793,120,08:00,17:35,
2026-09-19,SA23CDN,Crossgreen,3.5 Tonne,Out for Delivery,1,1,14,AO952395,155,08:15,16:05,Sample Mate 071
2026-09-19,SA19LOX,Crossgreen,3.5 Tonne,Out for Delivery,1,3,8,AO693606,156,06:00,14:05,Sample Mate 030
2026-09-19,SA25CCF,Crossgreen,Hi-Cube,VOR,0,0,0,,,,,
2026-09-19,SA23PMY,Crossgreen,Hi-Cube,VOR,0,0,0,,,,,
2026-09-19,SA20YRS,Crossgreen,Hi-Cube,Out for Delivery,1,0,22,AO868511,183,07:30,15:50,
2026-09-19,SA23SMA,Crossgreen,3.5 Tonne,VOR,0,0,0,,,,,
2026-09-19,SA19XKN,Crossgreen,3.5 Tonne,Out for Delivery,1,4,11,AO219597,196,05:30,15:05,Sample Mate 070
2026-09-19,SA21VER,Crossgreen,3.5 Tonne,Out for Delivery,1,1,17,AO163490,192,07:45,17:50,
2026-09-19,SA19TVB,Stoke,3.5 Tonne,Out for Delivery,1,0,16,AO309205,146,06:00,13:20,
2026-09-19,SA22UUP,Stoke,3.5 Tonne,Out for Delivery,1,2,12,AO192363,167,06:45,15:50,
2026-09-19,SA21UZD,Stoke,3.5 Tonne,Stood Not Utilised,0,0,0,,,,,
2026-09-19,SA21CDW,Stoke,3.5 Tonne,RELOAD PT 2,1,0,18,AO189086,116,05:45,16:20,Sample Mate 061
2026-09-19,SA21LRE,Stoke,Hi-Cube,Out for Delivery,1,0,15,AO321015,171,06:00,14:50,Sample Mate 085
2026-09-19,SA20WLB,Stoke,Hi-Cube,Out for Delivery,1,0,12,AO673142,197,07:00,15:35,Sample Mate 115
2026-09-19,SA24NET,Stoke,Hi-Cube,Stood,0,0,0,,,,,
2026-09-19,SA23ZOM,Stoke,3.5 Tonne,Stood Not Utilised,0,0,0,,,,,
2026-09-19,SA25WUH,Stoke,3.5 Tonne,VOR,0,0,0,,,,,
2026-09-19,SA20GUD,Stoke,3.5 Tonne,Stood,0,0,0,,,,,
2026-09-19,SA24ZYS,Stoke,3.5 Tonne,VOR,0,0,0,,,,,
2026-09-19,SA19LBV,Stoke,3.5 Tonne,Out for Delivery,1,2,21,AO142007,153,06:45,14:35,
2026-09-19,SA19KFD,Stoke,3.5 Tonne,Out for Delivery,1,0,8,AO278308,158,05:45,16:50,
2026-09-19,SA23BZY,Exeter,3.5 Tonne,Out for Delivery,1,2,21,AO218635,192,06:00,14:05,
2026-09-19,SA19ZDR,Exeter,Hi-Cube,Out for Delivery,1,2,18,AO671453,158,06:45,13:35,
2026-09-19,SA19JLV,Exeter,Hi-Cube,Out for Delivery,1,3,15,AO131121,180,06:00,13:50,Sample Mate 055
2026-09-19,SA20HPY,Exeter,Hi-Cube,Out for Delivery,1,1,20,AO116639,170,08:45,18:50,
2026-09-19,SA22EVO,Exeter,3.5 Tonne,Out for Delivery,1,1,17,AO810597,145,06:00,15:35,Sample Mate 047
2026-09-19,SA24CLV,Exeter,3.5 Tonne,Out for Delivery,1,0,14,AO909475,146,07:45,16:20,Sample Mate 107
2026-09-19,SA22TYE,Exeter,3.5 Tonne,Out for Delivery,1,3,16,AO259383,167,06:15,15:35,
2026-09-19,SA21ALE,Exeter,3.5 Tonne,Out for Delivery,1,3,17,AO516325,170,06:00,16:35,Sample Mate 075
2026-09-19,SA20DZV,Exeter,3.5 Tonne,Out for Delivery,1,0,9,AO302031,186,05:00,12:50,
2026-09-19,SA19TKZ,Exeter,3.5 Tonne,RELOAD PT 2,1,3,20,AO427497,108,06:30,17:05,Sample Mate 042
2026-09-19,SA24UBW,Exeter,3.5 Tonne,VOR,0,0,0,,,,,
2026-09-19,SA22DLT,Exeter,Hi-Cube,Out for Delivery,1,1,10,AO667304,178,08:00,17:35,Sample Mate 099
2026-09-19,SA20AMK,Coventry,Hi-Cube,Stood Not Utilised,0,0,0,,,,,
2026-09-19,SA20TRB,Coventry,Hi-Cube,Out for Delivery,1,0,20,AO975023,173,06:45,13:05,
2026-09-19,SA21YHN,Coventry,3.5 Tonne,Stood Not Utilised,0,0,0,,,,,
2026-09-19,SA25OFL,Coventry,3.5 Tonne,Out for Delivery,1,2,20,AO581423,129,07:30,17:05,
2026-09-19,SA25GVF,Coventry,3.5 Tonne,Out for Delivery,1,3,9,AO250444,196,07:00,16:35,
2026-09-19,SA25HHH,Coventry,3.5 Tonne,Out for Delivery,1,2,21,AO259490,189,08:30,17:20,
2026-09-19,SA22UNE,Coventry,3.5 Tonne,VOR,0,0,0,,,,,
2026-09-19,SA23JZS,Coventry,3.5 Tonne,Out for Delivery,1,4,8,AO138117,154,08:30,15:50,Sample Mate 028
2026-09-19,SA22BPB,Coventry,3.5 Tonne,Out for Delivery,1,3,17,AO562129,194,05:00,14:50,
2026-09-19,SA25ARM,Coventry,Hi-Cube,Out for Delivery,1,1,17,AO398016,172,06:30,13:35,
2026-09-19,SA22WDT,Coventry,Hi-Cube,Out for Delivery,1,4,13,AO609516,144,07:15,16:20,
2026-09-19,SA22MSC,Potters-Bar,Hi-Cube,Stood Not Utilised,0,0,0,,,,,
2026-09-19,SA22ZWZ,Potters-Bar,3.5 Tonne,Stood Not Utilised,0,0,0,,,,,
2026-09-19,SA23RZJ,Potters-Bar,3.5 Tonne,Out for Delivery,1,4,21,AO684225,117,06:15,17:20,
2026-09-19,SA22OTU,Potters-Bar,3.5 Tonne,Out for Delivery,1,4,10,AO638288,120,08:45,16:50,
2026-09-19,SA21FCH,Potters-Bar,3.5 Tonne,VOR,0,0,0,,,,,
2026-09-19,SA20PCO,Potters-Bar,3.5 Tonne,Out for Delivery,1,3,17,AO386315,151,06:15,17:20,
2026-09-19,SA25BFB,Potters-Bar,3.5 Tonne,Out for Delivery,1,0,22,AO361030,195,07:45,17:50,
2026-09-19,SA19DRJ,Potters-Bar,3.5 Tonne,Out for Delivery,1,1,12,AO698791,168,06:45,13:50,
2026-09-19,SA23EWM,Potters-Bar,Hi-Cube,Out for Delivery,1,4,11,AO298729,190,05:00,16:20,
2026-09-19,SA20UTN,Potters-Bar,Hi-Cube,Out for Delivery,1,1,8,AO834140,149,06:30,16:20,Sample Mate 007
2026-09-19,SA21VHW,Potters-Bar,Hi-Cube,RELOAD PT 2,1,3,12,AO439323,141,05:00,13:50,Sample Mate 093
2026-09-19,SA24EGM,Gravesend,3.5 Tonne,Out for Delivery,1,0,17,AO873498,149,06:45,15:20,
2026-09-19,SA20USA,Gravesend,3.5 Tonne,Out for Delivery,1,2,19,AO450495,110,07:45,15:05,
2026-09-19,SA21DKO,Gravesend,3.5 Tonne,Out for Delivery,1,4,18,AO433301,165,06:30,17:50,Sample Mate 108
2026-09-19,SA21VKR,Gravesend,3.5 Tonne,Out for Delivery,1,1,15,AO396429,191,07:45,18:35,Sample Mate 113
2026-09-19,SA24WSV,Gravesend,3.5 Tonne,Out for Delivery,1,0,16,AO366051,134,07:00,18:35,
2026-09-19,SA22TVT,Gravesend,3.5 Tonne,Out for Delivery,1,1,14,AO603958,159,08:45,16:20,Sample Mate 087
2026-09-19,SA22OKR,Gravesend,3.5 Tonne,Out for Delivery,1,1,18,AO766657,199,07:30,17:50,
2026-09-19,SA24YXV,Gravesend,Hi-Cube,Out for Delivery,1,1,12,AO334822,119,05:30,12:50,Sample Mate 102
2026-09-19,SA23ZEG,Gravesend,Hi-Cube,Stood Not Utilised,0,0,0,,,,,
2026-09-19,SA25HWN,Gravesend,Hi-Cube,Out for Delivery,1,3,12,AO531470,161,05:15,14:35,
2026-09-19,SA23HXN,Gravesend,3.5 Tonne,Out for Delivery,1,3,8,AO338783,138,05:30,12:50,Sample Mate 100
2026-09-19,SA20CKP,Yaxley,3.5 Tonne,Out for Delivery,1,2,15,AO696614,126,06:15,16:05,
2026-09-19,SA22NUY,Yaxley,3.5 Tonne,Stood,0,0,0,,,,,
2026-09-19,SA25DXX,Yaxley,3.5 Tonne,RELOAD PT 2,1,2,22,AO313371,155,05:15,13:20,Sample Mate 089
2026-09-19,SA20TPF,Yaxley,3.5 Tonne,Out for Delivery,1,2,20,AO209073,144,05:30,14:20,
2026-09-19,SA20JNS,Yaxley,3.5 Tonne,Out for Delivery,1,4,21,AO980880,122,07:30,16:50,Sample Mate 084
2026-09-19,SA21LKC,Yaxley,3.5 Tonne,VOR,0,0,0,,,,,
2026-09-19,SA23CEV,Yaxley,Hi-Cube,Out for Delivery,1,1,14,AO678980,168,05:15,14:35,
2026-09-19,SA19TEY,Yaxley,Hi-Cube,Out for Delivery,1,3,14,AO762541,178,05:15,14:35,
2026-09-19,SA23VWZ,Yaxley,Hi-Cube,Stood Not Utilised,0,0,0,,,,,
2026-09-19,SA23YPM,Yaxley,3.5 Tonne,Stood Not Utilised,0,0,0,,,,,
2026-09-19,SA21CTP,Luton,3.5 Tonne,Out for Delivery,1,1,15,AO341565,106,06:30,17:35,Sample Mate 077
2026-09-19,SA20HOW,Luton,3.5 Tonne,Out for Delivery,1,3,15,AO501141,190,05:15,16:35,
2026-09-19,SA23XGS,Luton,3.5 Tonne,VOR,0,0,0,,,,,
2026-09-19,SA25FZR,Luton,3.5 Tonne,Out for Delivery,1,0,19,AO731741,125,06:30,16:50,Sample Mate 079
2026-09-19,SA24TBJ,Luton,3.5 Tonne,Out for Delivery,1,0,15,AO939658,189,07:00,15:05,Sample Mate 082
2026-09-19,SA21RWX,Luton,3.5 Tonne,Out for Delivery,1,1,9,AO606847,152,08:30,15:50,Sample Mate 051
2026-09-19,SA25ZDS,Luton,Hi-Cube,RELOAD PT 2,1,0,15,AO439560,112,06:30,17:05,
2026-09-19,SA21BSM,Luton,Hi-Cube,Out for Delivery,1,1,19,AO901323,188,06:15,17:20,Sample Mate 015
2026-09-19,SA21LYC,Luton,Hi-Cube,Out for Delivery,1,0,20,AO242699,142,06:00,14:35,Sample Mate 073
2026-09-19,SA23UUX,Luton,3.5 Tonne,Out for Delivery,1,2,14,AO194025,155,05:15,12:20,
2026-09-19,SA25HTE,Newport,3.5 Tonne,Out for Delivery,1,1,10,AO501231,123,07:00,18:05,Sample Mate 094
2026-09-19,SA20YYE,Newport,3.5 Tonne,Out for Delivery,1,1,21,AO993829,136,08:45,16:05,
2026-09-19,SA25HKJ,Newport,3.5 Tonne,Stood Not Utilised,0,0,0,,,,,
2026-09-19,SA23EPZ,Newport,3.5 Tonne,Out for Delivery,1,3,19,AO557667,169,05:00,15:50,
2026-09-19,SA21NVS,Newport,3.5 Tonne,Out for Delivery,1,3,12,AO823077,106,08:45,17:50,Sample Mate 028
2026-09-19,SA20TYO,Newport,3.5 Tonne,VOR,0,0,0,,,,,
2026-09-19,SA19MCG,Newport,Hi-Cube,Out for Delivery,1,2,17,AO505473,127,07:30,16:35,Sample Mate 073
2026-09-19,SA25BMC,Newport,Hi-Cube,VOR,0,0,0,,,,,
2026-09-19,SA21KRA,Newport,Hi-Cube,Out for Delivery,1,3,15,AO323486,185,06:00,14:20,Sample Mate 008
2026-09-19,SA19DRA,Newport,3.5 Tonne,Stood Not Utilised,0,0,0,,,,,
2026-09-19,SA20GDO,Spennymoor,3.5 Tonne,Stood Not Utilised,0,0,0,,,,,
2026-09-19,SA20PDC,Spennymoor,3.5 Tonne,Out for Delivery,1,0,15,AO351018,115,06:15,17:35,Sample Mate 015
2026-09-19,SA20XTS,Spennymoor,3.5 Tonne,Out for Delivery,1,1,22,AO416764,147,07:45,15:20,Sample Mate 091
2026-09-19,SA21MOH,Spennymoor,3.5 Tonne,Stood,0,0,0,,,,,
2026-09-19,SA23SYT,Spennymoor,3.5 Tonne,Out for Delivery,1,0,20,AO863715,112,05:15,12:05,Sample Mate 019
2026-09-19,SA23HWK,Spennymoor,3.5 Tonne,Out for Delivery,1,4,21,AO559222,184,06:15,14:35,Sample Mate 077
2026-09-19,SA23KYB,Spennymoor,Hi-Cube,Out for Delivery,1,4,20,AO743507,101,05:15,14:50,
2026-09-19,SA24VPW,Crewe,18 Tonne,Out for Delivery,1,1,18,AO100116,138,06:30,17:05,
2026-09-19,SA19DSG,Crewe,18 Tonne,Out for Delivery,1,1,15,AO134423,167,07:45,18:05,Sample Mate 026
2026-09-19,SA24SHG,Crewe,18 Tonne,Out for Delivery,1,2,11,AO102086,197,07:30,18:20,
2026-09-19,SA23MDE,Crewe,18 Tonne,Out for Delivery,1,3,20,AO341208,144,06:00,14:35,Sample Mate 043
2026-09-19,SA25ZDT,Crewe,18 Tonne,Out for Delivery,1,0,19,AO870227,192,06:30,15:35,Sample Mate 022
2026-09-19,SA23SWO,Crewe,18 Tonne,RELOAD PT 2,1,4,19,AO312174,129,06:00,13:20,
2026-09-19,SA24RVH,Crewe,18 Tonne,Stood Not Utilised,0,0,0,,,,,
2026-09-19,SA20NEV,Crewe,18 Tonne,RELOAD PT 2,1,2,10,AO866646,177,06:15,14:20,
2026-09-19,SA21XVA,Crewe,18 Tonne,Out for Delivery,1,1,20,AO784191,111,05:00,12:05,
2026-09-19,SA22LYH,Crewe,18 Tonne,Out for Delivery,1,4,22,AO375589,199,06:00,14:05,
2026-09-19,SA21JTW,Crewe,18 Tonne,Out for Delivery,1,1,11,AO925943,168,08:45,17:05,
2026-09-19,SA21XVX,Crewe,18 Tonne,Stood,0,0,0,,,,,
2026-09-19,SA23RCF,Crewe,18 Tonne,Out for Delivery,1,1,19,AO925052,120,08:00,17:05,Sample Mate 066
2026-09-19,SA25RMO,Crewe,18 Tonne,Out for Delivery,1,1,14,AO473401,184,06:00,17:50,
2026-09-19,SA24LJW,Crewe,18 Tonne,Out for Delivery,1,3,10,AO580447,181,05:45,16:35,Sample Mate 120
2026-09-19,SA20OWC,Crewe,18 Tonne,Out for Delivery,1,3,21,AO419505,199,05:45,12:50,Sample Mate 012
2026-09-19,SA19DBD,Crewe,18 Tonne,Out for Delivery,1,4,17,AO920695,109,07:30,17:35,Sample Mate 106
2026-09-19,SA24LDP,Crewe,18 Tonne,Out for Delivery,1,1,19,AO617109,107,06:30,14:50,Sample Mate 058
2026-09-19,SA23KXZ,Crewe,18 Tonne,Out for Delivery,1,0,10,AO398582,136,05:45,14:50,
2026-09-19,SA21ODB,Crewe,18 Tonne,VOR,0,0,0,,,,,
2026-09-19,SA24FBZ,Crewe,18 Tonne,Out for Delivery,1,2,17,AO768588,104,08:30,19:35,Sample Mate 115
2026-09-19,SA21TMJ,Crewe,18 Tonne,Stood,0,0,0,,,,,
2026-09-19,SA24HBV,Crewe,18 Tonne,Out for Delivery,1,1,9,AO953394,149,05:15,14:20,
2026-09-19,SA24OKB,Crewe,18 Tonne,Out for Delivery,1,4,11,AO566100,171,06:30,13:05,
2026-09-19,SA24VYR,Crewe,18 Tonne,Out for Delivery,1,0,19,AO609173,165,06:30,17:35,
2026-09-19,SA24MCW,Crewe,18 Tonne,Stood,0,0,0,,,,,
2026-09-19,SA20RLP,Crewe,18 Tonne,Out for Delivery,1,3,19,AO463547,105,08:15,15:05,Sample Mate 006
2026-09-19,SA19CBG,Crewe,18 Tonne,Out for Delivery,1,4,21,AO690453,193,05:30,13:20,
2026-09-19,SA19PMX,Crewe,18 Tonne,Out for Delivery,1,2,11,AO249023,149,08:15,18:20,
2026-09-19,SA21LXC,Crewe,18 Tonne,VOR,0,0,0,,,,,
2026-09-19,SA25TBJ,Crewe,18 Tonne,VOR,0,0,0,,,,,
2026-09-19,SA22PJY,Crewe,18 Tonne,VOR,0,0,0,,,,,
2026-09-19,SA21TOM,Crossgreen,18 Tonne,VOR,0,0,0,,,,,
2026-09-19,SA24KJN,Crossgreen,18 Tonne,Stood Not Utilised,0,0,0,,,,,
2026-09-19,SA21KTM,Crossgreen,18 Tonne,Out for Delivery,1,2,9,AO288440,131,06:00,13:35,Sample Mate 069
2026-09-19,SA23NYF,Crossgreen,18 Tonne,VOR,0,0,0,,,,,
2026-09-19,SA21VPR,Crossgreen,18 Tonne,Out for Delivery,1,2,22,AO138901,171,07:45,16:05,
2026-09-19,SA19UCD,Crossgreen,18 Tonne,VOR,0,0,0,,,,,
2026-09-19,SA19KFZ,Crossgreen,18 Tonne,Out for Delivery,1,4,15,AO371736,159,08:00,19:05,
2026-09-19,SA22PNW,Crossgreen,18 Tonne,Stood Not Utilised,0,0,0,,,,,
2026-09-19,SA20GGO,Crossgreen,18 Tonne,Out for Delivery,1,3,9,AO266175,121,06:45,14:35,Sample Mate 013
2026-09-19,SA24KNV,Crossgreen,18 Tonne,Out for Delivery,1,1,15,AO126646,109,06:15,16:05,
2026-09-19,SA23UJX,Crossgreen,18 Tonne,Out for Delivery,1,0,12,AO235804,180,08:00,18:35,
2026-09-19,SA24ZDJ,Crossgreen,18 Tonne,RELOAD PT 2,1,1,13,AO716585,153,06:00,16:20,Sample Mate 032
2026-09-19,SA24CYO,Crossgreen,18 Tonne,VOR,0,0,0,,,,,
2026-09-19,SA19GCZ,Crossgreen,18 Tonne,Out for Delivery,1,4,20,AO430761,193,06:15,17:05,Sample Mate 096
2026-09-19,SA24XKP,Crossgreen,18 Tonne,Stood Not Utilised,0,0,0,,,,,
2026-09-19,SA20MNW,Stoke,18 Tonne,VOR,0,0,0,,,,,
2026-09-19,SA21LTS,Stoke,18 Tonne,Out for Delivery,1,1,12,AO750671,174,07:15,14:20,
2026-09-19,SA21JWU,Stoke,18 Tonne,Out for Delivery,1,4,22,AO422704,195,05:45,15:20,
2026-09-19,SA22MPO,Stoke,18 Tonne,Stood Not Utilised,0,0,0,,,,,
2026-09-19,SA23FGZ,Stoke,18 Tonne,Out for Delivery,1,1,22,AO807102,172,07:15,18:05,
2026-09-19,SA19AHK,Stoke,18 Tonne,Out for Delivery,1,1,19,AO424597,116,06:30,15:05,
2026-09-19,SA22PLL,Stoke,18 Tonne,Out for Delivery,1,0,18,AO454476,128,06:45,13:20,
2026-09-19,SA25ZSG,Stoke,18 Tonne,Out for Delivery,1,2,12,AO936087,166,08:45,16:35,
2026-09-19,SA25GNY,Stoke,18 Tonne,Out for Delivery,1,2,20,AO428319,108,07:15,18:35,Sample Mate 072
2026-09-19,SA19STN,Stoke,18 Tonne,Out for Delivery,1,2,16,AO833674,108,06:00,13:20,Sample Mate 081
2026-09-19,SA24VMA,Stoke,18 Tonne,Out for Delivery,1,0,11,AO508524,178,08:45,15:50,
2026-09-19,SA20KVE,Stoke,18 Tonne,Out for Delivery,1,3,21,AO248782,166,05:30,12:50,Sample Mate 079
2026-09-19,SA25XBH,Stoke,18 Tonne,Out for Delivery,1,4,8,AO928629,131,06:30,15:20,Sample Mate 053
2026-09-19,SA22ECK,Exeter,18 Tonne,Out for Delivery,1,2,9,AO371301,161,06:30,13:35,
2026-09-19,SA23XWV,Exeter,18 Tonne,VOR,0,0,0,,,,,
2026-09-19,SA24BVV,Exeter,18 Tonne,Out for Delivery,1,2,8,AO172627,128,08:30,19:20,
2026-09-19,SA22GKH,Exeter,18 Tonne,Out for Delivery,1,1,22,AO701473,195,07:15,18:20,
2026-09-19,SA23KXY,Exeter,18 Tonne,Out for Delivery,1,2,8,AO754356,125,05:15,13:50,
2026-09-19,SA24SGK,Exeter,18 Tonne,Stood Not Utilised,0,0,0,,,,,
2026-09-19,SA25VWR,Exeter,18 Tonne,RELOAD PT 2,1,1,11,AO736368,189,06:00,16:20,Sample Mate 080
2026-09-19,SA19UUP,Exeter,18 Tonne,Out for Delivery,1,3,19,AO986449,125,05:00,13:50,Sample Mate 002
2026-09-19,SA23GVU,Exeter,18 Tonne,Out for Delivery,1,4,10,AO976184,182,06:00,13:50,
2026-09-19,SA19NLA,Exeter,18 Tonne,Out for Delivery,1,3,12,AO164504,188,06:45,17:50,
2026-09-19,SA23ALA,Exeter,18 Tonne,Stood,0,0,0,,,,,
2026-09-19,SA19OYK,Exeter,18 Tonne,Stood Not Utilised,0,0,0,,,,,
2026-09-19,SA24KOK,Coventry,18 Tonne,Out for Delivery,1,0,22,AO917467,177,08:15,17:05,Sample Mate 069
2026-09-19,SA22YJZ,Coventry,18 Tonne,Out for Delivery,1,2,18,AO248272,116,08:00,17:50,Sample Mate 032
2026-09-19,SA22BHS,Coventry,18 Tonne,Out for Delivery,1,3,9,AO496152,133,05:30,14:20,
2026-09-19,SA24SEK,Coventry,18 Tonne,Out for Delivery,1,0,20,AO749530,116,05:15,16:05,
2026-09-19,SA22XYU,Coventry,18 Tonne,Out for Delivery,1,1,16,AO483182,143,05:00,14:05,Sample Mate 026
2026-09-19,SA24TRA,Coventry,18 Tonne,Stood Not Utilised,0,0,0,,,,,
2026-09-19,SA20EMJ,Coventry,18 Tonne,Out for Delivery,1,4,18,AO250486,137,07:00,15:20,
2026-09-19,SA22XTZ,Coventry,18 Tonne,Out for Delivery,1,1,9,AO439422,147,06:30,14:20,
2026-09-19,SA25JMV,Coventry,18 Tonne,Out for Delivery,1,4,18,AO676313,175,05:30,12:20,
2026-09-19,SA23OFT,Coventry,18 Tonne,Out for Delivery,1,3,19,AO991790,181,08:00,17:05,
2026-09-19,SA24MFS,Coventry,18 Tonne,RELOAD PT 2,1,0,8,AO893858,128,05:15,15:35,
2026-09-19,SA24NEL,Potters-Bar,18 Tonne,Out for Delivery,1,3,10,AO516610,103,05:30,12:50,
2026-09-19,SA21ERL,Potters-Bar,18 Tonne,Stood Not Utilised,0,0,0,,,,,
2026-09-19,SA25UXF,Potters-Bar,18 Tonne,RELOAD PT 2,1,1,12,AO611822,188,05:45,14:20,
2026-09-19,SA25BTB,Potters-Bar,18 Tonne,Out for Delivery,1,3,20,AO280664,121,06:15,17:20,
2026-09-19,SA20YDC,Potters-Bar,18 Tonne,Out for Delivery,1,0,22,AO775567,157,08:30,19:20,
2026-09-19,SA19EXF,Potters-Bar,18 Tonne,Out for Delivery,1,4,16,AO659926,141,07:45,15:50,
2026-09-19,SA25CLX,Potters-Bar,18 Tonne,Stood Not Utilised,0,0,0,,,,,
2026-09-19,SA22PGP,Potters-Bar,18 Tonne,Out for Delivery,1,2,15,AO710685,153,05:00,14:50,Sample Mate 062
2026-09-19,SA21KZG,Potters-Bar,18 Tonne,Stood,0,0,0,,,,,
2026-09-19,SA19TOJ,Potters-Bar,18 Tonne,Out for Delivery,1,0,22,AO123543,132,07:45,16:05,
2026-09-19,SA21ZLW,Potters-Bar,18 Tonne,Stood Not Utilised,0,0,0,,,,,
2026-09-19,SA23TER,Gravesend,18 Tonne,Out for Delivery,1,4,14,AO196038,199,08:15,17:50,Sample Mate 036
2026-09-19,SA24GBN,Gravesend,18 Tonne,Out for Delivery,1,3,21,AO787118,193,06:00,14:05,
2026-09-19,SA19YVJ,Gravesend,18 Tonne,Out for Delivery,1,3,18,AO573380,145,07:15,18:05,Sample Mate 027
2026-09-19,SA24PTO,Gravesend,18 Tonne,Stood Not Utilised,0,0,0,,,,,
2026-09-19,SA22SAD,Gravesend,18 Tonne,Out for Delivery,1,0,17,AO758612,168,08:00,16:05,Sample Mate 045
2026-09-19,SA20LGB,Gravesend,18 Tonne,VOR,0,0,0,,,,,
2026-09-19,SA22DNE,Gravesend,18 Tonne,Out for Delivery,1,1,22,AO248202,102,06:00,14:50,Sample Mate 096
2026-09-19,SA24OLT,Gravesend,18 Tonne,Stood Not Utilised,0,0,0,,,,,
2026-09-19,SA19JZN,Gravesend,18 Tonne,Out for Delivery,1,1,8,AO453272,105,05:15,15:35,
2026-09-19,SA22MOL,Gravesend,18 Tonne,Stood Not Utilised,0,0,0,,,,,
2026-09-19,SA25MPS,Gravesend,18 Tonne,Out for Delivery,1,1,21,AO815458,152,08:00,15:35,Sample Mate 045
2026-09-19,SA23OPY,Yaxley,18 Tonne,RELOAD PT 2,1,0,12,AO559656,106,08:00,16:50,Sample Mate 032
2026-09-19,SA20ATG,Yaxley,18 Tonne,Out for Delivery,1,2,20,AO131316,107,06:15,17:50,Sample Mate 065
2026-09-19,SA23MME,Yaxley,18 Tonne,Stood Not Utilised,0,0,0,,,,,
2026-09-19,SA21TSL,Yaxley,18 Tonne,Out for Delivery,1,1,9,AO995589,195,07:30,14:35,Sample Mate 115
2026-09-19,SA21FDE,Yaxley,18 Tonne,Out for Delivery,1,4,9,AO895575,181,06:15,15:05,Sample Mate 050
2026-09-19,SA25LMC,Yaxley,18 Tonne,Stood,0,0,0,,,,,
2026-09-19,SA20HEP,Yaxley,18 Tonne,Out for Delivery,1,0,9,AO388947,125,07:00,18:35,Sample Mate 006
2026-09-19,SA24BEW,Yaxley,18 Tonne,Out for Delivery,1,1,14,AO939628,118,05:15,13:05,
2026-09-19,SA22FUD,Yaxley,18 Tonne,Out for Delivery,1,4,20,AO934025,122,05:00,14:05,Sample Mate 049
2026-09-19,SA19XKR,Yaxley,18 Tonne,VOR,0,0,0,,,,,
2026-09-19,SA20CLC,Luton,18 Tonne,Out for Delivery,1,1,9,AO222111,180,06:00,14:05,
2026-09-19,SA21YYZ,Luton,18 Tonne,Out for Delivery,1,4,9,AO698648,191,06:30,15:05,
2026-09-19,SA20PTN,Luton,18 Tonne,Out for Delivery,1,1,21,AO561579,150,06:00,15:05,Sample Mate 016
2026-09-19,SA19ZVG,Luton,18 Tonne,Out for Delivery,1,1,17,AO713930,160,05:30,15:35,Sample Mate 106
2026-09-19,SA23DMW,Luton,18 Tonne,Stood Not Utilised,0,0,0,,,,,
2026-09-19,SA25NDT,Luton,18 Tonne,Out for Delivery,1,3,11,AO644559,130,06:15,17:05,Sample Mate 088
2026-09-19,SA19MLK,Luton,18 Tonne,Out for Delivery,1,3,19,AO820410,106,06:15,17:20,Sample Mate 074
2026-09-19,SA22DYV,Luton,18 Tonne,Out for Delivery,1,4,8,AO172161,107,06:45,15:05,Sample Mate 090
2026-09-19,SA25NUR,Luton,18 Tonne,Stood Not Utilised,0,0,0,,,,,
2026-09-19,SA23XJU,Luton,18 Tonne,Out for Delivery,1,3,10,AO121818,161,05:00,16:50,Sample Mate 040
2026-09-19,SA21XEB,Newport,18 Tonne,VOR,0,0,0,,,,,
2026-09-19,SA22FFM,Newport,18 Tonne,Out for Delivery,1,1,21,AO461579,151,06:15,14:35,Sample Mate 019
2026-09-19,SA21EKH,Newport,18 Tonne,Stood,0,0,0,,,,,
2026-09-19,SA22ULC,Newport,18 Tonne,Out for Delivery,1,2,9,AO542683,188,08:15,16:35,
2026-09-19,SA24AVF,Newport,18 Tonne,Out for Delivery,1,4,11,AO918229,188,06:00,14:50,Sample Mate 083
2026-09-19,SA23SWN,Newport,18 Tonne,Out for Delivery,1,0,17,AO859028,124,05:45,14:05,
2026-09-19,SA23UCW,Newport,18 Tonne,Out for Delivery,1,2,22,AO778904,158,08:45,15:35,Sample Mate 046
2026-09-19,SA23GLU,Newport,18 Tonne,Out for Delivery,1,3,18,AO503573,127,07:00,14:35,
2026-09-19,SA24LHH,Newport,18 Tonne,Out for Delivery,1,4,20,AO670706,115,08:45,16:50,
2026-09-19,SA21DOM,Newport,18 Tonne,VOR,0,0,0,,,,,
2026-09-19,SA20AGS,Spennymoor,18 Tonne,Out for Delivery,1,2,14,AO358902,118,08:30,15:50,Sample Mate 070
2026-09-19,SA20MVR,Spennymoor,18 Tonne,RELOAD PT 2,1,0,13,AO414631,151,07:00,18:50,Sample Mate 027
2026-09-19,SA24GNS,Spennymoor,18 Tonne,Out for Delivery,1,0,16,AO201286,155,08:45,18:05,Sample Mate 056
2026-09-19,SA19PVX,Spennymoor,18 Tonne,Out for Delivery,1,2,12,AO464539,199,06:00,17:50,Sample Mate 064
2026-09-19,SA21FCG,Spennymoor,18 Tonne,Out for Delivery,1,2,21,AO852849,144,06:15,14:50,Sample Mate 064
2026-09-19,SA21FTL,Spennymoor,18 Tonne,RELOAD PT 2,1,3,17,AO979540,199,06:15,15:05,
2026-09-19,SA22XNK,Spennymoor,18 Tonne,Out for Delivery,1,2,8,AO333906,147,06:45,13:20,
2026-09-19,SA21JCW,Spennymoor,18 Tonne,Out for Delivery,1,0,10,AO423599,110,08:30,15:50,
2026-09-19,SA25AYD,Spennymoor,18 Tonne,Stood,0,0,0,,,,,
2026-09-19,SA21PLX,Spennymoor,18 Tonne,Out for Delivery,1,1,12,AO907021,131,06:15,16:50,Sample Mate 093
2026-09-19,SA21VDP,Dundee,18 Tonne,Stood Not Utilised,0,0,0,,,,,
2026-09-19,SA19PXJ,Dundee,18 Tonne,Out for Delivery,1,1,11,AO142574,190,06:30,14:05,
2026-09-19,SA19ERR,Dundee,18 Tonne,Out for Delivery,1,3,13,AO899174,148,08:30,18:20,
2026-09-19,SA25MCD,Dundee,18 Tonne,Out for Delivery,1,4,12,AO630340,148,07:00,18:20,
2026-09-19,SA23BFC,Dundee,18 Tonne,Stood Not Utilised,0,0,0,,,,,
2026-09-19,SA20ENJ,Dundee,18 Tonne,Out for Delivery,1,0,9,AO659092,141,08:15,16:20,Sample Mate 014
2026-09-19,SA24GLE,Dundee,18 Tonne,Stood,0,0,0,,,,,
2026-09-19,SA23XPJ,Dundee,18 Tonne,VOR,0,0,0,,,,,
2026-09-19,SA23HRO,Dundee,18 Tonne,Out for Delivery,1,3,21,AO316868,110,05:45,14:05,Sample Mate 018
2026-09-19,SA23MCX,Crawley,18 Tonne,Stood Not Utilised,0,0,0,,,,,
2026-09-19,SA24COE,Crawley,18 Tonne,Out for Delivery,1,0,21,AO321318,144,06:15,17:50,
2026-09-19,SA23RVC,Crawley,18 Tonne,Out for Delivery,1,3,14,AO395858,157,08:30,16:20,Sample Mate 072
2026-09-19,SA25SCH,Crawley,18 Tonne,Out for Delivery,1,1,15,AO660983,142,08:00,17:20,
2026-09-19,SA22MSZ,Crawley,18 Tonne,Out for Delivery,1,4,13,AO777604,126,07:00,14:20,
2026-09-19,SA21NSP,Crawley,18 Tonne,VOR,0,0,0,,,,,
2026-09-19,SA19EWH,Crawley,18 Tonne,Out for Delivery,1,1,18,AO137578,142,05:30,13:50,Sample Mate 115
2026-09-19,SA22YNN,Crawley,18 Tonne,VOR,0,0,0,,,,,
2026-09-19,SA23PKA,Heywood,18 Tonne,Out for Delivery,1,1,11,AO284911,196,06:00,14:35,
2026-09-19,SA23EAU,Heywood,18 Tonne,Stood,0,0,0,,,,,
2026-09-19,SA20NON,Heywood,18 Tonne,Out for Delivery,1,0,15,AO107528,105,06:00,15:05,
2026-09-19,SA21GLB,Heywood,18 Tonne,Out for Delivery,1,3,9,AO239302,102,05:30,12:05,
2026-09-19,SA21FTY,Heywood,18 Tonne,Out for Delivery,1,4,16,AO538927,167,06:15,15:05,Sample Mate 008
2026-09-19,SA23ENV,Heywood,18 Tonne,Out for Delivery,1,1,15,AO536974,140,05:00,15:20,Sample Mate 003
2026-09-19,SA24OWT,Heywood,18 Tonne,Out for Delivery,1,3,18,AO410779,167,07:30,15:35,Sample Mate 014
2026-09-19,SA22UPK,Heywood,18 Tonne,Out for Delivery,1,4,17,AO905458,149,06:45,15:20,
2026-09-19,SA19SVY,Larkhall,18 Tonne,Out for Delivery,1,1,13,AO681421,185,06:15,16:35,
2026-09-19,SA22NUC,Larkhall,18 Tonne,Stood Not Utilised,0,0,0,,,,,
2026-09-19,SA24TVA,Larkhall,18 Tonne,Out for Delivery,1,4,22,AO536454,110,07:30,18:50,
2026-09-19,SA21EVZ,Larkhall,18 Tonne,Stood Not Utilised,0,0,0,,,,,
2026-09-19,SA24BKV,Larkhall,18 Tonne,VOR,0,0,0,,,,,
2026-09-19,SA20BEY,Larkhall,18 Tonne,Out for Delivery,1,0,9,AO722845,137,06:15,17:20,
2026-09-19,SA19YXV,Larkhall,18 Tonne,Out for Delivery,1,3,19,AO192948,162,06:30,13:50,
2026-09-19,SA20VUH,Basildon,18 Tonne,Stood Not Utilised,0,0,0,,,,,
2026-09-19,SA25LMD,Basildon,18 Tonne,Out for Delivery,1,2,17,AO784848,132,06:30,13:20,Sample Mate 029
2026-09-19,SA25PEK,Basildon,18 Tonne,RELOAD PT 2,1,1,20,AO278681,116,08:30,19:50,Sample Mate 067
2026-09-19,SA25ZHN,Basildon,18 Tonne,Out for Delivery,1,4,11,AO608455,153,07:30,16:20,Sample Mate 093
2026-09-19,SA19DJO,Basildon,18 Tonne,Out for Delivery,1,3,11,AO737700,153,08:15,18:35,Sample Mate 002
2026-09-19,SA21ZCU,Basildon,18 Tonne,Out for Delivery,1,0,17,AO543829,138,08:00,17:05,
2026-09-19,SA23UKX,Outside HDV Network,18 Tonne,Out for Delivery,1,1,10,AO714597,184,05:00,13:05,Sample Mate 110
2026-09-19,SA20WMN,Outside HDV Network,18 Tonne,Stood Not Utilised,0,0,0,,,,,
2026-09-19,SA24KCG,Outside HDV Network,18 Tonne,Out for Delivery,1,4,16,AO558453,179,06:30,13:20,Sample Mate 028
2026-09-19,SA25FFS,Outside HDV Network,18 Tonne,Out for Delivery,1,1,8,AO632182,112,08:15,15:20,Sample Mate 071
2026-09-19,SA21PEF,Fareham,18 Tonne,Out for Delivery,1,1,8,AO702128,151,06:00,13:20,
2026-09-19,SA25OVW,Fareham,18 Tonne,Stood,0,0,0,,,,,
2026-09-19,SA23DDN,Fareham,18 Tonne,Out for Delivery,1,1,14,AO597758,141,05:15,16:50,
2026-09-19,SA19SJE,Fareham,18 Tonne,Out for Delivery,1,1,15,AO390498,161,06:15,17:35,Sample Mate 055
2026-09-19,SA24RVO,Avonmouth,18 Tonne,Stood Not Utilised,0,0,0,,,,,
2026-09-19,SA24VGC,Avonmouth,18 Tonne,VOR,0,0,0,,,,,
2026-09-19,SA25VME,Avonmouth,18 Tonne,Out for Delivery,1,1,16,AO948248,165,08:15,15:20,Sample Mate 021
2026-09-19,SA24SFH,Crewe,18 Tonne,Out for Delivery,1,1,13,AO601706,122,07:15,15:35,
2026-09-19,SA19DVW,Crewe,18 Tonne,Stood Not Utilised,0,0,0,,,,,
2026-09-19,SA20KZF,Crewe,18 Tonne,Out for Delivery,1,4,19,AO464303,146,08:30,19:05,
2026-09-19,SA23BLN,Crewe,18 Tonne,Out for Delivery,1,0,20,AO107764,117,07:30,17:50,Sample Mate 061
2026-09-19,SA25FGJ,Crewe,18 Tonne,Out for Delivery,1,2,15,AO819019,133,06:15,14:20,Sample Mate 101
2026-09-19,SA20UPV,Crewe,18 Tonne,Stood,0,0,0,,,,,
2026-09-19,SA24ZLC,Crewe,18 Tonne,RELOAD PT 2,1,4,17,AO890499,166,07:15,14:50,Sample Mate 026
2026-09-19,SA22PRW,Crewe,18 Tonne,Out for Delivery,1,2,10,AO960078,124,06:45,14:05,Sample Mate 092
2026-09-19,SA22XEG,Crewe,18 Tonne,Out for Delivery,1,4,8,AO986972,143,07:30,15:50,
2026-09-19,SA21TGN,Crewe,18 Tonne,Out for Delivery,1,3,11,AO100312,173,06:15,17:20,Sample Mate 012
2026-09-19,SA21VES,Crewe,18 Tonne,Out for Delivery,1,2,17,AO254398,145,06:00,16:50,
2026-09-19,SA19OJB,Crewe,18 Tonne,Stood Not Utilised,0,0,0,,,,,
2026-09-19,SA21WRZ,Crewe,18 Tonne,Out for Delivery,1,3,16,AO532581,111,06:30,16:35,
2026-09-19,SA24GMA,Crewe,18 Tonne,Stood,0,0,0,,,,,
2026-09-19,SA23OGF,Crewe,18 Tonne,Out for Delivery,1,3,11,AO190983,199,08:15,19:35,Sample Mate 039
2026-09-19,SA22PGB,Crewe,18 Tonne,Stood,0,0,0,,,,,
2026-09-19,SA23XBN,Crewe,18 Tonne,Out for Delivery,1,1,15,AO295134,156,05:15,14:50,
2026-09-19,SA25JZF,Crewe,18 Tonne,Out for Delivery,1,0,16,AO310432,146,05:45,12:20,
2026-09-19,SA21WJU,Crewe,18 Tonne,Out for Delivery,1,4,8,AO916351,126,08:45,19:05,
2026-09-19,SA23SZG,Crewe,18 Tonne,Stood,0,0,0,,,,,
2026-09-19,SA24LFW,Crewe,18 Tonne,Out for Delivery,1,0,15,AO174657,116,07:15,16:35,
2026-09-19,SA24BGW,Crewe,18 Tonne,Stood Not Utilised,0,0,0,,,,,
2026-09-19,SA20HDT,Crewe,18 Tonne,Out for Delivery,1,4,10,AO153392,168,06:00,15:05,
2026-09-19,SA24ZOC,Crewe,18 Tonne,Out for Delivery,1,0,16,AO666769,139,05:15,13:20,
2026-09-19,SA21WAF,Crewe,18 Tonne,VOR,0,0,0,,,,,
2026-09-19,SA19PHM,Crewe,18 Tonne,RELOAD PT 2,1,4,21,AO460038,183,06:45,13:50,
2026-09-19,SA23HKU,Crewe,18 Tonne,VOR,0,0,0,,,,,
2026-09-19,SA24JXK,Crewe,18 Tonne,Out for Delivery,1,1,8,AO925418,110,06:00,15:35,Sample Mate 016
2026-09-19,SA20NYE,Crewe,18 Tonne,Stood,0,0,0,,,,,
2026-09-19,SA22EPR,Crewe,18 Tonne,Out for Delivery,1,1,13,AO926754,197,06:45,16:50,Sample Mate 118
2026-09-19,SA19KPE,Crewe,18 Tonne,Out for Delivery,1,3,16,AO673741,176,06:45,13:35,
2026-09-19,SA24NCV,Crewe,18 Tonne,Out for Delivery,1,1,20,AO971986,125,08:45,15:35,
2026-09-19,SA22HMV,Crewe,18 Tonne,VOR,0,0,0,,,,,
2026-09-19,SA20ELG,Crewe,18 Tonne,Stood,0,0,0,,,,,
2026-09-19,SA24TDY,Crewe,18 Tonne,Out for Delivery,1,1,13,AO405863,137,07:15,17:35,
2026-09-19,SA19ACJ,Crewe,18 Tonne,Stood Not Utilised,0,0,0,,,,,
2026-09-19,SA24BXM,Crewe,18 Tonne,VOR,0,0,0,,,,,
2026-09-19,SA19VRB,Crewe,18 Tonne,Out for Delivery,1,1,17,AO206632,193,08:00,16:05,
2026-09-19,SA21CUB,Crossgreen,18 Tonne,Out for Delivery,1,1,12,AO914045,169,06:30,15:50,
2026-09-19,SA20YCJ,Crossgreen,18 Tonne,Out for Delivery,1,2,21,AO142481,147,08:45,18:35,Sample Mate 097
2026-09-19,SA23KDV,Crossgreen,18 Tonne,Stood Not Utilised,0,0,0,,,,,
2026-09-19,SA22RWZ,Crossgreen,18 Tonne,RELOAD PT 2,1,4,9,AO387643,141,06:45,14:05,
2026-09-19,SA22YLB,Crossgreen,18 Tonne,Out for Delivery,1,1,21,AO680732,153,06:45,14:20,Sample Mate 032
2026-09-19,SA19POX,Crossgreen,18 Tonne,Stood Not Utilised,0,0,0,,,,,
2026-09-19,SA20BXX,Crossgreen,18 Tonne,VOR,0,0,0,,,,,
2026-09-19,SA19HYA,Crossgreen,18 Tonne,Stood Not Utilised,0,0,0,,,,,
2026-09-19,SA19SSO,Crossgreen,18 Tonne,Out for Delivery,1,0,19,AO300531,191,07:45,18:05,
2026-09-19,SA23PCT,Crossgreen,18 Tonne,Out for Delivery,1,1,14,AO904282,143,07:00,17:05,
2026-09-19,SA21NFS,Crossgreen,18 Tonne,Out for Delivery,1,4,18,AO179270,131,06:45,15:35,Sample Mate 031
2026-09-19,SA20JNH,Crossgreen,18 Tonne,VOR,0,0,0,,,,,
2026-09-19,SA25XAV,Crossgreen,18 Tonne,Stood Not Utilised,0,0,0,,,,,
2026-09-19,SA21PAJ,Crossgreen,18 Tonne,VOR,0,0,0,,,,,
2026-09-19,SA22DFO,Crossgreen,18 Tonne,Out for Delivery,1,2,8,AO302699,156,06:30,15:20,
2026-09-19,SA19SJL,Stoke,18 Tonne,Stood Not Utilised,0,0,0,,,,,
2026-09-19,SA24FEH,Stoke,18 Tonne,Out for Delivery,1,1,22,AO211585,194,06:30,16:50,Sample Mate 111
2026-09-19,SA23ROA,Stoke,18 Tonne,Out for Delivery,1,1,12,AO323598,167,08:15,19:20,Sample Mate 113
2026-09-19,SA19SWS,Stoke,18 Tonne,Stood,0,0,0,,,,,
2026-09-19,SA20BTE,Stoke,18 Tonne,Out for Delivery,1,3,16,AO154090,159,06:30,13:50,Sample Mate 041
2026-09-19,SA25SMM,Stoke,18 Tonne,Out for Delivery,1,4,20,AO278968,152,07:45,18:50,Sample Mate 052
2026-09-20,SA22FEL,Crewe,3.5 Tonne,Stood,0,0,0,,,,,
2026-09-20,SA21BEC,Crewe,3.5 Tonne,VOR,0,0,0,,,,,
2026-09-20,SA23FNN,Crewe,3.5 Tonne,Stood,0,0,0,,,,,
2026-09-20,SA21EVW,Crewe,3.5 Tonne,Stood,0,0,0,,,,,
2026-09-20,SA24GSA,Crewe,3.5 Tonne,VOR,0,0,0,,,,,
2026-09-20,SA25PMJ,Crewe,3.5 Tonne,Stood,0,0,0,,,,,
2026-09-20,SA23XMW,Crewe,3.5 Tonne,VOR,0,0,0,,,,,
2026-09-20,SA24PZB,Crewe,Hi-Cube,Stood,0,0,0,,,,,
2026-09-20,SA25FSF,Crewe,Hi-Cube,Stood,0,0,0,,,,,
2026-09-20,SA25CZS,Crewe,Hi-Cube,Stood,0,0,0,,,,,
2026-09-20,SA19MMT,Crewe,3.5 Tonne,Stood,0,0,0,,,,,
2026-09-20,SA21ESV,Crewe,3.5 Tonne,Stood,0,0,0,,,,,
2026-09-20,SA20NSO,Crewe,3.5 Tonne,VOR,0,0,0,,,,,
2026-09-20,SA21BXZ,Crewe,3.5 Tonne,Out for Delivery,1,0,14,AO535733,107,08:30,16:50,Sample Mate 006
2026-09-20,SA23UTA,Crewe,3.5 Tonne,Stood,0,0,0,,,,,
2026-09-20,SA23COL,Crewe,3.5 Tonne,Stood,0,0,0,,,,,
2026-09-20,SA25UXO,Crewe,3.5 Tonne,Stood,0,0,0,,,,,
2026-09-20,SA20RUO,Crewe,Hi-Cube,Stood,0,0,0,,,,,
2026-09-20,SA24SKP,Crewe,Hi-Cube,Stood,0,0,0,,,,,
2026-09-20,SA19FFM,Crewe,Hi-Cube,Stood,0,0,0,,,,,
2026-09-20,SA25YOG,Crewe,3.5 Tonne,Out for Delivery,1,3,10,AO591410,117,07:30,17:20,
2026-09-20,SA22POR,Crewe,3.5 Tonne,Stood,0,0,0,,,,,
2026-09-20,SA23TKP,Crewe,3.5 Tonne,Stood,0,0,0,,,,,
2026-09-20,SA20PKF,Crewe,3.5 Tonne,Stood,0,0,0,,,,,
2026-09-20,SA22YRV,Crewe,3.5 Tonne,Stood,0,0,0,,,,,
2026-09-20,SA23SXC,Crewe,3.5 Tonne,VOR,0,0,0,,,,,
2026-09-20,SA20AFW,Crewe,3.5 Tonne,Stood,0,0,0,,,,,
2026-09-20,SA25ADF,Crewe,Hi-Cube,Stood,0,0,0,,,,,
2026-09-20,SA24AMJ,Crewe,Hi-Cube,Stood,0,0,0,,,,,
2026-09-20,SA21FFU,Crewe,Hi-Cube,Stood,0,0,0,,,,,
2026-09-20,SA21BFL,Crewe,3.5 Tonne,Stood,0,0,0,,,,,
2026-09-20,SA21ESA,Crewe,3.5 Tonne,Stood,0,0,0,,,,,
2026-09-20,SA24WUV,Crewe,3.5 Tonne,VOR,0,0,0,,,,,
2026-09-20,SA19RJN,Crewe,3.5 Tonne,Stood,0,0,0,,,,,
2026-09-20,SA19PLZ,Crewe,3.5 Tonne,Stood,0,0,0,,,,,
2026-09-20,SA25EVK,Crewe,3.5 Tonne,Stood,0,0,0,,,,,
2026-09-20,SA23UHR,Crewe,3.5 Tonne,Stood,0,0,0,,,,,
2026-09-20,SA25UOZ,Crewe,Hi-Cube,Stood,0,0,0,,,,,
2026-09-20,SA22ZAP,Crossgreen,Hi-Cube,VOR,0,0,0,,,,,
2026-09-20,SA20ZFK,Crossgreen,Hi-Cube,Out for Delivery,1,4,8,AO158625,173,07:00,18:35,
2026-09-20,SA19USJ,Crossgreen,3.5 Tonne,Out for Delivery,1,2,14,AO687416,168,05:15,12:35,
2026-09-20,SA19GOU,Crossgreen,3.5 Tonne,Stood,0,0,0,,,,,
2026-09-20,SA25UOT,Crossgreen,3.5 Tonne,Stood,0,0,0,,,,,
2026-09-20,SA20PRE,Crossgreen,3.5 Tonne,VOR,0,0,0,,,,,
2026-09-20,SA21AFW,Crossgreen,3.5 Tonne,Stood,0,0,0,,,,,
2026-09-20,SA21JRF,Crossgreen,3.5 Tonne,Out for Delivery,1,0,21,AO748786,193,06:00,17:05,Sample Mate 103
2026-09-20,SA20VRD,Crossgreen,3.5 Tonne,Stood,0,0,0,,,,,
2026-09-20,SA22AHT,Crossgreen,Hi-Cube,Stood,0,0,0,,,,,
2026-09-20,SA23HJE,Crossgreen,Hi-Cube,Stood,0,0,0,,,,,
2026-09-20,SA22JOZ,Crossgreen,Hi-Cube,Out for Delivery,1,0,15,AO987603,124,07:30,17:20,Sample Mate 101
2026-09-20,SA19YDN,Crossgreen,3.5 Tonne,Stood,0,0,0,,,,,
2026-09-20,SA24MMZ,Crossgreen,3.5 Tonne,Stood,0,0,0,,,,,
2026-09-20,SA23ARK,Crossgreen,3.5 Tonne,Stood,0,0,0,,,,,
2026-09-20,SA21XRJ,Stoke,3.5 Tonne,Out for Delivery,1,0,21,AO108048,119,06:00,16:35,Sample Mate 045
2026-09-20,SA23DRC,Stoke,3.5 Tonne,Stood,0,0,0,,,,,
2026-09-20,SA23XXA,Stoke,3.5 Tonne,Stood,0,0,0,,,,,
2026-09-20,SA19VAW,Stoke,3.5 Tonne,Stood,0,0,0,,,,,
2026-09-20,SA23YNF,Stoke,Hi-Cube,Stood,0,0,0,,,,,
2026-09-20,SA21FDL,Stoke,Hi-Cube,Stood,0,0,0,,,,,
2026-09-20,SA22MHK,Stoke,Hi-Cube,Stood,0,0,0,,,,,
2026-09-20,SA25RNW,Stoke,3.5 Tonne,Stood,0,0,0,,,,,
2026-09-20,SA25TSY,Stoke,3.5 Tonne,Stood,0,0,0,,,,,
2026-09-20,SA24NPG,Stoke,3.5 Tonne,VOR,0,0,0,,,,,
2026-09-20,SA21BRA,Stoke,3.5 Tonne,Stood,0,0,0,,,,,
2026-09-20,SA25CSD,Stoke,3.5 Tonne,Stood,0,0,0,,,,,
2026-09-20,SA24GWT,Stoke,3.5 Tonne,Out for Delivery,1,2,22,AO521161,123,08:30,18:05,Sample Mate 120
2026-09-20,SA24AMN,Exeter,3.5 Tonne,Stood,0,0,0,,,,,
2026-09-20,SA24SMX,Exeter,Hi-Cube,Stood,0,0,0,,,,,
2026-09-20,SA24WMZ,Exeter,Hi-Cube,Stood,0,0,0,,,,,
2026-09-20,SA24UFV,Exeter,Hi-Cube,Stood,0,0,0,,,,,
2026-09-20,SA25WDM,Exeter,3.5 Tonne,Out for Delivery,1,2,17,AO661123,111,06:00,16:50,Sample Mate 046
2026-09-20,SA19DYL,Exeter,3.5 Tonne,VOR,0,0,0,,,,,
2026-09-20,SA19OPM,Exeter,3.5 Tonne,Stood,0,0,0,,,,,
2026-09-20,SA25SMG,Exeter,3.5 Tonne,VOR,0,0,0,,,,,
2026-09-20,SA25WWS,Exeter,3.5 Tonne,Stood,0,0,0,,,,,
2026-09-20,SA23HNP,Exeter,3.5 Tonne,Stood,0,0,0,,,,,
2026-09-20,SA19GFS,Exeter,3.5 Tonne,Stood,0,0,0,,,,,
2026-09-20,SA24FJS,Exeter,Hi-Cube,Stood,0,0,0,,,,,
2026-09-20,SA22GUR,Coventry,Hi-Cube,Stood,0,0,0,,,,,
2026-09-20,SA19YFZ,Coventry,Hi-Cube,Out for Delivery,1,1,13,AO852484,188,06:45,16:50,Sample Mate 007
2026-09-20,SA21GLC,Coventry,3.5 Tonne,Stood,0,0,0,,,,,
2026-09-20,SA24SCS,Coventry,3.5 Tonne,Out for Delivery,1,4,19,AO920620,143,06:45,16:20,Sample Mate 083
2026-09-20,SA21SHH,Coventry,3.5 Tonne,Stood,0,0,0,,,,,
2026-09-20,SA25KHM,Coventry,3.5 Tonne,Out for Delivery,1,3,18,AO877625,104,06:45,17:35,Sample Mate 090
2026-09-20,SA25GSY,Coventry,3.5 Tonne,Stood,0,0,0,,,,,
2026-09-20,SA25XLB,Coventry,3.5 Tonne,Stood,0,0,0,,,,,
2026-09-20,SA19OVF,Coventry,3.5 Tonne,Out for Delivery,1,4,15,AO171843,199,08:30,17:35,Sample Mate 029
2026-09-20,SA20FYM,Coventry,Hi-Cube,Stood,0,0,0,,,,,
2026-09-20,SA23YCJ,Coventry,Hi-Cube,Stood,0,0,0,,,,,
2026-09-20,SA25XHM,Potters-Bar,Hi-Cube,Stood,0,0,0,,,,,
2026-09-20,SA21PDJ,Potters-Bar,3.5 Tonne,Stood,0,0,0,,,,,
2026-09-20,SA22YAV,Potters-Bar,3.5 Tonne,VOR,0,0,0,,,,,
2026-09-20,SA24THH,Potters-Bar,3.5 Tonne,Stood,0,0,0,,,,,
2026-09-20,SA23LVT,Potters-Bar,3.5 Tonne,Out for Delivery,1,3,8,AO629833,104,06:30,15:05,Sample Mate 012
2026-09-20,SA19KZK,Potters-Bar,3.5 Tonne,Stood,0,0,0,,,,,
2026-09-20,SA25AEV,Potters-Bar,3.5 Tonne,Stood,0,0,0,,,,,
2026-09-20,SA23ZPM,Potters-Bar,3.5 Tonne,Stood,0,0,0,,,,,
2026-09-20,SA19ACC,Potters-Bar,Hi-Cube,Stood,0,0,0,,,,,
2026-09-20,SA22NVA,Potters-Bar,Hi-Cube,Out for Delivery,1,2,8,AO247899,199,05:15,15:50,
2026-09-20,SA20DXH,Potters-Bar,Hi-Cube,Stood,0,0,0,,,,,
2026-09-20,SA24UHX,Gravesend,3.5 Tonne,Stood,0,0,0,,,,,
2026-09-20,SA22LMX,Gravesend,3.5 Tonne,VOR,0,0,0,,,,,
2026-09-20,SA19XZP,Gravesend,3.5 Tonne,Stood,0,0,0,,,,,
2026-09-20,SA24FRA,Gravesend,3.5 Tonne,Stood,0,0,0,,,,,
2026-09-20,SA20OTF,Gravesend,3.5 Tonne,Stood,0,0,0,,,,,
2026-09-20,SA25PHP,Gravesend,3.5 Tonne,Stood,0,0,0,,,,,
2026-09-20,SA19PHZ,Gravesend,3.5 Tonne,Stood,0,0,0,,,,,
2026-09-20,SA24MXA,Gravesend,Hi-Cube,Out for Delivery,1,0,20,AO261584,182,06:30,16:20,
2026-09-20,SA21YAK,Gravesend,Hi-Cube,Out for Delivery,1,0,10,AO203304,101,06:30,15:05,
2026-09-20,SA21SAN,Gravesend,Hi-Cube,Out for Delivery,1,0,21,AO246121,130,06:30,16:35,Sample Mate 063
2026-09-20,SA19MMF,Gravesend,3.5 Tonne,Stood,0,0,0,,,,,
2026-09-20,SA25CYG,Yaxley,3.5 Tonne,Stood,0,0,0,,,,,
2026-09-20,SA19RBJ,Yaxley,3.5 Tonne,Stood,0,0,0,,,,,
2026-09-20,SA23OLT,Yaxley,3.5 Tonne,Stood,0,0,0,,,,,
2026-09-20,SA21RES,Yaxley,3.5 Tonne,Stood,0,0,0,,,,,
2026-09-20,SA25DNN,Yaxley,3.5 Tonne,Out for Delivery,1,1,20,AO885802,193,06:15,16:05,
2026-09-20,SA20SHU,Yaxley,3.5 Tonne,Stood,0,0,0,,,,,
2026-09-20,SA19BBM,Yaxley,Hi-Cube,Stood,0,0,0,,,,,
2026-09-20,SA25GYJ,Yaxley,Hi-Cube,Stood,0,0,0,,,,,
2026-09-20,SA24WTN,Yaxley,Hi-Cube,Stood,0,0,0,,,,,
2026-09-20,SA24TKC,Yaxley,3.5 Tonne,Stood,0,0,0,,,,,
2026-09-20,SA25PNC,Luton,3.5 Tonne,Out for Delivery,1,2,16,AO828913,139,08:00,16:35,
2026-09-20,SA24VEA,Luton,3.5 Tonne,VOR,0,0,0,,,,,
2026-09-20,SA25DWU,Luton,3.5 Tonne,Stood,0,0,0,,,,,
2026-09-20,SA21COD,Luton,3.5 Tonne,Stood,0,0,0,,,,,
2026-09-20,SA23JZM,Luton,3.5 Tonne,Stood,0,0,0,,,,,
2026-09-20,SA24WRX,Luton,3.5 Tonne,Stood,0,0,0,,,,,
2026-09-20,SA24YRO,Luton,Hi-Cube,Stood,0,0,0,,,,,
2026-09-20,SA24JAR,Luton,Hi-Cube,Stood,0,0,0,,,,,
2026-09-20,SA21ZOF,Luton,Hi-Cube,Stood,0,0,0,,,,,
2026-09-20,SA22UKH,Luton,3.5 Tonne,Stood,0,0,0,,,,,
2026-09-20,SA24UPH,Newport,3.5 Tonne,Stood,0,0,0,,,,,
2026-09-20,SA20JBR,Newport,3.5 Tonne,Out for Delivery,1,1,8,AO357341,162,05:45,14:35,
2026-09-20,SA21HEE,Newport,3.5 Tonne,VOR,0,0,0,,,,,
2026-09-20,SA22DKA,Newport,3.5 Tonne,Stood,0,0,0,,,,,
2026-09-20,SA23RTM,Newport,3.5 Tonne,Stood,0,0,0,,,,,
2026-09-20,SA21ZWR,Newport,3.5 Tonne,VOR,0,0,0,,,,,
2026-09-20,SA25PPX,Newport,Hi-Cube,Out for Delivery,1,0,17,AO540022,174,07:15,14:05,Sample Mate 087
2026-09-20,SA25EXC,Newport,Hi-Cube,Stood,0,0,0,,,,,
2026-09-20,SA22CFE,Newport,Hi-Cube,Stood,0,0,0,,,,,
2026-09-20,SA25XMM,Newport,3.5 Tonne,VOR,0,0,0,,,,,
2026-09-20,SA24NGE,Spennymoor,3.5 Tonne,Stood,0,0,0,,,,,
2026-09-20,SA23LNH,Spennymoor,3.5 Tonne,Stood,0,0,0,,,,,
2026-09-20,SA19BPJ,Spennymoor,3.5 Tonne,Stood,0,0,0,,,,,
2026-09-20,SA25ZKJ,Spennymoor,3.5 Tonne,Stood,0,0,0,,,,,
2026-09-20,SA20WKR,Spennymoor,3.5 Tonne,Stood,0,0,0,,,,,
2026-09-20,SA23OJS,Spennymoor,3.5 Tonne,Stood,0,0,0,,,,,
2026-09-20,SA25EED,Spennymoor,Hi-Cube,Out for Delivery,1,0,14,AO609382,109,06:15,14:50,
2026-09-20,SA22SNJ,Spennymoor,Hi-Cube,Stood,0,0,0,,,,,
2026-09-20,SA23ELF,Spennymoor,Hi-Cube,Out for Delivery,1,0,10,AO478113,173,07:45,18:35,Sample Mate 064
2026-09-20,SA22YHZ,Spennymoor,3.5 Tonne,Stood,0,0,0,,,,,
2026-09-20,SA21GKN,Dundee,3.5 Tonne,Stood,0,0,0,,,,,
2026-09-20,SA25EAJ,Dundee,3.5 Tonne,Stood,0,0,0,,,,,
2026-09-20,SA19JDA,Dundee,3.5 Tonne,Out for Delivery,1,3,20,AO607233,135,05:45,16:35,
2026-09-20,SA22ROJ,Dundee,3.5 Tonne,Stood,0,0,0,,,,,
2026-09-20,SA22DKF,Dundee,3.5 Tonne,Stood,0,0,0,,,,,
2026-09-20,SA21BZA,Dundee,3.5 Tonne,Stood,0,0,0,,,,,
2026-09-20,SA23RHZ,Dundee,Hi-Cube,Stood,0,0,0,,,,,
2026-09-20,SA24HUJ,Dundee,Hi-Cube,Stood,0,0,0,,,,,
2026-09-20,SA24XPF,Dundee,Hi-Cube,Stood,0,0,0,,,,,
2026-09-20,SA21CCO,Crawley,3.5 Tonne,Stood,0,0,0,,,,,
2026-09-20,SA22YMS,Crawley,3.5 Tonne,Stood,0,0,0,,,,,
2026-09-20,SA23TCW,Crawley,3.5 Tonne,Stood,0,0,0,,,,,
2026-09-20,SA23LTT,Crawley,3.5 Tonne,Stood,0,0,0,,,,,
2026-09-20,SA20CXC,Crawley,3.5 Tonne,Stood,0,0,0,,,,,
2026-09-20,SA22KZH,Crawley,3.5 Tonne,Stood,0,0,0,,,,,
2026-09-20,SA24SVW,Crawley,3.5 Tonne,Stood,0,0,0,,,,,
2026-09-20,SA22CFJ,Crawley,Hi-Cube,Stood,0,0,0,,,,,
2026-09-20,SA21CEN,Heywood,Hi-Cube,Stood,0,0,0,,,,,
2026-09-20,SA23SWZ,Heywood,Hi-Cube,Stood,0,0,0,,,,,
2026-09-20,SA22LUM,Heywood,3.5 Tonne,Stood,0,0,0,,,,,
2026-09-20,SA25KXF,Heywood,3.5 Tonne,Stood,0,0,0,,,,,
2026-09-20,SA24WUX,Heywood,3.5 Tonne,Stood,0,0,0,,,,,
2026-09-20,SA19GHF,Heywood,3.5 Tonne,Stood,0,0,0,,,,,
2026-09-20,SA21VAL,Heywood,3.5 Tonne,Stood,0,0,0,,,,,
2026-09-20,SA23BVR,Heywood,3.5 Tonne,Stood,0,0,0,,,,,
2026-09-20,SA24UTB,Larkhall,3.5 Tonne,Stood,0,0,0,,,,,
2026-09-20,SA19AAK,Larkhall,Hi-Cube,Stood,0,0,0,,,,,
2026-09-20,SA19FOW,Larkhall,Hi-Cube,Stood,0,0,0,,,,,
2026-09-20,SA19MYE,Larkhall,Hi-Cube,Out for Delivery,1,0,11,AO750352,148,07:00,17:05,
2026-09-20,SA19SSR,Larkhall,3.5 Tonne,Stood,0,0,0,,,,,
2026-09-20,SA20SBV,Larkhall,3.5 Tonne,Stood,0,0,0,,,,,
2026-09-20,SA21JDG,Larkhall,3.5 Tonne,Stood,0,0,0,,,,,
2026-09-20,SA25OEB,Basildon,3.5 Tonne,Stood,0,0,0,,,,,
2026-09-20,SA20DZU,Basildon,3.5 Tonne,Stood,0,0,0,,,,,
2026-09-20,SA19XOT,Basildon,3.5 Tonne,Stood,0,0,0,,,,,
2026-09-20,SA21FMO,Basildon,3.5 Tonne,VOR,0,0,0,,,,,
2026-09-20,SA24GBF,Basildon,Hi-Cube,Stood,0,0,0,,,,,
2026-09-20,SA25RNO,Basildon,Hi-Cube,Stood,0,0,0,,,,,
2026-09-20,SA19XZU,Outside HDV Network,Hi-Cube,Stood,0,0,0,,,,,
2026-09-20,SA19LMO,Outside HDV Network,3.5 Tonne,Stood,0,0,0,,,,,
2026-09-20,SA24CXH,Outside HDV Network,3.5 Tonne,Stood,0,0,0,,,,,
2026-09-20,SA24ACZ,Outside HDV Network,3.5 Tonne,Stood,0,0,0,,,,,
2026-09-20,SA20EXZ,Fareham,3.5 Tonne,Stood,0,0,0,,,,,
2026-09-20,SA21GBX,Fareham,3.5 Tonne,Stood,0,0,0,,,,,
2026-09-20,SA19LNB,Fareham,3.5 Tonne,VOR,0,0,0,,,,,
2026-09-20,SA19PGR,Fareham,3.5 Tonne,Stood,0,0,0,,,,,
2026-09-20,SA19WEJ,Avonmouth,Hi-Cube,Out for Delivery,1,4,20,AO306497,150,07:00,15:20,
2026-09-20,SA22DLG,Avonmouth,Hi-Cube,Stood,0,0,0,,,,,
2026-09-20,SA24FWY,Avonmouth,Hi-Cube,Stood,0,0,0,,,,,
2026-09-20,SA23LBS,Crewe,3.5 Tonne,Stood,0,0,0,,,,,
2026-09-20,SA25BSS,Crewe,3.5 Tonne,Out for Delivery,1,3,18,AO624193,153,06:15,17:50,
2026-09-20,SA20FBH,Crewe,3.5 Tonne,Stood,0,0,0,,,,,
2026-09-20,SA22TSZ,Crewe,3.5 Tonne,Stood,0,0,0,,,,,
2026-09-20,SA25DST,Crewe,3.5 Tonne,Stood,0,0,0,,,,,
2026-09-20,SA25XEN,Crewe,3.5 Tonne,Stood,0,0,0,,,,,
2026-09-20,SA23BYE,Crewe,3.5 Tonne,VOR,0,0,0,,,,,
2026-09-20,SA19MRR,Crewe,Hi-Cube,Stood,0,0,0,,,,,
2026-09-20,SA24DLU,Crewe,Hi-Cube,Stood,0,0,0,,,,,
2026-09-20,SA25YOS,Crewe,Hi-Cube,Stood,0,0,0,,,,,
2026-09-20,SA19JFP,Crewe,3.5 Tonne,Stood,0,0,0,,,,,
2026-09-20,SA25VBZ,Crewe,3.5 Tonne,Stood,0,0,0,,,,,
2026-09-20,SA19CNH,Crewe,3.5 Tonne,Stood,0,0,0,,,,,
2026-09-20,SA21DSL,Crewe,3.5 Tonne,Stood,0,0,0,,,,,
2026-09-20,SA20UEE,Crewe,3.5 Tonne,VOR,0,0,0,,,,,
2026-09-20,SA19YDC,Crewe,3.5 Tonne,Out for Delivery,1,1,13,AO293860,188,05:00,16:20,
2026-09-20,SA22BPZ,Crewe,3.5 Tonne,Stood,0,0,0,,,,,
2026-09-20,SA23JPZ,Crewe,Hi-Cube,Stood,0,0,0,,,,,
2026-09-20,SA19ECR,Crewe,Hi-Cube,Stood,0,0,0,,,,,
2026-09-20,SA21HCL,Crewe,Hi-Cube,Stood,0,0,0,,,,,
2026-09-20,SA25FMP,Crewe,3.5 Tonne,Stood,0,0,0,,,,,
2026-09-20,SA20CBD,Crewe,3.5 Tonne,Stood,0,0,0,,,,,
2026-09-20,SA22BVF,Crewe,3.5 Tonne,Stood,0,0,0,,,,,
2026-09-20,SA24UTV,Crewe,3.5 Tonne,Stood,0,0,0,,,,,
2026-09-20,SA19UEA,Crewe,3.5 Tonne,Out for Delivery,1,1,20,AO245216,107,06:00,17:20,
2026-09-20,SA19NNF,Crewe,3.5 Tonne,Out for Delivery,1,3,14,AO252305,148,08:00,19:35,Sample Mate 082
2026-09-20,SA25GBJ,Crewe,3.5 Tonne,Out for Delivery,1,4,22,AO737626,152,05:15,14:35,
2026-09-20,SA24DKG,Crewe,Hi-Cube,Stood,0,0,0,,,,,
2026-09-20,SA25FXR,Crewe,Hi-Cube,Stood,0,0,0,,,,,
2026-09-20,SA25GPM,Crewe,Hi-Cube,Stood,0,0,0,,,,,
2026-09-20,SA20NMS,Crewe,3.5 Tonne,Stood,0,0,0,,,,,
2026-09-20,SA21UZE,Crewe,3.5 Tonne,Out for Delivery,1,2,16,AO732215,118,06:00,14:05,Sample Mate 067
2026-09-20,SA19ZOT,Crewe,3.5 Tonne,Stood,0,0,0,,,,,
2026-09-20,SA21UZJ,Crewe,3.5 Tonne,Stood,0,0,0,,,,,
2026-09-20,SA19TOW,Crewe,3.5 Tonne,Stood,0,0,0,,,,,
2026-09-20,SA21DLX,Crewe,3.5 Tonne,Stood,0,0,0,,,,,
2026-09-20,SA22MAN,Crewe,3.5 Tonne,Stood,0,0,0,,,,,
2026-09-20,SA20VGF,Crewe,Hi-Cube,Stood,0,0,0,,,,,
2026-09-20,SA19XLS,Crossgreen,Hi-Cube,Stood,0,0,0,,,,,
2026-09-20,SA21ZDO,Crossgreen,Hi-Cube,VOR,0,0,0,,,,,
2026-09-20,SA21CHE,Crossgreen,3.5 Tonne,Stood,0,0,0,,,,,
2026-09-20,SA23DFF,Crossgreen,3.5 Tonne,VOR,0,0,0,,,,,
2026-09-20,SA19NED,Crossgreen,3.5 Tonne,Stood,0,0,0,,,,,
2026-09-20,SA19NWX,Crossgreen,3.5 Tonne,Stood,0,0,0,,,,,
2026-09-20,SA25CNY,Crossgreen,3.5 Tonne,Out for Delivery,1,0,8,AO528349,104,05:15,16:05,Sample Mate 070
2026-09-20,SA23CDN,Crossgreen,3.5 Tonne,Stood,0,0,0,,,,,
2026-09-20,SA19LOX,Crossgreen,3.5 Tonne,Stood,0,0,0,,,,,
2026-09-20,SA25CCF,Crossgreen,Hi-Cube,VOR,0,0,0,,,,,
2026-09-20,SA23PMY,Crossgreen,Hi-Cube,VOR,0,0,0,,,,,
2026-09-20,SA20YRS,Crossgreen,Hi-Cube,Stood,0,0,0,,,,,
2026-09-20,SA23SMA,Crossgreen,3.5 Tonne,VOR,0,0,0,,,,,
2026-09-20,SA19XKN,Crossgreen,3.5 Tonne,Stood,0,0,0,,,,,
2026-09-20,SA21VER,Crossgreen,3.5 Tonne,Stood,0,0,0,,,,,
2026-09-20,SA19TVB,Stoke,3.5 Tonne,Stood,0,0,0,,,,,
2026-09-20,SA22UUP,Stoke,3.5 Tonne,Stood,0,0,0,,,,,
2026-09-20,SA21UZD,Stoke,3.5 Tonne,Stood,0,0,0,,,,,
2026-09-20,SA21CDW,Stoke,3.5 Tonne,Stood,0,0,0,,,,,
2026-09-20,SA21LRE,Stoke,Hi-Cube,Stood,0,0,0,,,,,
2026-09-20,SA20WLB,Stoke,Hi-Cube,Stood,0,0,0,,,,,
2026-09-20,SA24NET,Stoke,Hi-Cube,Stood,0,0,0,,,,,
2026-09-20,SA23ZOM,Stoke,3.5 Tonne,Stood,0,0,0,,,,,
2026-09-20,SA25WUH,Stoke,3.5 Tonne,VOR,0,0,0,,,,,
2026-09-20,SA20GUD,Stoke,3.5 Tonne,Stood,0,0,0,,,,,
2026-09-20,SA24ZYS,Stoke,3.5 Tonne,VOR,0,0,0,,,,,
2026-09-20,SA19LBV,Stoke,3.5 Tonne,Stood,0,0,0,,,,,
2026-09-20,SA19KFD,Stoke,3.5 Tonne,Stood,0,0,0,,,,,
2026-09-20,SA23BZY,Exeter,3.5 Tonne,Out for Delivery,1,4,12,AO820951,194,05:30,14:05,
2026-09-20,SA19ZDR,Exeter,Hi-Cube,Stood,0,0,0,,,,,
2026-09-20,SA19JLV,Exeter,Hi-Cube,Stood,0,0,0,,,,,
2026-09-20,SA20HPY,Exeter,Hi-Cube,Stood,0,0,0,,,,,
2026-09-20,SA22EVO,Exeter,3.5 Tonne,Stood,0,0,0,,,,,
2026-09-20,SA24CLV,Exeter,3.5 Tonne,Stood,0,0,0,,,,,
2026-09-20,SA22TYE,Exeter,3.5 Tonne,Stood,0,0,0,,,,,
2026-09-20,SA21ALE,Exeter,3.5 Tonne,Stood,0,0,0,,,,,
2026-09-20,SA20DZV,Exeter,3.5 Tonne,Stood,0,0,0,,,,,
2026-09-20,SA19TKZ,Exeter,3.5 Tonne,Stood,0,0,0,,,,,
2026-09-20,SA24UBW,Exeter,3.5 Tonne,VOR,0,0,0,,,,,
2026-09-20,SA22DLT,Exeter,Hi-Cube,Stood,0,0,0,,,,,
2026-09-20,SA20AMK,Coventry,Hi-Cube,Stood,0,0,0,,,,,
2026-09-20,SA20TRB,Coventry,Hi-Cube,Stood,0,0,0,,,,,
2026-09-20,SA21YHN,Coventry,3.5 Tonne,Stood,0,0,0,,,,,
2026-09-20,SA25OFL,Coventry,3.5 Tonne,Stood,0,0,0,,,,,
2026-09-20,SA25GVF,Coventry,3.5 Tonne,Stood,0,0,0,,,,,
2026-09-20,SA25HHH,Coventry,3.5 Tonne,Stood,0,0,0,,,,,
2026-09-20,SA22UNE,Coventry,3.5 Tonne,VOR,0,0,0,,,,,
2026-09-20,SA23JZS,Coventry,3.5 Tonne,Stood,0,0,0,,,,,
2026-09-20,SA22BPB,Coventry,3.5 Tonne,Stood,0,0,0,,,,,
2026-09-20,SA25ARM,Coventry,Hi-Cube,Stood,0,0,0,,,,,
2026-09-20,SA22WDT,Coventry,Hi-Cube,Out for Delivery,1,3,16,AO578563,170,05:00,14:50,Sample Mate 074
2026-09-20,SA22MSC,Potters-Bar,Hi-Cube,Stood,0,0,0,,,,,
2026-09-20,SA22ZWZ,Potters-Bar,3.5 Tonne,Stood,0,0,0,,,,,
2026-09-20,SA23RZJ,Potters-Bar,3.5 Tonne,Stood,0,0,0,,,,,
2026-09-20,SA22OTU,Potters-Bar,3.5 Tonne,Stood,0,0,0,,,,,
2026-09-20,SA21FCH,Potters-Bar,3.5 Tonne,VOR,0,0,0,,,,,
2026-09-20,SA20PCO,Potters-Bar,3.5 Tonne,Stood,0,0,0,,,,,
2026-09-20,SA25BFB,Potters-Bar,3.5 Tonne,Stood,0,0,0,,,,,
2026-09-20,SA19DRJ,Potters-Bar,3.5 Tonne,Stood,0,0,0,,,,,
2026-09-20,SA23EWM,Potters-Bar,Hi-Cube,Stood,0,0,0,,,,,
2026-09-20,SA20UTN,Potters-Bar,Hi-Cube,Out for Delivery,1,1,17,AO567971,129,08:00,15:20,
2026-09-20,SA21VHW,Potters-Bar,Hi-Cube,Stood,0,0,0,,,,,
2026-09-20,SA24EGM,Gravesend,3.5 Tonne,Stood,0,0,0,,,,,
2026-09-20,SA20USA,Gravesend,3.5 Tonne,Stood,0,0,0,,,,,
2026-09-20,SA21DKO,Gravesend,3.5 Tonne,Stood,0,0,0,,,,,
2026-09-20,SA21VKR,Gravesend,3.5 Tonne,Stood,0,0,0,,,,,
2026-09-20,SA24WSV,Gravesend,3.5 Tonne,Out for Delivery,1,2,15,AO865407,113,06:30,17:20,Sample Mate 029
2026-09-20,SA22TVT,Gravesend,3.5 Tonne,Stood,0,0,0,,,,,
2026-09-20,SA22OKR,Gravesend,3.5 Tonne,Stood,0,0,0,,,,,
2026-09-20,SA24YXV,Gravesend,Hi-Cube,Stood,0,0,0,,,,,
2026-09-20,SA23ZEG,Gravesend,Hi-Cube,Stood,0,0,0,,,,,
2026-09-20,SA25HWN,Gravesend,Hi-Cube,Stood,0,0,0,,,,,
2026-09-20,SA23HXN,Gravesend,3.5 Tonne,Stood,0,0,0,,,,,
2026-09-20,SA20CKP,Yaxley,3.5 Tonne,Stood,0,0,0,,,,,
2026-09-20,SA22NUY,Yaxley,3.5 Tonne,Stood,0,0,0,,,,,
2026-09-20,SA25DXX,Yaxley,3.5 Tonne,Stood,0,0,0,,,,,
2026-09-20,SA20TPF,Yaxley,3.5 Tonne,Stood,0,0,0,,,,,
2026-09-20,SA20JNS,Yaxley,3.5 Tonne,Stood,0,0,0,,,,,
2026-09-20,SA21LKC,Yaxley,3.5 Tonne,VOR,0,0,0,,,,,
2026-09-20,SA23CEV,Yaxley,Hi-Cube,Stood,0,0,0,,,,,
2026-09-20,SA19TEY,Yaxley,Hi-Cube,Stood,0,0,0,,,,,
2026-09-20,SA23VWZ,Yaxley,Hi-Cube,Stood,0,0,0,,,,,
2026-09-20,SA23YPM,Yaxley,3.5 Tonne,Out for Delivery,1,1,17,AO248124,191,06:30,16:50,Sample Mate 051
2026-09-20,SA21CTP,Luton,3.5 Tonne,Stood,0,0,0,,,,,
2026-09-20,SA20HOW,Luton,3.5 Tonne,Stood,0,0,0,,,,,
2026-09-20,SA23XGS,Luton,3.5 Tonne,VOR,0,0,0,,,,,
2026-09-20,SA25FZR,Luton,3.5 Tonne,Stood,0,0,0,,,,,
2026-09-20,SA24TBJ,Luton,3.5 Tonne,Stood,0,0,0,,,,,
2026-09-20,SA21RWX,Luton,3.5 Tonne,Stood,0,0,0,,,,,
2026-09-20,SA25ZDS,Luton,Hi-Cube,Stood,0,0,0,,,,,
2026-09-20,SA21BSM,Luton,Hi-Cube,Stood,0,0,0,,,,,
2026-09-20,SA21LYC,Luton,Hi-Cube,Stood,0,0,0,,,,,
2026-09-20,SA23UUX,Luton,3.5 Tonne,Stood,0,0,0,,,,,
2026-09-20,SA25HTE,Newport,3.5 Tonne,Stood,0,0,0,,,,,
2026-09-20,SA20YYE,Newport,3.5 Tonne,Stood,0,0,0,,,,,
2026-09-20,SA25HKJ,Newport,3.5 Tonne,Stood,0,0,0,,,,,
2026-09-20,SA23EPZ,Newport,3.5 Tonne,Stood,0,0,0,,,,,
2026-09-20,SA21NVS,Newport,3.5 Tonne,Stood,0,0,0,,,,,
2026-09-20,SA20TYO,Newport,3.5 Tonne,VOR,0,0,0,,,,,
2026-09-20,SA19MCG,Newport,Hi-Cube,Stood,0,0,0,,,,,
2026-09-20,SA25BMC,Newport,Hi-Cube,VOR,0,0,0,,,,,
2026-09-20,SA21KRA,Newport,Hi-Cube,Stood,0,0,0,,,,,
2026-09-20,SA19DRA,Newport,3.5 Tonne,Stood,0,0,0,,,,,
2026-09-20,SA20GDO,Spennymoor,3.5 Tonne,Stood,0,0,0,,,,,
2026-09-20,SA20PDC,Spennymoor,3.5 Tonne,Stood,0,0,0,,,,,
2026-09-20,SA20XTS,Spennymoor,3.5 Tonne,Stood,0,0,0,,,,,
2026-09-20,SA21MOH,Spennymoor,3.5 Tonne,Stood,0,0,0,,,,,
2026-09-20,SA23SYT,Spennymoor,3.5 Tonne,Stood,0,0,0,,,,,
2026-09-20,SA23HWK,Spennymoor,3.5 Tonne,Stood,0,0,0,,,,,
2026-09-20,SA23KYB,Spennymoor,Hi-Cube,Stood,0,0,0,,,,,
2026-09-20,SA24VPW,Crewe,18 Tonne,Stood,0,0,0,,,,,
2026-09-20,SA19DSG,Crewe,18 Tonne,Stood,0,0,0,,,,,
2026-09-20,SA24SHG,Crewe,18 Tonne,Stood,0,0,0,,,,,
2026-09-20,SA23MDE,Crewe,18 Tonne,Out for Delivery,1,1,8,AO802186,143,06:45,15:50,
2026-09-20,SA25ZDT,Crewe,18 Tonne,Stood,0,0,0,,,,,
2026-09-20,SA23SWO,Crewe,18 Tonne,Stood,0,0,0,,,,,
2026-09-20,SA24RVH,Crewe,18 Tonne,Stood,0,0,0,,,,,
2026-09-20,SA20NEV,Crewe,18 Tonne,Stood,0,0,0,,,,,
2026-09-20,SA21XVA,Crewe,18 Tonne,Stood,0,0,0,,,,,
2026-09-20,SA22LYH,Crewe,18 Tonne,Stood,0,0,0,,,,,
2026-09-20,SA21JTW,Crewe,18 Tonne,Stood,0,0,0,,,,,
2026-09-20,SA21XVX,Crewe,18 Tonne,Stood,0,0,0,,,,,
2026-09-20,SA23RCF,Crewe,18 Tonne,Stood,0,0,0,,,,,
2026-09-20,SA25RMO,Crewe,18 Tonne,Stood,0,0,0,,,,,
2026-09-20,SA24LJW,Crewe,18 Tonne,Stood,0,0,0,,,,,
2026-09-20,SA20OWC,Crewe,18 Tonne,Stood,0,0,0,,,,,
2026-09-20,SA19DBD,Crewe,18 Tonne,Stood,0,0,0,,,,,
2026-09-20,SA24LDP,Crewe,18 Tonne,Stood,0,0,0,,,,,
2026-09-20,SA23KXZ,Crewe,18 Tonne,Stood,0,0,0,,,,,
2026-09-20,SA21ODB,Crewe,18 Tonne,VOR,0,0,0,,,,,
2026-09-20,SA24FBZ,Crewe,18 Tonne,Stood,0,0,0,,,,,
2026-09-20,SA21TMJ,Crewe,18 Tonne,Stood,0,0,0,,,,,
2026-09-20,SA24HBV,Crewe,18 Tonne,Stood,0,0,0,,,,,
2026-09-20,SA24OKB,Crewe,18 Tonne,Stood,0,0,0,,,,,
2026-09-20,SA24VYR,Crewe,18 Tonne,Stood,0,0,0,,,,,
2026-09-20,SA24MCW,Crewe,18 Tonne,Stood,0,0,0,,,,,
2026-09-20,SA20RLP,Crewe,18 Tonne,Stood,0,0,0,,,,,
2026-09-20,SA19CBG,Crewe,18 Tonne,Stood,0,0,0,,,,,
2026-09-20,SA19PMX,Crewe,18 Tonne,Stood,0,0,0,,,,,
2026-09-20,SA21LXC,Crewe,18 Tonne,VOR,0,0,0,,,,,
2026-09-20,SA25TBJ,Crewe,18 Tonne,VOR,0,0,0,,,,,
2026-09-20,SA22PJY,Crewe,18 Tonne,VOR,0,0,0,,,,,
2026-09-20,SA21TOM,Crossgreen,18 Tonne,VOR,0,0,0,,,,,
2026-09-20,SA24KJN,Crossgreen,18 Tonne,Stood,0,0,0,,,,,
2026-09-20,SA21KTM,Crossgreen,18 Tonne,Stood,0,0,0,,,,,
2026-09-20,SA23NYF,Crossgreen,18 Tonne,VOR,0,0,0,,,,,
2026-09-20,SA21VPR,Crossgreen,18 Tonne,Stood,0,0,0,,,,,
2026-09-20,SA19UCD,Crossgreen,18 Tonne,VOR,0,0,0,,,,,
2026-09-20,SA19KFZ,Crossgreen,18 Tonne,Stood,0,0,0,,,,,
2026-09-20,SA22PNW,Crossgreen,18 Tonne,Stood,0,0,0,,,,,
2026-09-20,SA20GGO,Crossgreen,18 Tonne,Stood,0,0,0,,,,,
2026-09-20,SA24KNV,Crossgreen,18 Tonne,Stood,0,0,0,,,,,
2026-09-20,SA23UJX,Crossgreen,18 Tonne,Stood,0,0,0,,,,,
2026-09-20,SA24ZDJ,Crossgreen,18 Tonne,Stood,0,0,0,,,,,
2026-09-20,SA24CYO,Crossgreen,18 Tonne,VOR,0,0,0,,,,,
2026-09-20,SA19GCZ,Crossgreen,18 Tonne,Stood,0,0,0,,,,,
2026-09-20,SA24XKP,Crossgreen,18 Tonne,Stood,0,0,0,,,,,
2026-09-20,SA20MNW,Stoke,18 Tonne,VOR,0,0,0,,,,,
2026-09-20,SA21LTS,Stoke,18 Tonne,Stood,0,0,0,,,,,
2026-09-20,SA21JWU,Stoke,18 Tonne,Stood,0,0,0,,,,,
2026-09-20,SA22MPO,Stoke,18 Tonne,Stood,0,0,0,,,,,
2026-09-20,SA23FGZ,Stoke,18 Tonne,Stood,0,0,0,,,,,
2026-09-20,SA19AHK,Stoke,18 Tonne,Stood,0,0,0,,,,,
2026-09-20,SA22PLL,Stoke,18 Tonne,Stood,0,0,0,,,,,
2026-09-20,SA25ZSG,Stoke,18 Tonne,Stood,0,0,0,,,,,
2026-09-20,SA25GNY,Stoke,18 Tonne,Stood,0,0,0,,,,,
2026-09-20,SA19STN,Stoke,18 Tonne,Stood,0,0,0,,,,,
2026-09-20,SA24VMA,Stoke,18 Tonne,Stood,0,0,0,,,,,
2026-09-20,SA20KVE,Stoke,18 Tonne,Stood,0,0,0,,,,,
2026-09-20,SA25XBH,Stoke,18 Tonne,Stood,0,0,0,,,,,
2026-09-20,SA22ECK,Exeter,18 Tonne,Stood,0,0,0,,,,,
2026-09-20,SA23XWV,Exeter,18 Tonne,VOR,0,0,0,,,,,
2026-09-20,SA24BVV,Exeter,18 Tonne,Stood,0,0,0,,,,,
2026-09-20,SA22GKH,Exeter,18 Tonne,Stood,0,0,0,,,,,
2026-09-20,SA23KXY,Exeter,18 Tonne,Stood,0,0,0,,,,,
2026-09-20,SA24SGK,Exeter,18 Tonne,Stood,0,0,0,,,,,
2026-09-20,SA25VWR,Exeter,18 Tonne,Out for Delivery,1,2,18,AO831171,146,06:30,16:35,
2026-09-20,SA19UUP,Exeter,18 Tonne,Stood,0,0,0,,,,,
2026-09-20,SA23GVU,Exeter,18 Tonne,Stood,0,0,0,,,,,
2026-09-20,SA19NLA,Exeter,18 Tonne,Stood,0,0,0,,,,,
2026-09-20,SA23ALA,Exeter,18 Tonne,Stood,0,0,0,,,,,
2026-09-20,SA19OYK,Exeter,18 Tonne,Stood,0,0,0,,,,,
2026-09-20,SA24KOK,Coventry,18 Tonne,Stood,0,0,0,,,,,
2026-09-20,SA22YJZ,Coventry,18 Tonne,Stood,0,0,0,,,,,
2026-09-20,SA22BHS,Coventry,18 Tonne,Stood,0,0,0,,,,,
2026-09-20,SA24SEK,Coventry,18 Tonne,Stood,0,0,0,,,,,
2026-09-20,SA22XYU,Coventry,18 Tonne,Stood,0,0,0,,,,,
2026-09-20,SA24TRA,Coventry,18 Tonne,Stood,0,0,0,,,,,
2026-09-20,SA20EMJ,Coventry,18 Tonne,Stood,0,0,0,,,,,
2026-09-20,SA22XTZ,Coventry,18 Tonne,Stood,0,0,0,,,,,
2026-09-20,SA25JMV,Coventry,18 Tonne,Stood,0,0,0,,,,,
2026-09-20,SA23OFT,Coventry,18 Tonne,Stood,0,0,0,,,,,
2026-09-20,SA24MFS,Coventry,18 Tonne,Stood,0,0,0,,,,,
2026-09-20,SA24NEL,Potters-Bar,18 Tonne,Stood,0,0,0,,,,,
2026-09-20,SA21ERL,Potters-Bar,18 Tonne,Stood,0,0,0,,,,,
2026-09-20,SA25UXF,Potters-Bar,18 Tonne,Stood,0,0,0,,,,,
2026-09-20,SA25BTB,Potters-Bar,18 Tonne,Stood,0,0,0,,,,,
2026-09-20,SA20YDC,Potters-Bar,18 Tonne,Stood,0,0,0,,,,,
2026-09-20,SA19EXF,Potters-Bar,18 Tonne,Stood,0,0,0,,,,,
2026-09-20,SA25CLX,Potters-Bar,18 Tonne,Stood,0,0,0,,,,,
2026-09-20,SA22PGP,Potters-Bar,18 Tonne,Stood,0,0,0,,,,,
2026-09-20,SA21KZG,Potters-Bar,18 Tonne,Stood,0,0,0,,,,,
2026-09-20,SA19TOJ,Potters-Bar,18 Tonne,Out for Delivery,1,0,8,AO655760,149,08:15,15:50,Sample Mate 091
2026-09-20,SA21ZLW,Potters-Bar,18 Tonne,Out for Delivery,1,4,19,AO512101,118,05:30,15:35,
2026-09-20,SA23TER,Gravesend,18 Tonne,Stood,0,0,0,,,,,
2026-09-20,SA24GBN,Gravesend,18 Tonne,Stood,0,0,0,,,,,
2026-09-20,SA19YVJ,Gravesend,18 Tonne,Stood,0,0,0,,,,,
2026-09-20,SA24PTO,Gravesend,18 Tonne,Stood,0,0,0,,,,,
2026-09-20,SA22SAD,Gravesend,18 Tonne,Stood,0,0,0,,,,,
2026-09-20,SA20LGB,Gravesend,18 Tonne,VOR,0,0,0,,,,,
2026-09-20,SA22DNE,Gravesend,18 Tonne,Stood,0,0,0,,,,,
2026-09-20,SA24OLT,Gravesend,18 Tonne,Out for Delivery,1,4,12,AO849236,113,07:15,16:20,
2026-09-20,SA19JZN,Gravesend,18 Tonne,Stood,0,0,0,,,,,
2026-09-20,SA22MOL,Gravesend,18 Tonne,Stood,0,0,0,,,,,
2026-09-20,SA25MPS,Gravesend,18 Tonne,Stood,0,0,0,,,,,
2026-09-20,SA23OPY,Yaxley,18 Tonne,Stood,0,0,0,,,,,
2026-09-20,SA20ATG,Yaxley,18 Tonne,Stood,0,0,0,,,,,
2026-09-20,SA23MME,Yaxley,18 Tonne,Stood,0,0,0,,,,,
2026-09-20,SA21TSL,Yaxley,18 Tonne,Stood,0,0,0,,,,,
2026-09-20,SA21FDE,Yaxley,18 Tonne,Stood,0,0,0,,,,,
2026-09-20,SA25LMC,Yaxley,18 Tonne,Stood,0,0,0,,,,,
2026-09-20,SA20HEP,Yaxley,18 Tonne,Out for Delivery,1,1,14,AO301678,125,05:45,15:50,Sample Mate 059
2026-09-20,SA24BEW,Yaxley,18 Tonne,Stood,0,0,0,,,,,
2026-09-20,SA22FUD,Yaxley,18 Tonne,Stood,0,0,0,,,,,
2026-09-20,SA19XKR,Yaxley,18 Tonne,VOR,0,0,0,,,,,
2026-09-20,SA20CLC,Luton,18 Tonne,Stood,0,0,0,,,,,
2026-09-20,SA21YYZ,Luton,18 Tonne,Stood,0,0,0,,,,,
2026-09-20,SA20PTN,Luton,18 Tonne,Stood,0,0,0,,,,,
2026-09-20,SA19ZVG,Luton,18 Tonne,Stood,0,0,0,,,,,
2026-09-20,SA23DMW,Luton,18 Tonne,Out for Delivery,1,2,21,AO495035,188,06:00,15:20,Sample Mate 063
2026-09-20,SA25NDT,Luton,18 Tonne,Stood,0,0,0,,,,,
2026-09-20,SA19MLK,Luton,18 Tonne,Stood,0,0,0,,,,,
2026-09-20,SA22DYV,Luton,18 Tonne,Stood,0,0,0,,,,,
2026-09-20,SA25NUR,Luton,18 Tonne,Stood,0,0,0,,,,,
2026-09-20,SA23XJU,Luton,18 Tonne,Stood,0,0,0,,,,,
2026-09-20,SA21XEB,Newport,18 Tonne,VOR,0,0,0,,,,,
2026-09-20,SA22FFM,Newport,18 Tonne,Stood,0,0,0,,,,,
2026-09-20,SA21EKH,Newport,18 Tonne,Stood,0,0,0,,,,,
2026-09-20,SA22ULC,Newport,18 Tonne,Stood,0,0,0,,,,,
2026-09-20,SA24AVF,Newport,18 Tonne,Stood,0,0,0,,,,,
2026-09-20,SA23SWN,Newport,18 Tonne,Stood,0,0,0,,,,,
2026-09-20,SA23UCW,Newport,18 Tonne,Stood,0,0,0,,,,,
2026-09-20,SA23GLU,Newport,18 Tonne,Stood,0,0,0,,,,,
2026-09-20,SA24LHH,Newport,18 Tonne,Stood,0,0,0,,,,,
2026-09-20,SA21DOM,Newport,18 Tonne,VOR,0,0,0,,,,,
2026-09-20,SA20AGS,Spennymoor,18 Tonne,Stood,0,0,0,,,,,
2026-09-20,SA20MVR,Spennymoor,18 Tonne,Stood,0,0,0,,,,,
2026-09-20,SA24GNS,Spennymoor,18 Tonne,Stood,0,0,0,,,,,
2026-09-20,SA19PVX,Spennymoor,18 Tonne,Stood,0,0,0,,,,,
2026-09-20,SA21FCG,Spennymoor,18 Tonne,Stood,0,0,0,,,,,
2026-09-20,SA21FTL,Spennymoor,18 Tonne,Stood,0,0,0,,,,,
2026-09-20,SA22XNK,Spennymoor,18 Tonne,Stood,0,0,0,,,,,
2026-09-20,SA21JCW,Spennymoor,18 Tonne,Stood,0,0,0,,,,,
2026-09-20,SA25AYD,Spennymoor,18 Tonne,Stood,0,0,0,,,,,
2026-09-20,SA21PLX,Spennymoor,18 Tonne,Stood,0,0,0,,,,,
2026-09-20,SA21VDP,Dundee,18 Tonne,Out for Delivery,1,0,12,AO756504,115,07:00,18:50,Sample Mate 109
2026-09-20,SA19PXJ,Dundee,18 Tonne,Stood,0,0,0,,,,,
2026-09-20,SA19ERR,Dundee,18 Tonne,Stood,0,0,0,,,,,
2026-09-20,SA25MCD,Dundee,18 Tonne,Stood,0,0,0,,,,,
2026-09-20,SA23BFC,Dundee,18 Tonne,Out for Delivery,1,2,18,AO547512,138,08:45,17:05,
2026-09-20,SA20ENJ,Dundee,18 Tonne,Stood,0,0,0,,,,,
2026-09-20,SA24GLE,Dundee,18 Tonne,Stood,0,0,0,,,,,
2026-09-20,SA23XPJ,Dundee,18 Tonne,VOR,0,0,0,,,,,
2026-09-20,SA23HRO,Dundee,18 Tonne,Out for Delivery,1,0,20,AO157198,168,06:00,14:05,
2026-09-20,SA23MCX,Crawley,18 Tonne,Stood,0,0,0,,,,,
2026-09-20,SA24COE,Crawley,18 Tonne,Stood,0,0,0,,,,,
2026-09-20,SA23RVC,Crawley,18 Tonne,Stood,0,0,0,,,,,
2026-09-20,SA25SCH,Crawley,18 Tonne,Stood,0,0,0,,,,,
2026-09-20,SA22MSZ,Crawley,18 Tonne,Stood,0,0,0,,,,,
2026-09-20,SA21NSP,Crawley,18 Tonne,VOR,0,0,0,,,,,
2026-09-20,SA19EWH,Crawley,18 Tonne,Stood,0,0,0,,,,,
2026-09-20,SA22YNN,Crawley,18 Tonne,VOR,0,0,0,,,,,
2026-09-20,SA23PKA,Heywood,18 Tonne,Stood,0,0,0,,,,,
2026-09-20,SA23EAU,Heywood,18 Tonne,Stood,0,0,0,,,,,
2026-09-20,SA20NON,Heywood,18 Tonne,Stood,0,0,0,,,,,
2026-09-20,SA21GLB,Heywood,18 Tonne,Stood,0,0,0,,,,,
2026-09-20,SA21FTY,Heywood,18 Tonne,Stood,0,0,0,,,,,
2026-09-20,SA23ENV,Heywood,18 Tonne,Stood,0,0,0,,,,,
2026-09-20,SA24OWT,Heywood,18 Tonne,Stood,0,0,0,,,,,
2026-09-20,SA22UPK,Heywood,18 Tonne,Stood,0,0,0,,,,,
2026-09-20,SA19SVY,Larkhall,18 Tonne,Stood,0,0,0,,,,,
2026-09-20,SA22NUC,Larkhall,18 Tonne,Stood,0,0,0,,,,,
2026-09-20,SA24TVA,Larkhall,18 Tonne,Stood,0,0,0,,,,,
2026-09-20,SA21EVZ,Larkhall,18 Tonne,Stood,0,0,0,,,,,
2026-09-20,SA24BKV,Larkhall,18 Tonne,VOR,0,0,0,,,,,
2026-09-20,SA20BEY,Larkhall,18 Tonne,Stood,0,0,0,,,,,
2026-09-20,SA19YXV,Larkhall,18 Tonne,Stood,0,0,0,,,,,
2026-09-20,SA20VUH,Basildon,18 Tonne,Stood,0,0,0,,,,,
2026-09-20,SA25LMD,Basildon,18 Tonne,Stood,0,0,0,,,,,
2026-09-20,SA25PEK,Basildon,18 Tonne,Stood,0,0,0,,,,,
2026-09-20,SA25ZHN,Basildon,18 Tonne,Out for Delivery,1,0,17,AO481700,170,07:30,15:50,
2026-09-20,SA19DJO,Basildon,18 Tonne,Stood,0,0,0,,,,,
2026-09-20,SA21ZCU,Basildon,18 Tonne,Stood,0,0,0,,,,,
2026-09-20,SA23UKX,Outside HDV Network,18 Tonne,Stood,0,0,0,,,,,
2026-09-20,SA20WMN,Outside HDV Network,18 Tonne,Out for Delivery,1,4,13,AO122269,119,07:15,17:20,Sample Mate 031
2026-09-20,SA24KCG,Outside HDV Network,18 Tonne,Stood,0,0,0,,,,,
2026-09-20,SA25FFS,Outside HDV Network,18 Tonne,Stood,0,0,0,,,,,
2026-09-20,SA21PEF,Fareham,18 Tonne,Stood,0,0,0,,,,,
2026-09-20,SA25OVW,Fareham,18 Tonne,Stood,0,0,0,,,,,
2026-09-20,SA23DDN,Fareham,18 Tonne,Stood,0,0,0,,,,,
2026-09-20,SA19SJE,Fareham,18 Tonne,Stood,0,0,0,,,,,
2026-09-20,SA24RVO,Avonmouth,18 Tonne,Stood,0,0,0,,,,,
2026-09-20,SA24VGC,Avonmouth,18 Tonne,VOR,0,0,0,,,,,
2026-09-20,SA25VME,Avonmouth,18 Tonne,Stood,0,0,0,,,,,
2026-09-20,SA24SFH,Crewe,18 Tonne,Stood,0,0,0,,,,,
2026-09-20,SA19DVW,Crewe,18 Tonne,Stood,0,0,0,,,,,
2026-09-20,SA20KZF,Crewe,18 Tonne,Out for Delivery,1,3,10,AO352594,174,05:00,14:35,
2026-09-20,SA23BLN,Crewe,18 Tonne,Stood,0,0,0,,,,,
2026-09-20,SA25FGJ,Crewe,18 Tonne,Stood,0,0,0,,,,,
2026-09-20,SA20UPV,Crewe,18 Tonne,Stood,0,0,0,,,,,
2026-09-20,SA24ZLC,Crewe,18 Tonne,Out for Delivery,1,0,14,AO819132,175,06:00,13:35,
2026-09-20,SA22PRW,Crewe,18 Tonne,Stood,0,0,0,,,,,
2026-09-20,SA22XEG,Crewe,18 Tonne,Out for Delivery,1,3,8,AO105042,186,06:30,17:20,Sample Mate 017
2026-09-20,SA21TGN,Crewe,18 Tonne,Out for Delivery,1,1,9,AO193417,144,06:45,15:05,Sample Mate 081
2026-09-20,SA21VES,Crewe,18 Tonne,Stood,0,0,0,,,,,
2026-09-20,SA19OJB,Crewe,18 Tonne,Stood,0,0,0,,,,,
2026-09-20,SA21WRZ,Crewe,18 Tonne,Stood,0,0,0,,,,,
2026-09-20,SA24GMA,Crewe,18 Tonne,Stood,0,0,0,,,,,
2026-09-20,SA23OGF,Crewe,18 Tonne,Out for Delivery,1,1,12,AO149386,160,08:00,17:35,Sample Mate 019
2026-09-20,SA22PGB,Crewe,18 Tonne,Stood,0,0,0,,,,,
2026-09-20,SA23XBN,Crewe,18 Tonne,Stood,0,0,0,,,,,
2026-09-20,SA25JZF,Crewe,18 Tonne,Stood,0,0,0,,,,,
2026-09-20,SA21WJU,Crewe,18 Tonne,Stood,0,0,0,,,,,
2026-09-20,SA23SZG,Crewe,18 Tonne,Stood,0,0,0,,,,,
2026-09-20,SA24LFW,Crewe,18 Tonne,Stood,0,0,0,,,,,
2026-09-20,SA24BGW,Crewe,18 Tonne,Out for Delivery,1,4,21,AO419159,165,06:15,17:50,Sample Mate 044
2026-09-20,SA20HDT,Crewe,18 Tonne,Stood,0,0,0,,,,,
2026-09-20,SA24ZOC,Crewe,18 Tonne,Stood,0,0,0,,,,,
2026-09-20,SA21WAF,Crewe,18 Tonne,VOR,0,0,0,,,,,
2026-09-20,SA19PHM,Crewe,18 Tonne,Stood,0,0,0,,,,,
2026-09-20,SA23HKU,Crewe,18 Tonne,VOR,0,0,0,,,,,
2026-09-20,SA24JXK,Crewe,18 Tonne,Out for Delivery,1,0,21,AO511401,144,07:15,15:05,
2026-09-20,SA20NYE,Crewe,18 Tonne,Out for Delivery,1,1,18,AO482909,182,06:30,15:35,
2026-09-20,SA22EPR,Crewe,18 Tonne,Stood,0,0,0,,,,,
2026-09-20,SA19KPE,Crewe,18 Tonne,Out for Delivery,1,1,12,AO957608,183,08:30,17:05,Sample Mate 111
2026-09-20,SA24NCV,Crewe,18 Tonne,Stood,0,0,0,,,,,
2026-09-20,SA22HMV,Crewe,18 Tonne,VOR,0,0,0,,,,,
2026-09-20,SA20ELG,Crewe,18 Tonne,Stood,0,0,0,,,,,
2026-09-20,SA24TDY,Crewe,18 Tonne,Stood,0,0,0,,,,,
2026-09-20,SA19ACJ,Crewe,18 Tonne,Stood,0,0,0,,,,,
2026-09-20,SA24BXM,Crewe,18 Tonne,VOR,0,0,0,,,,,
2026-09-20,SA19VRB,Crewe,18 Tonne,Stood,0,0,0,,,,,
2026-09-20,SA21CUB,Crossgreen,18 Tonne,Stood,0,0,0,,,,,
2026-09-20,SA20YCJ,Crossgreen,18 Tonne,Stood,0,0,0,,,,,
2026-09-20,SA23KDV,Crossgreen,18 Tonne,Stood,0,0,0,,,,,
2026-09-20,SA22RWZ,Crossgreen,18 Tonne,Out for Delivery,1,1,17,AO454773,144,07:30,18:35,
2026-09-20,SA22YLB,Crossgreen,18 Tonne,Stood,0,0,0,,,,,
2026-09-20,SA19POX,Crossgreen,18 Tonne,Stood,0,0,0,,,,,
2026-09-20,SA20BXX,Crossgreen,18 Tonne,VOR,0,0,0,,,,,
2026-09-20,SA19HYA,Crossgreen,18 Tonne,Stood,0,0,0,,,,,
2026-09-20,SA19SSO,Crossgreen,18 Tonne,Stood,0,0,0,,,,,
2026-09-20,SA23PCT,Crossgreen,18 Tonne,Stood,0,0,0,,,,,
2026-09-20,SA21NFS,Crossgreen,18 Tonne,Stood,0,0,0,,,,,
2026-09-20,SA20JNH,Crossgreen,18 Tonne,VOR,0,0,0,,,,,
2026-09-20,SA25XAV,Crossgreen,18 Tonne,Stood,0,0,0,,,,,
2026-09-20,SA21PAJ,Crossgreen,18 Tonne,VOR,0,0,0,,,,,
2026-09-20,SA22DFO,Crossgreen,18 Tonne,Stood,0,0,0,,,,,
2026-09-20,SA19SJL,Stoke,18 Tonne,Stood,0,0,0,,,,,
2026-09-20,SA24FEH,Stoke,18 Tonne,Stood,0,0,0,,,,,
2026-09-20,SA23ROA,Stoke,18 Tonne,Stood,0,0,0,,,,,
2026-09-20,SA19SWS,Stoke,18 Tonne,Stood,0,0,0,,,,,
2026-09-20,SA20BTE,Stoke,18 Tonne,Stood,0,0,0,,,,,
2026-09-20,SA25SMM,Stoke,18 Tonne,Stood,0,0,0,,,,,
2026-09-21,SA22FEL,Crewe,3.5 Tonne,Out for Delivery,1,3,12,AO883921,153,06:15,16:35,
2026-09-21,SA21BEC,Crewe,3.5 Tonne,VOR,0,0,0,,,,,
2026-09-21,SA23FNN,Crewe,3.5 Tonne,Out for Delivery,1,4,18,AO329282,199,05:45,14:05,Sample Mate 062
2026-09-21,SA21EVW,Crewe,3.5 Tonne,Out for Delivery,1,1,22,AO170547,110,08:00,17:35,Sample Mate 064
2026-09-21,SA24GSA,Crewe,3.5 Tonne,VOR,0,0,0,,,,,
2026-09-21,SA25PMJ,Crewe,3.5 Tonne,Stood,0,0,0,,,,,
2026-09-21,SA23XMW,Crewe,3.5 Tonne,VOR,0,0,0,,,,,
2026-09-21,SA24PZB,Crewe,Hi-Cube,Out for Delivery,1,1,17,AO115650,163,07:45,16:05,Sample Mate 037
2026-09-21,SA25FSF,Crewe,Hi-Cube,Out for Delivery,1,3,10,AO276723,160,06:15,16:35,Sample Mate 079
2026-09-21,SA25CZS,Crewe,Hi-Cube,Out for Delivery,1,0,21,AO428642,165,05:45,15:35,
2026-09-21,SA19MMT,Crewe,3.5 Tonne,Stood Not Utilised,0,0,0,,,,,
2026-09-21,SA21ESV,Crewe,3.5 Tonne,Out for Delivery,1,0,14,AO237550,158,07:00,17:20,
2026-09-21,SA20NSO,Crewe,3.5 Tonne,VOR,0,0,0,,,,,
2026-09-21,SA21BXZ,Crewe,3.5 Tonne,Stood Not Utilised,0,0,0,,,,,
2026-09-21,SA23UTA,Crewe,3.5 Tonne,Stood Not Utilised,0,0,0,,,,,
2026-09-21,SA23COL,Crewe,3.5 Tonne,Out for Delivery,1,0,12,AO997361,121,08:30,18:20,
2026-09-21,SA25UXO,Crewe,3.5 Tonne,Out for Delivery,1,3,17,AO959260,124,07:15,16:35,
2026-09-21,SA20RUO,Crewe,Hi-Cube,Stood Not Utilised,0,0,0,,,,,
2026-09-21,SA24SKP,Crewe,Hi-Cube,Out for Delivery,1,2,10,AO255205,177,07:15,18:05,
2026-09-21,SA19FFM,Crewe,Hi-Cube,RELOAD PT 2,1,0,14,AO405083,179,05:45,12:35,
2026-09-21,SA25YOG,Crewe,3.5 Tonne,Out for Delivery,1,2,13,AO611698,135,08:30,16:35,
2026-09-21,SA22POR,Crewe,3.5 Tonne,Out for Delivery,1,4,21,AO763637,143,06:30,13:05,
2026-09-21,SA23TKP,Crewe,3.5 Tonne,Stood Not Utilised,0,0,0,,,,,
2026-09-21,SA20PKF,Crewe,3.5 Tonne,Stood Not Utilised,0,0,0,,,,,
2026-09-21,SA22YRV,Crewe,3.5 Tonne,Stood,0,0,0,,,,,
2026-09-21,SA23SXC,Crewe,3.5 Tonne,VOR,0,0,0,,,,,
2026-09-21,SA20AFW,Crewe,3.5 Tonne,Stood,0,0,0,,,,,
2026-09-21,SA25ADF,Crewe,Hi-Cube,Out for Delivery,1,0,22,AO137151,188,08:45,18:20,Sample Mate 017
2026-09-21,SA24AMJ,Crewe,Hi-Cube,Stood Not Utilised,0,0,0,,,,,
2026-09-21,SA21FFU,Crewe,Hi-Cube,Out for Delivery,1,4,18,AO630226,196,06:30,14:20,
2026-09-21,SA21BFL,Crewe,3.5 Tonne,Out for Delivery,1,4,9,AO299579,161,08:00,16:05,Sample Mate 027
2026-09-21,SA21ESA,Crewe,3.5 Tonne,Out for Delivery,1,3,8,AO897020,175,07:15,16:20,
2026-09-21,SA24WUV,Crewe,3.5 Tonne,VOR,0,0,0,,,,,
2026-09-21,SA19RJN,Crewe,3.5 Tonne,Out for Delivery,1,0,20,AO817171,119,08:00,19:50,Sample Mate 047
2026-09-21,SA19PLZ,Crewe,3.5 Tonne,Out for Delivery,1,4,17,AO619074,108,06:45,15:05,
2026-09-21,SA25EVK,Crewe,3.5 Tonne,Out for Delivery,1,1,20,AO577385,133,05:45,14:20,Sample Mate 098
2026-09-21,SA23UHR,Crewe,3.5 Tonne,Out for Delivery,1,2,22,AO249122,126,08:45,15:20,Sample Mate 079
2026-09-21,SA25UOZ,Crewe,Hi-Cube,Out for Delivery,1,4,16,AO123176,108,08:45,18:50,
2026-09-21,SA22ZAP,Crossgreen,Hi-Cube,VOR,0,0,0,,,,,
2026-09-21,SA20ZFK,Crossgreen,Hi-Cube,RELOAD PT 2,1,1,15,AO555471,188,05:00,13:50,
2026-09-21,SA19USJ,Crossgreen,3.5 Tonne,Out for Delivery,1,0,18,AO951354,133,07:00,15:35,
2026-09-21,SA19GOU,Crossgreen,3.5 Tonne,Out for Delivery,1,3,11,AO564219,148,07:00,18:50,
2026-09-21,SA25UOT,Crossgreen,3.5 Tonne,Stood,0,0,0,,,,,
2026-09-21,SA20PRE,Crossgreen,3.5 Tonne,VOR,0,0,0,,,,,
2026-09-21,SA21AFW,Crossgreen,3.5 Tonne,Out for Delivery,1,4,13,AO719603,141,08:00,19:05,Sample Mate 114
2026-09-21,SA21JRF,Crossgreen,3.5 Tonne,Stood Not Utilised,0,0,0,,,,,
2026-09-21,SA20VRD,Crossgreen,3.5 Tonne,Out for Delivery,1,4,12,AO675678,122,05:45,15:05,
2026-09-21,SA22AHT,Crossgreen,Hi-Cube,Out for Delivery,1,3,15,AO863463,164,08:15,15:35,Sample Mate 011
2026-09-21,SA23HJE,Crossgreen,Hi-Cube,RELOAD PT 2,1,1,12,AO385749,167,06:15,13:05,
2026-09-21,SA22JOZ,Crossgreen,Hi-Cube,Out for Delivery,1,4,19,AO427630,134,05:00,13:05,Sample Mate 033
2026-09-21,SA19YDN,Crossgreen,3.5 Tonne,Out for Delivery,1,4,11,AO237010,161,07:30,17:05,Sample Mate 062
2026-09-21,SA24MMZ,Crossgreen,3.5 Tonne,Out for Delivery,1,2,20,AO883625,128,06:45,17:50,
2026-09-21,SA23ARK,Crossgreen,3.5 Tonne,Out for Delivery,1,4,14,AO444452,126,08:30,15:05,
2026-09-21,SA21XRJ,Stoke,3.5 Tonne,Out for Delivery,1,1,8,AO275833,110,06:30,14:05,
2026-09-21,SA23DRC,Stoke,3.5 Tonne,Out for Delivery,1,0,16,AO507476,139,07:30,16:05,Sample Mate 044
2026-09-21,SA23XXA,Stoke,3.5 Tonne,Out for Delivery,1,3,18,AO791820,188,08:30,17:50,
2026-09-21,SA19VAW,Stoke,3.5 Tonne,Stood Not Utilised,0,0,0,,,,,
2026-09-21,SA23YNF,Stoke,Hi-Cube,Out for Delivery,1,4,15,AO209806,177,06:00,16:20,
2026-09-21,SA21FDL,Stoke,Hi-Cube,Out for Delivery,1,4,19,AO702949,178,07:30,18:50,Sample Mate 038
2026-09-21,SA22MHK,Stoke,Hi-Cube,Out for Delivery,1,4,17,AO138302,188,06:45,17:50,Sample Mate 105
2026-09-21,SA25RNW,Stoke,3.5 Tonne,RELOAD PT 2,1,2,20,AO702286,139,07:15,18:35,Sample Mate 079
2026-09-21,SA25TSY,Stoke,3.5 Tonne,Stood Not Utilised,0,0,0,,,,,
2026-09-21,SA24NPG,Stoke,3.5 Tonne,VOR,0,0,0,,,,,
2026-09-21,SA21BRA,Stoke,3.5 Tonne,Out for Delivery,1,1,9,AO458952,198,05:15,13:35,Sample Mate 010
2026-09-21,SA25CSD,Stoke,3.5 Tonne,Out for Delivery,1,2,8,AO782167,167,06:15,17:05,Sample Mate 015
2026-09-21,SA24GWT,Stoke,3.5 Tonne,Stood,0,0,0,,,,,
2026-09-21,SA24AMN,Exeter,3.5 Tonne,Out for Delivery,1,4,8,AO187097,150,07:30,18:05,Sample Mate 059
2026-09-21,SA24SMX,Exeter,Hi-Cube,Out for Delivery,1,1,13,AO459262,118,07:45,15:20,
2026-09-21,SA24WMZ,Exeter,Hi-Cube,Out for Delivery,1,0,19,AO164925,168,06:00,17:35,
2026-09-21,SA24UFV,Exeter,Hi-Cube,Out for Delivery,1,4,20,AO299333,164,08:30,15:20,Sample Mate 070
2026-09-21,SA25WDM,Exeter,3.5 Tonne,Stood Not Utilised,0,0,0,,,,,
2026-09-21,SA19DYL,Exeter,3.5 Tonne,VOR,0,0,0,,,,,
2026-09-21,SA19OPM,Exeter,3.5 Tonne,Out for Delivery,1,4,16,AO230333,163,08:30,17:50,Sample Mate 090
2026-09-21,SA25SMG,Exeter,3.5 Tonne,VOR,0,0,0,,,,,
2026-09-21,SA25WWS,Exeter,3.5 Tonne,RELOAD PT 2,1,3,12,AO890054,101,05:45,13:05,
2026-09-21,SA23HNP,Exeter,3.5 Tonne,RELOAD PT 2,1,1,17,AO210106,148,08:45,19:35,Sample Mate 067
2026-09-21,SA19GFS,Exeter,3.5 Tonne,Out for Delivery,1,0,16,AO863916,126,07:00,16:05,Sample Mate 018
2026-09-21,SA24FJS,Exeter,Hi-Cube,Stood Not Utilised,0,0,0,,,,,
2026-09-21,SA22GUR,Coventry,Hi-Cube,Out for Delivery,1,0,15,AO217762,128,05:15,13:05,Sample Mate 076
2026-09-21,SA19YFZ,Coventry,Hi-Cube,Out for Delivery,1,0,21,AO967809,119,06:15,14:05,
2026-09-21,SA21GLC,Coventry,3.5 Tonne,Out for Delivery,1,3,22,AO292735,184,05:45,14:35,
2026-09-21,SA24SCS,Coventry,3.5 Tonne,Out for Delivery,1,4,20,AO977731,123,06:15,13:20,
2026-09-21,SA21SHH,Coventry,3.5 Tonne,Stood,0,0,0,,,,,
2026-09-21,SA25KHM,Coventry,3.5 Tonne,Out for Delivery,1,4,16,AO348546,146,05:00,14:20,
2026-09-21,SA25GSY,Coventry,3.5 Tonne,Stood Not Utilised,0,0,0,,,,,
2026-09-21,SA25XLB,Coventry,3.5 Tonne,Stood Not Utilised,0,0,0,,,,,
2026-09-21,SA19OVF,Coventry,3.5 Tonne,Out for Delivery,1,1,19,AO849714,198,07:00,14:50,Sample Mate 092
2026-09-21,SA20FYM,Coventry,Hi-Cube,Stood Not Utilised,0,0,0,,,,,
2026-09-21,SA23YCJ,Coventry,Hi-Cube,Stood,0,0,0,,,,,
2026-09-21,SA25XHM,Potters-Bar,Hi-Cube,Out for Delivery,1,4,10,AO854805,141,08:45,18:50,
2026-09-21,SA21PDJ,Potters-Bar,3.5 Tonne,Out for Delivery,1,1,19,AO946826,191,06:00,15:50,
2026-09-21,SA22YAV,Potters-Bar,3.5 Tonne,VOR,0,0,0,,,,,
2026-09-21,SA24THH,Potters-Bar,3.5 Tonne,RELOAD PT 2,1,0,18,AO943170,132,08:45,15:20,
2026-09-21,SA23LVT,Potters-Bar,3.5 Tonne,Out for Delivery,1,2,17,AO304109,175,06:00,13:50,Sample Mate 030
2026-09-21,SA19KZK,Potters-Bar,3.5 Tonne,Out for Delivery,1,3,9,AO407741,174,07:00,17:20,
2026-09-21,SA25AEV,Potters-Bar,3.5 Tonne,Out for Delivery,1,3,12,AO154926,197,07:15,14:20,Sample Mate 104
2026-09-21,SA23ZPM,Potters-Bar,3.5 Tonne,RELOAD PT 2,1,2,19,AO288841,195,05:45,13:35,
2026-09-21,SA19ACC,Potters-Bar,Hi-Cube,Out for Delivery,1,3,21,AO774642,175,06:15,16:50,Sample Mate 007
2026-09-21,SA22NVA,Potters-Bar,Hi-Cube,Out for Delivery,1,0,14,AO373484,121,06:30,15:50,
2026-09-21,SA20DXH,Potters-Bar,Hi-Cube,Stood Not Utilised,0,0,0,,,,,
2026-09-21,SA24UHX,Gravesend,3.5 Tonne,Out for Delivery,1,0,18,AO598922,106,06:30,15:20,
2026-09-21,SA22LMX,Gravesend,3.5 Tonne,VOR,0,0,0,,,,,
2026-09-21,SA19XZP,Gravesend,3.5 Tonne,Out for Delivery,1,2,11,AO737310,183,06:45,17:20,
2026-09-21,SA24FRA,Gravesend,3.5 Tonne,Out for Delivery,1,4,20,AO417654,181,05:15,12:05,
2026-09-21,SA20OTF,Gravesend,3.5 Tonne,Out for Delivery,1,1,22,AO495857,108,05:30,15:35,
2026-09-21,SA25PHP,Gravesend,3.5 Tonne,Stood,0,0,0,,,,,
2026-09-21,SA19PHZ,Gravesend,3.5 Tonne,Out for Delivery,1,4,22,AO474562,105,07:30,14:35,Sample Mate 101
2026-09-21,SA24MXA,Gravesend,Hi-Cube,Out for Delivery,1,0,17,AO429901,161,06:30,15:50,
2026-09-21,SA21YAK,Gravesend,Hi-Cube,Out for Delivery,1,1,11,AO482272,187,08:15,16:20,
2026-09-21,SA21SAN,Gravesend,Hi-Cube,Stood,0,0,0,,,,,
2026-09-21,SA19MMF,Gravesend,3.5 Tonne,Out for Delivery,1,0,16,AO870130,166,07:30,17:50,Sample Mate 035
2026-09-21,SA25CYG,Yaxley,3.5 Tonne,Out for Delivery,1,0,18,AO919977,189,06:30,15:50,
2026-09-21,SA19RBJ,Yaxley,3.5 Tonne,RELOAD PT 2,1,1,12,AO715509,198,06:15,16:05,
2026-09-21,SA23OLT,Yaxley,3.5 Tonne,Out for Delivery,1,1,12,AO651341,142,05:30,16:35,Sample Mate 074
2026-09-21,SA21RES,Yaxley,3.5 Tonne,Out for Delivery,1,3,18,AO257519,118,05:45,14:20,
2026-09-21,SA25DNN,Yaxley,3.5 Tonne,Out for Delivery,1,4,8,AO281048,155,08:15,19:35,Sample Mate 085
2026-09-21,SA20SHU,Yaxley,3.5 Tonne,Out for Delivery,1,3,14,AO759944,186,06:15,13:35,
2026-09-21,SA19BBM,Yaxley,Hi-Cube,Out for Delivery,1,1,19,AO454478,170,08:15,16:05,
2026-09-21,SA25GYJ,Yaxley,Hi-Cube,Out for Delivery,1,4,17,AO600869,156,06:00,17:50,
2026-09-21,SA24WTN,Yaxley,Hi-Cube,RELOAD PT 2,1,4,9,AO484153,107,08:45,16:35,
2026-09-21,SA24TKC,Yaxley,3.5 Tonne,Stood Not Utilised,0,0,0,,,,,
2026-09-21,SA25PNC,Luton,3.5 Tonne,Out for Delivery,1,3,14,AO893016,114,06:00,16:50,
2026-09-21,SA24VEA,Luton,3.5 Tonne,VOR,0,0,0,,,,,
2026-09-21,SA25DWU,Luton,3.5 Tonne,Out for Delivery,1,3,22,AO393034,172,06:30,15:50,Sample Mate 113
2026-09-21,SA21COD,Luton,3.5 Tonne,Out for Delivery,1,0,13,AO289562,142,05:15,15:20,Sample Mate 095
2026-09-21,SA23JZM,Luton,3.5 Tonne,Out for Delivery,1,4,21,AO690987,105,06:30,17:05,
2026-09-21,SA24WRX,Luton,3.5 Tonne,Out for Delivery,1,2,15,AO729182,156,07:30,16:20,
2026-09-21,SA24YRO,Luton,Hi-Cube,Out for Delivery,1,3,9,AO910012,107,07:00,16:35,Sample Mate 078
2026-09-21,SA24JAR,Luton,Hi-Cube,Stood Not Utilised,0,0,0,,,,,
2026-09-21,SA21ZOF,Luton,Hi-Cube,Out for Delivery,1,1,20,AO657958,154,07:15,17:05,
2026-09-21,SA22UKH,Luton,3.5 Tonne,Out for Delivery,1,2,11,AO737216,145,06:30,13:20,Sample Mate 012
2026-09-21,SA24UPH,Newport,3.5 Tonne,Out for Delivery,1,2,15,AO477609,137,08:00,17:35,
2026-09-21,SA20JBR,Newport,3.5 Tonne,Stood Not Utilised,0,0,0,,,,,
2026-09-21,SA21HEE,Newport,3.5 Tonne,VOR,0,0,0,,,,,
2026-09-21,SA22DKA,Newport,3.5 Tonne,Out for Delivery,1,3,19,AO227582,176,06:30,17:20,
2026-09-21,SA23RTM,Newport,3.5 Tonne,Out for Delivery,1,3,20,AO260683,110,05:45,14:50,Sample Mate 112
2026-09-21,SA21ZWR,Newport,3.5 Tonne,VOR,0,0,0,,,,,
2026-09-21,SA25PPX,Newport,Hi-Cube,Stood,0,0,0,,,,,
2026-09-21,SA25EXC,Newport,Hi-Cube,RELOAD PT 2,1,2,19,AO632167,174,07:30,14:20,Sample Mate 004
2026-09-21,SA22CFE,Newport,Hi-Cube,Out for Delivery,1,4,16,AO856750,123,06:30,13:35,
2026-09-21,SA25XMM,Newport,3.5 Tonne,VOR,0,0,0,,,,,
2026-09-21,SA24NGE,Spennymoor,3.5 Tonne,Out for Delivery,1,4,9,AO908335,117,05:30,16:05,
2026-09-21,SA23LNH,Spennymoor,3.5 Tonne,Out for Delivery,1,2,10,AO214807,190,06:00,14:50,Sample Mate 091
2026-09-21,SA19BPJ,Spennymoor,3.5 Tonne,Stood Not Utilised,0,0,0,,,,,
2026-09-21,SA25ZKJ,Spennymoor,3.5 Tonne,Out for Delivery,1,1,21,AO320140,176,06:00,14:35,
2026-09-21,SA20WKR,Spennymoor,3.5 Tonne,Out for Delivery,1,2,11,AO210625,105,05:45,14:20,
2026-09-21,SA23OJS,Spennymoor,3.5 Tonne,Out for Delivery,1,2,15,AO337840,127,07:15,18:35,
2026-09-21,SA25EED,Spennymoor,Hi-Cube,Out for Delivery,1,2,17,AO515243,193,06:15,14:35,Sample Mate 001
2026-09-21,SA22SNJ,Spennymoor,Hi-Cube,Out for Delivery,1,0,21,AO145654,184,06:45,17:05,
2026-09-21,SA23ELF,Spennymoor,Hi-Cube,Out for Delivery,1,0,8,AO894155,173,05:00,15:50,Sample Mate 082
2026-09-21,SA22YHZ,Spennymoor,3.5 Tonne,Out for Delivery,1,1,18,AO851478,134,05:00,15:05,Sample Mate 118
2026-09-21,SA21GKN,Dundee,3.5 Tonne,Out for Delivery,1,3,18,AO431759,119,07:45,15:50,Sample Mate 114
2026-09-21,SA25EAJ,Dundee,3.5 Tonne,Out for Delivery,1,2,9,AO487477,153,05:00,12:05,
2026-09-21,SA19JDA,Dundee,3.5 Tonne,Stood Not Utilised,0,0,0,,,,,
2026-09-21,SA22ROJ,Dundee,3.5 Tonne,Out for Delivery,1,4,16,AO879611,142,06:15,15:05,
2026-09-21,SA22DKF,Dundee,3.5 Tonne,Stood Not Utilised,0,0,0,,,,,
2026-09-21,SA21BZA,Dundee,3.5 Tonne,Out for Delivery,1,3,21,AO774971,126,06:45,16:05,Sample Mate 117
2026-09-21,SA23RHZ,Dundee,Hi-Cube,Out for Delivery,1,2,11,AO748013,124,06:45,16:35,
2026-09-21,SA24HUJ,Dundee,Hi-Cube,Out for Delivery,1,4,22,AO690607,196,07:30,14:20,Sample Mate 034
2026-09-21,SA24XPF,Dundee,Hi-Cube,Out for Delivery,1,1,21,AO215108,199,05:45,13:20,
2026-09-21,SA21CCO,Crawley,3.5 Tonne,Out for Delivery,1,2,15,AO845409,112,05:00,15:05,Sample Mate 074
2026-09-21,SA22YMS,Crawley,3.5 Tonne,Out for Delivery,1,4,9,AO343585,124,05:45,13:05,Sample Mate 017
2026-09-21,SA23TCW,Crawley,3.5 Tonne,Out for Delivery,1,2,9,AO137348,129,06:30,15:35,
2026-09-21,SA23LTT,Crawley,3.5 Tonne,RELOAD PT 2,1,3,10,AO132588,173,06:30,13:35,Sample Mate 108
2026-09-21,SA20CXC,Crawley,3.5 Tonne,Out for Delivery,1,1,10,AO371575,160,08:15,19:20,
2026-09-21,SA22KZH,Crawley,3.5 Tonne,Out for Delivery,1,4,17,AO578947,114,07:15,15:35,
2026-09-21,SA24SVW,Crawley,3.5 Tonne,Out for Delivery,1,4,21,AO241279,155,06:30,17:35,Sample Mate 084
2026-09-21,SA22CFJ,Crawley,Hi-Cube,Out for Delivery,1,0,21,AO903359,147,06:45,15:35,Sample Mate 045
2026-09-21,SA21CEN,Heywood,Hi-Cube,Out for Delivery,1,4,10,AO867746,138,06:00,17:20,
2026-09-21,SA23SWZ,Heywood,Hi-Cube,Out for Delivery,1,3,20,AO615560,145,07:45,17:05,Sample Mate 013
2026-09-21,SA22LUM,Heywood,3.5 Tonne,Out for Delivery,1,3,13,AO149319,185,05:15,12:05,
2026-09-21,SA25KXF,Heywood,3.5 Tonne,Out for Delivery,1,0,9,AO527701,172,06:15,14:50,
2026-09-21,SA24WUX,Heywood,3.5 Tonne,Out for Delivery,1,1,8,AO352758,179,08:15,15:50,Sample Mate 015
2026-09-21,SA19GHF,Heywood,3.5 Tonne,Out for Delivery,1,4,16,AO376745,190,06:15,14:05,
2026-09-21,SA21VAL,Heywood,3.5 Tonne,Out for Delivery,1,3,13,AO871408,122,07:45,16:05,
2026-09-21,SA23BVR,Heywood,3.5 Tonne,Out for Delivery,1,0,17,AO832915,155,07:30,15:20,
2026-09-21,SA24UTB,Larkhall,3.5 Tonne,Out for Delivery,1,2,15,AO117551,158,08:45,19:50,
2026-09-21,SA19AAK,Larkhall,Hi-Cube,Out for Delivery,1,0,9,AO553671,194,06:00,17:20,
2026-09-21,SA19FOW,Larkhall,Hi-Cube,Out for Delivery,1,3,14,AO575718,116,07:15,17:05,
2026-09-21,SA19MYE,Larkhall,Hi-Cube,Out for Delivery,1,3,8,AO984930,157,06:00,14:20,Sample Mate 059
2026-09-21,SA19SSR,Larkhall,3.5 Tonne,Out for Delivery,1,0,8,AO474984,148,08:30,17:05,
2026-09-21,SA20SBV,Larkhall,3.5 Tonne,Out for Delivery,1,4,22,AO622525,149,07:30,15:05,
2026-09-21,SA21JDG,Larkhall,3.5 Tonne,RELOAD PT 2,1,0,21,AO767697,132,06:15,16:05,
2026-09-21,SA25OEB,Basildon,3.5 Tonne,Out for Delivery,1,1,14,AO122937,183,06:30,14:05,
2026-09-21,SA20DZU,Basildon,3.5 Tonne,Out for Delivery,1,4,9,AO774237,142,06:00,16:50,
2026-09-21,SA19XOT,Basildon,3.5 Tonne,Out for Delivery,1,2,9,AO590301,116,07:15,16:50,Sample Mate 096
2026-09-21,SA21FMO,Basildon,3.5 Tonne,VOR,0,0,0,,,,,
2026-09-21,SA24GBF,Basildon,Hi-Cube,Out for Delivery,1,1,19,AO203720,133,07:00,17:20,
2026-09-21,SA25RNO,Basildon,Hi-Cube,Stood,0,0,0,,,,,
2026-09-21,SA19XZU,Outside HDV Network,Hi-Cube,Out for Delivery,1,4,15,AO148962,198,08:30,15:20,
2026-09-21,SA19LMO,Outside HDV Network,3.5 Tonne,Out for Delivery,1,0,16,AO362301,184,08:45,17:20,Sample Mate 037
2026-09-21,SA24CXH,Outside HDV Network,3.5 Tonne,Out for Delivery,1,4,21,AO833815,192,06:45,13:35,Sample Mate 090
2026-09-21,SA24ACZ,Outside HDV Network,3.5 Tonne,Out for Delivery,1,4,10,AO536487,185,06:15,15:50,Sample Mate 087
2026-09-21,SA20EXZ,Fareham,3.5 Tonne,Out for Delivery,1,4,15,AO793983,142,06:00,13:05,
2026-09-21,SA21GBX,Fareham,3.5 Tonne,Stood Not Utilised,0,0,0,,,,,
2026-09-21,SA19LNB,Fareham,3.5 Tonne,VOR,0,0,0,,,,,
2026-09-21,SA19PGR,Fareham,3.5 Tonne,RELOAD PT 2,1,1,14,AO675568,197,06:15,14:20,Sample Mate 083
2026-09-21,SA19WEJ,Avonmouth,Hi-Cube,Out for Delivery,1,0,9,AO479514,105,06:45,17:05,
2026-09-21,SA22DLG,Avonmouth,Hi-Cube,Out for Delivery,1,4,12,AO962546,125,08:15,17:35,
2026-09-21,SA24FWY,Avonmouth,Hi-Cube,Out for Delivery,1,0,8,AO319490,124,07:30,16:50,
2026-09-21,SA23LBS,Crewe,3.5 Tonne,Out for Delivery,1,3,16,AO882301,153,06:30,14:35,
2026-09-21,SA25BSS,Crewe,3.5 Tonne,Out for Delivery,1,4,18,AO744749,119,08:30,15:35,Sample Mate 016
2026-09-21,SA20FBH,Crewe,3.5 Tonne,RELOAD PT 2,1,1,13,AO268755,175,07:45,17:50,Sample Mate 031
2026-09-21,SA22TSZ,Crewe,3.5 Tonne,Stood Not Utilised,0,0,0,,,,,
2026-09-21,SA25DST,Crewe,3.5 Tonne,Out for Delivery,1,3,14,AO330645,165,08:15,17:50,Sample Mate 053
2026-09-21,SA25XEN,Crewe,3.5 Tonne,Out for Delivery,1,0,20,AO185103,106,07:15,14:35,
2026-09-21,SA23BYE,Crewe,3.5 Tonne,VOR,0,0,0,,,,,
2026-09-21,SA19MRR,Crewe,Hi-Cube,Out for Delivery,1,4,13,AO322709,130,08:00,15:50,Sample Mate 007
2026-09-21,SA24DLU,Crewe,Hi-Cube,Out for Delivery,1,0,20,AO245206,190,06:30,17:05,Sample Mate 096
2026-09-21,SA25YOS,Crewe,Hi-Cube,Stood,0,0,0,,,,,
2026-09-21,SA19JFP,Crewe,3.5 Tonne,Stood Not Utilised,0,0,0,,,,,
2026-09-21,SA25VBZ,Crewe,3.5 Tonne,Out for Delivery,1,0,14,AO670536,179,07:15,18:20,
2026-09-21,SA19CNH,Crewe,3.5 Tonne,Out for Delivery,1,3,16,AO509320,149,06:30,13:50,
2026-09-21,SA21DSL,Crewe,3.5 Tonne,Out for Delivery,1,2,19,AO101894,165,07:30,16:05,
2026-09-21,SA20UEE,Crewe,3.5 Tonne,VOR,0,0,0,,,,,
2026-09-21,SA19YDC,Crewe,3.5 Tonne,Stood Not Utilised,0,0,0,,,,,
2026-09-21,SA22BPZ,Crewe,3.5 Tonne,Out for Delivery,1,3,18,AO480496,112,05:00,14:50,Sample Mate 055
2026-09-21,SA23JPZ,Crewe,Hi-Cube,Out for Delivery,1,4,20,AO946187,161,06:45,15:50,
2026-09-21,SA19ECR,Crewe,Hi-Cube,Out for Delivery,1,1,19,AO867792,132,07:00,15:05,
2026-09-21,SA21HCL,Crewe,Hi-Cube,Out for Delivery,1,4,11,AO238626,102,06:45,17:50,Sample Mate 095
2026-09-21,SA25FMP,Crewe,3.5 Tonne,Out for Delivery,1,1,8,AO933177,179,06:30,16:35,Sample Mate 065
2026-09-21,SA20CBD,Crewe,3.5 Tonne,Out for Delivery,1,1,18,AO915833,149,06:30,15:50,
2026-09-21,SA22BVF,Crewe,3.5 Tonne,Out for Delivery,1,1,10,AO727891,159,08:00,18:20,Sample Mate 012
2026-09-21,SA24UTV,Crewe,3.5 Tonne,Out for Delivery,1,2,12,AO205227,186,06:30,17:05,
2026-09-21,SA19UEA,Crewe,3.5 Tonne,Stood,0,0,0,,,,,
2026-09-21,SA19NNF,Crewe,3.5 Tonne,Out for Delivery,1,1,22,AO389161,145,08:30,17:50,Sample Mate 059
2026-09-21,SA25GBJ,Crewe,3.5 Tonne,Out for Delivery,1,0,18,AO255917,158,07:15,14:05,
2026-09-21,SA24DKG,Crewe,Hi-Cube,Out for Delivery,1,4,9,AO354978,159,06:45,14:20,
2026-09-21,SA25FXR,Crewe,Hi-Cube,RELOAD PT 2,1,2,12,AO282970,148,07:30,17:35,Sample Mate 040
2026-09-21,SA25GPM,Crewe,Hi-Cube,Out for Delivery,1,4,18,AO513905,178,07:00,14:20,
2026-09-21,SA20NMS,Crewe,3.5 Tonne,Stood,0,0,0,,,,,
2026-09-21,SA21UZE,Crewe,3.5 Tonne,Out for Delivery,1,0,14,AO268507,184,08:15,15:05,Sample Mate 056
2026-09-21,SA19ZOT,Crewe,3.5 Tonne,Out for Delivery,1,4,22,AO677781,147,07:15,16:50,Sample Mate 039
2026-09-21,SA21UZJ,Crewe,3.5 Tonne,RELOAD PT 2,1,4,20,AO560378,174,06:45,13:20,Sample Mate 117
2026-09-21,SA19TOW,Crewe,3.5 Tonne,Stood,0,0,0,,,,,
2026-09-21,SA21DLX,Crewe,3.5 Tonne,RELOAD PT 2,1,0,14,AO718717,192,06:15,17:05,
2026-09-21,SA22MAN,Crewe,3.5 Tonne,Out for Delivery,1,2,17,AO363060,126,06:15,17:05,
2026-09-21,SA20VGF,Crewe,Hi-Cube,Out for Delivery,1,2,15,AO548797,104,05:15,14:05,
2026-09-21,SA19XLS,Crossgreen,Hi-Cube,Stood Not Utilised,0,0,0,,,,,
2026-09-21,SA21ZDO,Crossgreen,Hi-Cube,VOR,0,0,0,,,,,
2026-09-21,SA21CHE,Crossgreen,3.5 Tonne,Out for Delivery,1,4,8,AO562131,176,08:45,16:20,Sample Mate 099
2026-09-21,SA23DFF,Crossgreen,3.5 Tonne,VOR,0,0,0,,,,,
2026-09-21,SA19NED,Crossgreen,3.5 Tonne,Out for Delivery,1,3,10,AO947869,107,07:15,15:20,
2026-09-21,SA19NWX,Crossgreen,3.5 Tonne,Out for Delivery,1,1,12,AO988613,148,05:15,16:50,
2026-09-21,SA25CNY,Crossgreen,3.5 Tonne,Out for Delivery,1,1,11,AO876419,165,05:15,15:20,
2026-09-21,SA23CDN,Crossgreen,3.5 Tonne,Out for Delivery,1,2,20,AO179969,154,06:15,13:05,
2026-09-21,SA19LOX,Crossgreen,3.5 Tonne,Stood Not Utilised,0,0,0,,,,,
2026-09-21,SA25CCF,Crossgreen,Hi-Cube,VOR,0,0,0,,,,,
2026-09-21,SA23PMY,Crossgreen,Hi-Cube,VOR,0,0,0,,,,,
2026-09-21,SA20YRS,Crossgreen,Hi-Cube,Stood Not Utilised,0,0,0,,,,,
2026-09-21,SA23SMA,Crossgreen,3.5 Tonne,VOR,0,0,0,,,,,
2026-09-21,SA19XKN,Crossgreen,3.5 Tonne,Out for Delivery,1,2,19,AO157256,162,05:00,13:05,Sample Mate 006
2026-09-21,SA21VER,Crossgreen,3.5 Tonne,Out for Delivery,1,1,22,AO330597,172,05:00,13:05,
2026-09-21,SA19TVB,Stoke,3.5 Tonne,Out for Delivery,1,1,14,AO902172,143,06:30,16:35,Sample Mate 042
2026-09-21,SA22UUP,Stoke,3.5 Tonne,Stood Not Utilised,0,0,0,,,,,
2026-09-21,SA21UZD,Stoke,3.5 Tonne,Out for Delivery,1,2,21,AO731426,105,08:45,16:35,Sample Mate 021
2026-09-21,SA21CDW,Stoke,3.5 Tonne,Out for Delivery,1,0,20,AO116248,186,07:45,18:35,Sample Mate 098
2026-09-21,SA21LRE,Stoke,Hi-Cube,Out for Delivery,1,1,14,AO760580,158,07:30,18:20,Sample Mate 082
2026-09-21,SA20WLB,Stoke,Hi-Cube,Out for Delivery,1,2,16,AO513020,163,07:45,14:20,
2026-09-21,SA24NET,Stoke,Hi-Cube,Stood Not Utilised,0,0,0,,,,,
2026-09-21,SA23ZOM,Stoke,3.5 Tonne,Out for Delivery,1,4,14,AO768463,163,07:00,15:50,
2026-09-21,SA25WUH,Stoke,3.5 Tonne,VOR,0,0,0,,,,,
2026-09-21,SA20GUD,Stoke,3.5 Tonne,Stood Not Utilised,0,0,0,,,,,
2026-09-21,SA24ZYS,Stoke,3.5 Tonne,VOR,0,0,0,,,,,
2026-09-21,SA19LBV,Stoke,3.5 Tonne,Stood Not Utilised,0,0,0,,,,,
2026-09-21,SA19KFD,Stoke,3.5 Tonne,Out for Delivery,1,0,10,AO843348,133,06:45,14:35,Sample Mate 081
2026-09-21,SA23BZY,Exeter,3.5 Tonne,Out for Delivery,1,1,12,AO845437,118,07:45,15:35,
2026-09-21,SA19ZDR,Exeter,Hi-Cube,Out for Delivery,1,3,19,AO122278,177,07:15,16:35,Sample Mate 019
2026-09-21,SA19JLV,Exeter,Hi-Cube,RELOAD PT 2,1,1,11,AO478543,187,06:45,13:20,Sample Mate 064
2026-09-21,SA20HPY,Exeter,Hi-Cube,Out for Delivery,1,4,15,AO408897,186,08:15,19:50,
2026-09-21,SA22EVO,Exeter,3.5 Tonne,Out for Delivery,1,2,15,AO274244,176,06:30,17:20,Sample Mate 106
2026-09-21,SA24CLV,Exeter,3.5 Tonne,Out for Delivery,1,2,15,AO785147,137,06:45,13:20,Sample Mate 057
2026-09-21,SA22TYE,Exeter,3.5 Tonne,RELOAD PT 2,1,4,21,AO495074,188,06:45,16:50,
2026-09-21,SA21ALE,Exeter,3.5 Tonne,Out for Delivery,1,4,19,AO452578,115,06:45,17:35,Sample Mate 117
2026-09-21,SA20DZV,Exeter,3.5 Tonne,Out for Delivery,1,1,12,AO228368,195,08:30,15:20,
2026-09-21,SA19TKZ,Exeter,3.5 Tonne,RELOAD PT 2,1,3,17,AO607545,160,06:30,14:50,Sample Mate 019
2026-09-21,SA24UBW,Exeter,3.5 Tonne,VOR,0,0,0,,,,,
2026-09-21,SA22DLT,Exeter,Hi-Cube,Out for Delivery,1,2,21,AO569611,120,08:15,16:05,
2026-09-21,SA20AMK,Coventry,Hi-Cube,Out for Delivery,1,4,19,AO941427,166,07:30,15:50,Sample Mate 116
2026-09-21,SA20TRB,Coventry,Hi-Cube,Out for Delivery,1,3,11,AO541646,169,05:45,12:50,Sample Mate 040
2026-09-21,SA21YHN,Coventry,3.5 Tonne,Out for Delivery,1,3,11,AO927517,125,08:45,17:50,Sample Mate 085
2026-09-21,SA25OFL,Coventry,3.5 Tonne,Out for Delivery,1,2,17,AO686918,127,05:30,15:50,
2026-09-21,SA25GVF,Coventry,3.5 Tonne,Out for Delivery,1,0,20,AO527885,101,08:00,17:35,Sample Mate 048
2026-09-21,SA25HHH,Coventry,3.5 Tonne,Stood Not Utilised,0,0,0,,,,,
2026-09-21,SA22UNE,Coventry,3.5 Tonne,VOR,0,0,0,,,,,
2026-09-21,SA23JZS,Coventry,3.5 Tonne,Out for Delivery,1,3,21,AO791493,116,06:30,13:20,Sample Mate 061
2026-09-21,SA22BPB,Coventry,3.5 Tonne,Stood Not Utilised,0,0,0,,,,,
2026-09-21,SA25ARM,Coventry,Hi-Cube,Stood Not Utilised,0,0,0,,,,,
2026-09-21,SA22WDT,Coventry,Hi-Cube,Stood Not Utilised,0,0,0,,,,,
2026-09-21,SA22MSC,Potters-Bar,Hi-Cube,Out for Delivery,1,2,10,AO366409,116,06:15,14:50,
2026-09-21,SA22ZWZ,Potters-Bar,3.5 Tonne,Stood Not Utilised,0,0,0,,,,,
2026-09-21,SA23RZJ,Potters-Bar,3.5 Tonne,Out for Delivery,1,2,9,AO868368,128,06:30,16:20,
2026-09-21,SA22OTU,Potters-Bar,3.5 Tonne,Out for Delivery,1,2,16,AO106148,107,07:45,16:50,
2026-09-21,SA21FCH,Potters-Bar,3.5 Tonne,VOR,0,0,0,,,,,
2026-09-21,SA20PCO,Potters-Bar,3.5 Tonne,Out for Delivery,1,3,10,AO677122,106,06:30,13:50,
2026-09-21,SA25BFB,Potters-Bar,3.5 Tonne,Out for Delivery,1,4,15,AO423448,132,06:00,15:20,
2026-09-21,SA19DRJ,Potters-Bar,3.5 Tonne,Out for Delivery,1,1,8,AO275192,144,08:00,17:35,
2026-09-21,SA23EWM,Potters-Bar,Hi-Cube,Stood Not Utilised,0,0,0,,,,,
2026-09-21,SA20UTN,Potters-Bar,Hi-Cube,Stood Not Utilised,0,0,0,,,,,
2026-09-21,SA21VHW,Potters-Bar,Hi-Cube,Out for Delivery,1,0,21,AO902337,146,05:30,15:50,
2026-09-21,SA24EGM,Gravesend,3.5 Tonne,RELOAD PT 2,1,1,9,AO861737,114,06:15,14:35,
2026-09-21,SA20USA,Gravesend,3.5 Tonne,Out for Delivery,1,3,18,AO461215,137,07:00,18:20,Sample Mate 057
2026-09-21,SA21DKO,Gravesend,3.5 Tonne,Out for Delivery,1,1,10,AO485497,133,06:30,16:50,
2026-09-21,SA21VKR,Gravesend,3.5 Tonne,Out for Delivery,1,1,18,AO357671,188,06:30,13:05,
2026-09-21,SA24WSV,Gravesend,3.5 Tonne,Out for Delivery,1,4,8,AO478798,199,06:15,14:35,
2026-09-21,SA22TVT,Gravesend,3.5 Tonne,Out for Delivery,1,0,9,AO813397,173,08:00,19:05,
2026-09-21,SA22OKR,Gravesend,3.5 Tonne,Stood,0,0,0,,,,,
2026-09-21,SA24YXV,Gravesend,Hi-Cube,Out for Delivery,1,1,10,AO935437,191,08:45,16:05,Sample Mate 037
2026-09-21,SA23ZEG,Gravesend,Hi-Cube,Stood Not Utilised,0,0,0,,,,,
2026-09-21,SA25HWN,Gravesend,Hi-Cube,Out for Delivery,1,0,21,AO337462,199,07:00,14:50,
2026-09-21,SA23HXN,Gravesend,3.5 Tonne,Out for Delivery,1,0,18,AO708458,147,07:45,17:50,
2026-09-21,SA20CKP,Yaxley,3.5 Tonne,Out for Delivery,1,2,19,AO206151,168,06:45,16:20,
2026-09-21,SA22NUY,Yaxley,3.5 Tonne,Out for Delivery,1,3,16,AO255523,189,06:45,14:20,
2026-09-21,SA25DXX,Yaxley,3.5 Tonne,Out for Delivery,1,1,18,AO438742,153,08:00,18:50,
2026-09-21,SA20TPF,Yaxley,3.5 Tonne,Out for Delivery,1,2,20,AO942211,161,07:45,16:05,
2026-09-21,SA20JNS,Yaxley,3.5 Tonne,RELOAD PT 2,1,4,18,AO460485,147,07:15,14:50,Sample Mate 107
2026-09-21,SA21LKC,Yaxley,3.5 Tonne,VOR,0,0,0,,,,,
2026-09-21,SA23CEV,Yaxley,Hi-Cube,Out for Delivery,1,0,9,AO799410,145,06:45,14:35,
2026-09-21,SA19TEY,Yaxley,Hi-Cube,RELOAD PT 2,1,1,20,AO899926,126,06:15,14:05,Sample Mate 013
2026-09-21,SA23VWZ,Yaxley,Hi-Cube,Stood Not Utilised,0,0,0,,,,,
2026-09-21,SA23YPM,Yaxley,3.5 Tonne,Out for Delivery,1,0,9,AO919801,170,06:00,13:20,Sample Mate 075
2026-09-21,SA21CTP,Luton,3.5 Tonne,RELOAD PT 2,1,2,18,AO517794,136,08:15,19:35,
2026-09-21,SA20HOW,Luton,3.5 Tonne,RELOAD PT 2,1,3,18,AO752416,127,07:45,15:50,
2026-09-21,SA23XGS,Luton,3.5 Tonne,VOR,0,0,0,,,,,
2026-09-21,SA25FZR,Luton,3.5 Tonne,Out for Delivery,1,1,10,AO822794,122,06:15,16:05,
2026-09-21,SA24TBJ,Luton,3.5 Tonne,Out for Delivery,1,1,12,AO606365,143,06:30,14:35,
2026-09-21,SA21RWX,Luton,3.5 Tonne,Stood Not Utilised,0,0,0,,,,,
2026-09-21,SA25ZDS,Luton,Hi-Cube,Out for Delivery,1,4,18,AO681845,110,06:30,17:20,
2026-09-21,SA21BSM,Luton,Hi-Cube,Out for Delivery,1,3,19,AO364679,143,07:00,17:50,
2026-09-21,SA21LYC,Luton,Hi-Cube,Stood Not Utilised,0,0,0,,,,,
2026-09-21,SA23UUX,Luton,3.5 Tonne,Out for Delivery,1,2,21,AO751113,135,08:30,19:20,
2026-09-21,SA25HTE,Newport,3.5 Tonne,Out for Delivery,1,4,10,AO703376,121,06:00,13:05,Sample Mate 009
2026-09-21,SA20YYE,Newport,3.5 Tonne,Out for Delivery,1,1,17,AO186661,110,06:45,15:50,
2026-09-21,SA25HKJ,Newport,3.5 Tonne,Out for Delivery,1,4,11,AO909939,132,05:45,15:20,Sample Mate 061
2026-09-21,SA23EPZ,Newport,3.5 Tonne,Out for Delivery,1,1,16,AO829071,140,05:45,15:35,
2026-09-21,SA21NVS,Newport,3.5 Tonne,Out for Delivery,1,0,10,AO697656,165,06:45,16:50,Sample Mate 115
2026-09-21,SA20TYO,Newport,3.5 Tonne,VOR,0,0,0,,,,,
2026-09-21,SA19MCG,Newport,Hi-Cube,Stood Not Utilised,0,0,0,,,,,
2026-09-21,SA25BMC,Newport,Hi-Cube,VOR,0,0,0,,,,,
2026-09-21,SA21KRA,Newport,Hi-Cube,Out for Delivery,1,2,18,AO436092,154,07:30,18:35,Sample Mate 113
2026-09-21,SA19DRA,Newport,3.5 Tonne,Out for Delivery,1,2,17,AO448283,114,06:30,15:20,
2026-09-21,SA20GDO,Spennymoor,3.5 Tonne,Stood Not Utilised,0,0,0,,,,,
2026-09-21,SA20PDC,Spennymoor,3.5 Tonne,Out for Delivery,1,3,9,AO691688,146,08:15,18:20,Sample Mate 071
2026-09-21,SA20XTS,Spennymoor,3.5 Tonne,Out for Delivery,1,0,16,AO380532,129,05:00,13:20,Sample Mate 018
2026-09-21,SA21MOH,Spennymoor,3.5 Tonne,Out for Delivery,1,0,18,AO428665,118,07:15,15:20,Sample Mate 017
2026-09-21,SA23SYT,Spennymoor,3.5 Tonne,Stood Not Utilised,0,0,0,,,,,
2026-09-21,SA23HWK,Spennymoor,3.5 Tonne,Out for Delivery,1,0,20,AO699577,156,05:30,13:50,
2026-09-21,SA23KYB,Spennymoor,Hi-Cube,Out for Delivery,1,3,15,AO388804,118,06:30,15:35,Sample Mate 090
2026-09-21,SA24VPW,Crewe,18 Tonne,Stood,0,0,0,,,,,
2026-09-21,SA19DSG,Crewe,18 Tonne,Out for Delivery,1,4,21,AO739843,136,05:15,16:05,
2026-09-21,SA24SHG,Crewe,18 Tonne,Out for Delivery,1,1,21,AO559610,127,07:15,14:50,Sample Mate 107
2026-09-21,SA23MDE,Crewe,18 Tonne,Out for Delivery,1,0,17,AO263644,159,07:15,16:50,Sample Mate 083
2026-09-21,SA25ZDT,Crewe,18 Tonne,Out for Delivery,1,3,17,AO349189,134,07:45,15:20,
2026-09-21,SA23SWO,Crewe,18 Tonne,Out for Delivery,1,1,10,AO912159,142,06:15,13:20,
2026-09-21,SA24RVH,Crewe,18 Tonne,Out for Delivery,1,4,14,AO863644,179,07:15,14:05,Sample Mate 028
2026-09-21,SA20NEV,Crewe,18 Tonne,Stood Not Utilised,0,0,0,,,,,
2026-09-21,SA21XVA,Crewe,18 Tonne,Out for Delivery,1,4,18,AO973771,153,06:00,15:35,Sample Mate 067
2026-09-21,SA22LYH,Crewe,18 Tonne,Stood,0,0,0,,,,,
2026-09-21,SA21JTW,Crewe,18 Tonne,Stood Not Utilised,0,0,0,,,,,
2026-09-21,SA21XVX,Crewe,18 Tonne,Out for Delivery,1,0,22,AO128031,114,06:00,15:50,Sample Mate 119
2026-09-21,SA23RCF,Crewe,18 Tonne,Out for Delivery,1,2,13,AO722907,162,08:45,19:05,
2026-09-21,SA25RMO,Crewe,18 Tonne,Stood Not Utilised,0,0,0,,,,,
2026-09-21,SA24LJW,Crewe,18 Tonne,Out for Delivery,1,3,15,AO889006,163,08:45,18:05,Sample Mate 041
2026-09-21,SA20OWC,Crewe,18 Tonne,Out for Delivery,1,3,10,AO835676,185,05:15,15:50,
2026-09-21,SA19DBD,Crewe,18 Tonne,Out for Delivery,1,0,11,AO408039,149,05:00,15:50,Sample Mate 043
2026-09-21,SA24LDP,Crewe,18 Tonne,Out for Delivery,1,4,10,AO452964,157,06:30,15:50,
2026-09-21,SA23KXZ,Crewe,18 Tonne,Out for Delivery,1,1,22,AO720086,108,06:00,16:35,
2026-09-21,SA21ODB,Crewe,18 Tonne,VOR,0,0,0,,,,,
2026-09-21,SA24FBZ,Crewe,18 Tonne,Out for Delivery,1,1,22,AO691383,130,06:00,15:20,
2026-09-21,SA21TMJ,Crewe,18 Tonne,Stood Not Utilised,0,0,0,,,,,
2026-09-21,SA24HBV,Crewe,18 Tonne,Out for Delivery,1,3,10,AO292832,136,05:15,14:50,
2026-09-21,SA24OKB,Crewe,18 Tonne,Out for Delivery,1,4,10,AO230875,189,06:15,17:20,
2026-09-21,SA24VYR,Crewe,18 Tonne,Out for Delivery,1,2,11,AO577254,133,07:30,17:05,Sample Mate 047
2026-09-21,SA24MCW,Crewe,18 Tonne,RELOAD PT 2,1,0,15,AO518304,102,06:00,17:20,
2026-09-21,SA20RLP,Crewe,18 Tonne,Out for Delivery,1,3,22,AO929695,174,06:30,13:35,
2026-09-21,SA19CBG,Crewe,18 Tonne,Out for Delivery,1,2,19,AO480426,189,08:15,19:35,Sample Mate 017
2026-09-21,SA19PMX,Crewe,18 Tonne,Out for Delivery,1,3,12,AO554205,152,08:45,17:20,Sample Mate 082
2026-09-21,SA21LXC,Crewe,18 Tonne,VOR,0,0,0,,,,,
2026-09-21,SA25TBJ,Crewe,18 Tonne,VOR,0,0,0,,,,,
2026-09-21,SA22PJY,Crewe,18 Tonne,VOR,0,0,0,,,,,
2026-09-21,SA21TOM,Crossgreen,18 Tonne,VOR,0,0,0,,,,,
2026-09-21,SA24KJN,Crossgreen,18 Tonne,Stood,0,0,0,,,,,
2026-09-21,SA21KTM,Crossgreen,18 Tonne,Out for Delivery,1,0,18,AO619633,191,07:30,16:50,
2026-09-21,SA23NYF,Crossgreen,18 Tonne,VOR,0,0,0,,,,,
2026-09-21,SA21VPR,Crossgreen,18 Tonne,Stood Not Utilised,0,0,0,,,,,
2026-09-21,SA19UCD,Crossgreen,18 Tonne,VOR,0,0,0,,,,,
2026-09-21,SA19KFZ,Crossgreen,18 Tonne,Out for Delivery,1,0,17,AO453554,181,06:45,15:50,Sample Mate 096
2026-09-21,SA22PNW,Crossgreen,18 Tonne,Stood,0,0,0,,,,,
2026-09-21,SA20GGO,Crossgreen,18 Tonne,Out for Delivery,1,0,21,AO883039,119,07:00,17:50,
2026-09-21,SA24KNV,Crossgreen,18 Tonne,RELOAD PT 2,1,1,13,AO955103,103,07:30,15:35,
2026-09-21,SA23UJX,Crossgreen,18 Tonne,Out for Delivery,1,1,18,AO784562,147,07:45,16:35,
2026-09-21,SA24ZDJ,Crossgreen,18 Tonne,Out for Delivery,1,4,17,AO524028,190,06:00,13:50,Sample Mate 082
2026-09-21,SA24CYO,Crossgreen,18 Tonne,VOR,0,0,0,,,,,
2026-09-21,SA19GCZ,Crossgreen,18 Tonne,Out for Delivery,1,2,17,AO250756,109,05:45,15:50,
2026-09-21,SA24XKP,Crossgreen,18 Tonne,Out for Delivery,1,2,8,AO658927,130,07:00,15:35,Sample Mate 071
2026-09-21,SA20MNW,Stoke,18 Tonne,VOR,0,0,0,,,,,
2026-09-21,SA21LTS,Stoke,18 Tonne,Stood,0,0,0,,,,,
2026-09-21,SA21JWU,Stoke,18 Tonne,Stood Not Utilised,0,0,0,,,,,
2026-09-21,SA22MPO,Stoke,18 Tonne,Out for Delivery,1,3,22,AO720277,174,08:00,17:20,Sample Mate 105
2026-09-21,SA23FGZ,Stoke,18 Tonne,Out for Delivery,1,4,13,AO836225,150,07:15,15:05,
2026-09-21,SA19AHK,Stoke,18 Tonne,Out for Delivery,1,3,21,AO615355,169,06:00,15:35,
2026-09-21,SA22PLL,Stoke,18 Tonne,Out for Delivery,1,0,12,AO171297,193,08:15,17:05,Sample Mate 117
2026-09-21,SA25ZSG,Stoke,18 Tonne,Out for Delivery,1,4,8,AO285495,175,08:30,18:05,
2026-09-21,SA25GNY,Stoke,18 Tonne,Out for Delivery,1,2,14,AO236981,178,05:00,13:05,
2026-09-21,SA19STN,Stoke,18 Tonne,RELOAD PT 2,1,3,15,AO589605,159,06:30,13:20,Sample Mate 116
2026-09-21,SA24VMA,Stoke,18 Tonne,Out for Delivery,1,4,21,AO405141,101,06:30,16:35,
2026-09-21,SA20KVE,Stoke,18 Tonne,Out for Delivery,1,3,10,AO281290,107,08:00,17:20,
2026-09-21,SA25XBH,Stoke,18 Tonne,Out for Delivery,1,4,9,AO285862,116,06:00,14:05,Sample Mate 024
2026-09-21,SA22ECK,Exeter,18 Tonne,Stood Not Utilised,0,0,0,,,,,
2026-09-21,SA23XWV,Exeter,18 Tonne,VOR,0,0,0,,,,,
2026-09-21,SA24BVV,Exeter,18 Tonne,Out for Delivery,1,2,14,AO437349,151,08:15,15:35,
2026-09-21,SA22GKH,Exeter,18 Tonne,Out for Delivery,1,0,9,AO668541,174,06:30,15:35,
2026-09-21,SA23KXY,Exeter,18 Tonne,Out for Delivery,1,3,12,AO722357,173,07:45,17:20,
2026-09-21,SA24SGK,Exeter,18 Tonne,Out for Delivery,1,3,19,AO244422,117,05:15,12:50,Sample Mate 041
2026-09-21,SA25VWR,Exeter,18 Tonne,Out for Delivery,1,1,18,AO649209,137,05:15,15:05,Sample Mate 108
2026-09-21,SA19UUP,Exeter,18 Tonne,Out for Delivery,1,2,11,AO718116,178,08:15,16:20,
2026-09-21,SA23GVU,Exeter,18 Tonne,Out for Delivery,1,0,19,AO678563,175,06:45,15:35,
2026-09-21,SA19NLA,Exeter,18 Tonne,Out for Delivery,1,3,19,AO381552,171,06:15,15:20,
2026-09-21,SA23ALA,Exeter,18 Tonne,RELOAD PT 2,1,0,17,AO280493,179,05:30,16:50,Sample Mate 101
2026-09-21,SA19OYK,Exeter,18 Tonne,Out for Delivery,1,1,10,AO114274,148,07:45,16:05,
2026-09-21,SA24KOK,Coventry,18 Tonne,Out for Delivery,1,4,19,AO418408,127,08:30,18:50,
2026-09-21,SA22YJZ,Coventry,18 Tonne,Out for Delivery,1,1,13,AO596392,172,08:45,18:20,
2026-09-21,SA22BHS,Coventry,18 Tonne,Out for Delivery,1,0,20,AO311463,170,07:45,18:50,Sample Mate 120
2026-09-21,SA24SEK,Coventry,18 Tonne,Out for Delivery,1,3,11,AO454430,156,05:00,12:35,
2026-09-21,SA22XYU,Coventry,18 Tonne,Out for Delivery,1,0,14,AO550529,138,07:15,17:35,Sample Mate 007
2026-09-21,SA24TRA,Coventry,18 Tonne,Out for Delivery,1,4,8,AO252531,158,05:00,12:20,
2026-09-21,SA20EMJ,Coventry,18 Tonne,Stood Not Utilised,0,0,0,,,,,
2026-09-21,SA22XTZ,Coventry,18 Tonne,Out for Delivery,1,4,20,AO157616,169,07:15,16:35,Sample Mate 079
2026-09-21,SA25JMV,Coventry,18 Tonne,Out for Delivery,1,0,10,AO587265,172,08:30,15:35,
2026-09-21,SA23OFT,Coventry,18 Tonne,Out for Delivery,1,2,9,AO468390,191,07:00,17:05,Sample Mate 115
2026-09-21,SA24MFS,Coventry,18 Tonne,Out for Delivery,1,1,12,AO304050,145,07:00,16:05,Sample Mate 008
2026-09-21,SA24NEL,Potters-Bar,18 Tonne,Out for Delivery,1,1,19,AO602284,124,06:15,14:20,Sample Mate 059
2026-09-21,SA21ERL,Potters-Bar,18 Tonne,Out for Delivery,1,3,19,AO786495,125,08:45,16:05,Sample Mate 020
2026-09-21,SA25UXF,Potters-Bar,18 Tonne,Out for Delivery,1,3,12,AO276531,109,07:00,18:20,Sample Mate 021
2026-09-21,SA25BTB,Potters-Bar,18 Tonne,Stood Not Utilised,0,0,0,,,,,
2026-09-21,SA20YDC,Potters-Bar,18 Tonne,Out for Delivery,1,4,21,AO930185,112,07:00,14:20,Sample Mate 061
2026-09-21,SA19EXF,Potters-Bar,18 Tonne,Out for Delivery,1,0,11,AO463947,170,08:00,18:20,
2026-09-21,SA25CLX,Potters-Bar,18 Tonne,Stood Not Utilised,0,0,0,,,,,
2026-09-21,SA22PGP,Potters-Bar,18 Tonne,Stood Not Utilised,0,0,0,,,,,
2026-09-21,SA21KZG,Potters-Bar,18 Tonne,Stood,0,0,0,,,,,
2026-09-21,SA19TOJ,Potters-Bar,18 Tonne,Out for Delivery,1,1,15,AO383048,146,06:45,15:50,Sample Mate 019
2026-09-21,SA21ZLW,Potters-Bar,18 Tonne,Out for Delivery,1,1,9,AO523266,165,06:00,17:05,
2026-09-21,SA23TER,Gravesend,18 Tonne,Out for Delivery,1,3,20,AO417949,128,06:15,16:35,Sample Mate 003
2026-09-21,SA24GBN,Gravesend,18 Tonne,Out for Delivery,1,0,21,AO863427,120,06:15,14:05,Sample Mate 090
2026-09-21,SA19YVJ,Gravesend,18 Tonne,Out for Delivery,1,3,8,AO705321,164,08:45,17:05,
2026-09-21,SA24PTO,Gravesend,18 Tonne,Stood,0,0,0,,,,,
2026-09-21,SA22SAD,Gravesend,18 Tonne,Out for Delivery,1,0,12,AO681222,175,05:00,16:50,
2026-09-21,SA20LGB,Gravesend,18 Tonne,VOR,0,0,0,,,,,
2026-09-21,SA22DNE,Gravesend,18 Tonne,Out for Delivery,1,1,19,AO966446,105,07:45,14:05,Sample Mate 031
2026-09-21,SA24OLT,Gravesend,18 Tonne,Out for Delivery,1,2,16,AO474521,128,05:45,13:20,Sample Mate 056
2026-09-21,SA19JZN,Gravesend,18 Tonne,Out for Delivery,1,3,22,AO296229,112,08:45,16:05,
2026-09-21,SA22MOL,Gravesend,18 Tonne,Out for Delivery,1,3,14,AO301069,156,06:45,14:20,Sample Mate 058
2026-09-21,SA25MPS,Gravesend,18 Tonne,Stood Not Utilised,0,0,0,,,,,
2026-09-21,SA23OPY,Yaxley,18 Tonne,Out for Delivery,1,3,13,AO487563,102,07:15,17:20,
2026-09-21,SA20ATG,Yaxley,18 Tonne,Out for Delivery,1,0,12,AO923318,166,08:15,18:35,Sample Mate 067
2026-09-21,SA23MME,Yaxley,18 Tonne,Out for Delivery,1,0,16,AO355262,182,06:30,13:20,Sample Mate 003
2026-09-21,SA21TSL,Yaxley,18 Tonne,Out for Delivery,1,0,18,AO812705,137,06:45,14:20,Sample Mate 050
2026-09-21,SA21FDE,Yaxley,18 Tonne,Stood Not Utilised,0,0,0,,,,,
2026-09-21,SA25LMC,Yaxley,18 Tonne,Out for Delivery,1,4,11,AO997265,146,05:00,14:50,Sample Mate 011
2026-09-21,SA20HEP,Yaxley,18 Tonne,Out for Delivery,1,1,10,AO332515,124,06:45,14:05,Sample Mate 102
2026-09-21,SA24BEW,Yaxley,18 Tonne,Out for Delivery,1,3,8,AO969185,135,06:30,14:05,Sample Mate 018
2026-09-21,SA22FUD,Yaxley,18 Tonne,Out for Delivery,1,1,21,AO133030,184,07:45,17:20,Sample Mate 026
2026-09-21,SA19XKR,Yaxley,18 Tonne,VOR,0,0,0,,,,,
2026-09-21,SA20CLC,Luton,18 Tonne,Out for Delivery,1,3,9,AO793697,128,05:00,16:35,Sample Mate 057
2026-09-21,SA21YYZ,Luton,18 Tonne,Out for Delivery,1,4,15,AO471239,184,06:15,16:35,Sample Mate 036
2026-09-21,SA20PTN,Luton,18 Tonne,Out for Delivery,1,2,16,AO677323,196,08:45,18:05,
2026-09-21,SA19ZVG,Luton,18 Tonne,Out for Delivery,1,3,22,AO145914,118,06:45,13:05,
2026-09-21,SA23DMW,Luton,18 Tonne,Out for Delivery,1,3,9,AO951953,186,07:15,18:20,Sample Mate 070
2026-09-21,SA25NDT,Luton,18 Tonne,Out for Delivery,1,2,13,AO764017,198,06:00,15:35,Sample Mate 086
2026-09-21,SA19MLK,Luton,18 Tonne,Out for Delivery,1,1,21,AO266494,118,06:30,13:20,Sample Mate 051
2026-09-21,SA22DYV,Luton,18 Tonne,Out for Delivery,1,0,12,AO976004,173,08:00,18:05,Sample Mate 069
2026-09-21,SA25NUR,Luton,18 Tonne,Out for Delivery,1,2,11,AO870878,120,08:15,17:05,
2026-09-21,SA23XJU,Luton,18 Tonne,Out for Delivery,1,4,13,AO783508,107,05:45,14:20,
2026-09-21,SA21XEB,Newport,18 Tonne,VOR,0,0,0,,,,,
2026-09-21,SA22FFM,Newport,18 Tonne,Stood Not Utilised,0,0,0,,,,,
2026-09-21,SA21EKH,Newport,18 Tonne,Stood Not Utilised,0,0,0,,,,,
2026-09-21,SA22ULC,Newport,18 Tonne,Out for Delivery,1,2,18,AO865494,141,08:15,17:35,
2026-09-21,SA24AVF,Newport,18 Tonne,RELOAD PT 2,1,1,13,AO275911,158,05:00,15:50,
2026-09-21,SA23SWN,Newport,18 Tonne,Out for Delivery,1,0,12,AO437696,172,07:45,18:50,Sample Mate 060
2026-09-21,SA23UCW,Newport,18 Tonne,RELOAD PT 2,1,3,12,AO299993,150,06:00,17:35,Sample Mate 105
2026-09-21,SA23GLU,Newport,18 Tonne,Out for Delivery,1,1,21,AO662232,156,07:45,15:05,
2026-09-21,SA24LHH,Newport,18 Tonne,Out for Delivery,1,0,9,AO692164,162,06:30,15:20,Sample Mate 069
2026-09-21,SA21DOM,Newport,18 Tonne,VOR,0,0,0,,,,,
2026-09-21,SA20AGS,Spennymoor,18 Tonne,Stood Not Utilised,0,0,0,,,,,
2026-09-21,SA20MVR,Spennymoor,18 Tonne,Out for Delivery,1,3,11,AO531054,149,06:00,13:35,Sample Mate 030
2026-09-21,SA24GNS,Spennymoor,18 Tonne,Stood Not Utilised,0,0,0,,,,,
2026-09-21,SA19PVX,Spennymoor,18 Tonne,Out for Delivery,1,3,13,AO718823,190,05:30,16:50,
2026-09-21,SA21FCG,Spennymoor,18 Tonne,Out for Delivery,1,1,10,AO589363,157,08:45,16:50,
2026-09-21,SA21FTL,Spennymoor,18 Tonne,Out for Delivery,1,2,15,AO365739,137,07:30,17:05,
2026-09-21,SA22XNK,Spennymoor,18 Tonne,Out for Delivery,1,2,22,AO757295,101,07:30,18:50,Sample Mate 026
2026-09-21,SA21JCW,Spennymoor,18 Tonne,Out for Delivery,1,4,10,AO616439,159,05:45,12:20,Sample Mate 025
2026-09-21,SA25AYD,Spennymoor,18 Tonne,Out for Delivery,1,1,14,AO494791,176,07:15,17:20,
2026-09-21,SA21PLX,Spennymoor,18 Tonne,Out for Delivery,1,2,19,AO426494,181,05:45,13:50,Sample Mate 006
2026-09-21,SA21VDP,Dundee,18 Tonne,Out for Delivery,1,0,11,AO610292,139,05:00,13:35,
2026-09-21,SA19PXJ,Dundee,18 Tonne,Out for Delivery,1,0,13,AO329865,105,06:45,15:20,Sample Mate 113
2026-09-21,SA19ERR,Dundee,18 Tonne,Out for Delivery,1,0,11,AO259989,176,08:30,16:35,Sample Mate 012
2026-09-21,SA25MCD,Dundee,18 Tonne,Out for Delivery,1,3,16,AO949458,141,07:15,17:50,
2026-09-21,SA23BFC,Dundee,18 Tonne,Out for Delivery,1,1,15,AO699316,178,06:30,17:50,Sample Mate 047
2026-09-21,SA20ENJ,Dundee,18 Tonne,Out for Delivery,1,2,14,AO743954,174,08:45,17:05,
2026-09-21,SA24GLE,Dundee,18 Tonne,Out for Delivery,1,0,9,AO380018,146,06:15,14:20,
2026-09-21,SA23XPJ,Dundee,18 Tonne,VOR,0,0,0,,,,,
2026-09-21,SA23HRO,Dundee,18 Tonne,Stood Not Utilised,0,0,0,,,,,
2026-09-21,SA23MCX,Crawley,18 Tonne,Stood Not Utilised,0,0,0,,,,,
2026-09-21,SA24COE,Crawley,18 Tonne,Out for Delivery,1,0,16,AO301018,101,06:30,14:50,Sample Mate 114
2026-09-21,SA23RVC,Crawley,18 Tonne,Out for Delivery,1,2,10,AO588921,153,06:00,14:50,
2026-09-21,SA25SCH,Crawley,18 Tonne,Out for Delivery,1,2,9,AO613275,182,06:30,16:05,Sample Mate 027
2026-09-21,SA22MSZ,Crawley,18 Tonne,Stood Not Utilised,0,0,0,,,,,
2026-09-21,SA21NSP,Crawley,18 Tonne,VOR,0,0,0,,,,,
2026-09-21,SA19EWH,Crawley,18 Tonne,Out for Delivery,1,3,16,AO895956,120,08:00,16:35,
2026-09-21,SA22YNN,Crawley,18 Tonne,VOR,0,0,0,,,,,
2026-09-21,SA23PKA,Heywood,18 Tonne,Stood,0,0,0,,,,,
2026-09-21,SA23EAU,Heywood,18 Tonne,Out for Delivery,1,0,17,AO315502,140,07:45,16:35,Sample Mate 040
2026-09-21,SA20NON,Heywood,18 Tonne,Stood Not Utilised,0,0,0,,,,,
2026-09-21,SA21GLB,Heywood,18 Tonne,Out for Delivery,1,4,9,AO841352,103,06:45,17:20,
2026-09-21,SA21FTY,Heywood,18 Tonne,RELOAD PT 2,1,0,18,AO805966,157,06:45,16:05,
2026-09-21,SA23ENV,Heywood,18 Tonne,Out for Delivery,1,1,19,AO495558,170,07:15,17:20,Sample Mate 070
2026-09-21,SA24OWT,Heywood,18 Tonne,Out for Delivery,1,4,11,AO875786,118,08:00,16:20,Sample Mate 047
2026-09-21,SA22UPK,Heywood,18 Tonne,Stood Not Utilised,0,0,0,,,,,
2026-09-21,SA19SVY,Larkhall,18 Tonne,Stood Not Utilised,0,0,0,,,,,
2026-09-21,SA22NUC,Larkhall,18 Tonne,RELOAD PT 2,1,0,16,AO855411,182,07:00,15:50,
2026-09-21,SA24TVA,Larkhall,18 Tonne,Out for Delivery,1,3,22,AO673430,189,06:45,14:20,
2026-09-21,SA21EVZ,Larkhall,18 Tonne,Out for Delivery,1,3,9,AO492673,130,06:30,17:35,Sample Mate 096
2026-09-21,SA24BKV,Larkhall,18 Tonne,VOR,0,0,0,,,,,
2026-09-21,SA20BEY,Larkhall,18 Tonne,Out for Delivery,1,3,14,AO178361,159,08:30,16:05,
2026-09-21,SA19YXV,Larkhall,18 Tonne,Out for Delivery,1,1,16,AO897012,197,06:15,16:50,
2026-09-21,SA20VUH,Basildon,18 Tonne,Stood Not Utilised,0,0,0,,,,,
2026-09-21,SA25LMD,Basildon,18 Tonne,Out for Delivery,1,1,18,AO924290,112,06:30,16:05,Sample Mate 016
2026-09-21,SA25PEK,Basildon,18 Tonne,Out for Delivery,1,0,13,AO470989,115,08:00,18:50,
2026-09-21,SA25ZHN,Basildon,18 Tonne,Stood Not Utilised,0,0,0,,,,,
2026-09-21,SA19DJO,Basildon,18 Tonne,RELOAD PT 2,1,1,18,AO507011,149,08:00,16:35,
2026-09-21,SA21ZCU,Basildon,18 Tonne,Out for Delivery,1,1,21,AO709808,168,07:00,17:35,Sample Mate 117
2026-09-21,SA23UKX,Outside HDV Network,18 Tonne,Out for Delivery,1,4,18,AO103002,135,05:00,16:50,Sample Mate 070
2026-09-21,SA20WMN,Outside HDV Network,18 Tonne,Out for Delivery,1,0,20,AO813153,141,08:15,17:20,Sample Mate 114
2026-09-21,SA24KCG,Outside HDV Network,18 Tonne,Stood Not Utilised,0,0,0,,,,,
2026-09-21,SA25FFS,Outside HDV Network,18 Tonne,Stood Not Utilised,0,0,0,,,,,
2026-09-21,SA21PEF,Fareham,18 Tonne,Stood Not Utilised,0,0,0,,,,,
2026-09-21,SA25OVW,Fareham,18 Tonne,Out for Delivery,1,4,8,AO229240,125,06:00,16:20,Sample Mate 087
2026-09-21,SA23DDN,Fareham,18 Tonne,Stood,0,0,0,,,,,
2026-09-21,SA19SJE,Fareham,18 Tonne,Stood Not Utilised,0,0,0,,,,,
2026-09-21,SA24RVO,Avonmouth,18 Tonne,Out for Delivery,1,4,11,AO232143,125,06:30,17:20,
2026-09-21,SA24VGC,Avonmouth,18 Tonne,VOR,0,0,0,,,,,
2026-09-21,SA25VME,Avonmouth,18 Tonne,Out for Delivery,1,0,15,AO222886,196,05:30,14:35,
2026-09-21,SA24SFH,Crewe,18 Tonne,Stood,0,0,0,,,,,
2026-09-21,SA19DVW,Crewe,18 Tonne,Out for Delivery,1,2,14,AO583781,197,06:15,17:50,Sample Mate 065
2026-09-21,SA20KZF,Crewe,18 Tonne,Out for Delivery,1,0,15,AO305298,142,07:30,18:20,
2026-09-21,SA23BLN,Crewe,18 Tonne,Stood Not Utilised,0,0,0,,,,,
2026-09-21,SA25FGJ,Crewe,18 Tonne,Out for Delivery,1,3,16,AO218851,180,05:15,13:50,
2026-09-21,SA20UPV,Crewe,18 Tonne,RELOAD PT 2,1,0,14,AO967533,127,07:15,18:05,
2026-09-21,SA24ZLC,Crewe,18 Tonne,Out for Delivery,1,0,9,AO672922,105,05:15,12:35,
2026-09-21,SA22PRW,Crewe,18 Tonne,Out for Delivery,1,3,8,AO459740,146,07:00,16:20,Sample Mate 036
2026-09-21,SA22XEG,Crewe,18 Tonne,Stood Not Utilised,0,0,0,,,,,
2026-09-21,SA21TGN,Crewe,18 Tonne,Stood Not Utilised,0,0,0,,,,,
2026-09-21,SA21VES,Crewe,18 Tonne,RELOAD PT 2,1,3,22,AO896527,168,07:45,16:20,
2026-09-21,SA19OJB,Crewe,18 Tonne,Stood Not Utilised,0,0,0,,,,,
2026-09-21,SA21WRZ,Crewe,18 Tonne,Stood Not Utilised,0,0,0,,,,,
2026-09-21,SA24GMA,Crewe,18 Tonne,Out for Delivery,1,3,22,AO195184,166,08:30,15:05,
2026-09-21,SA23OGF,Crewe,18 Tonne,Out for Delivery,1,3,10,AO365991,186,06:30,13:35,
2026-09-21,SA22PGB,Crewe,18 Tonne,Out for Delivery,1,2,19,AO468437,126,08:45,18:50,Sample Mate 070
2026-09-21,SA23XBN,Crewe,18 Tonne,Out for Delivery,1,1,12,AO873960,133,07:00,18:35,
2026-09-21,SA25JZF,Crewe,18 Tonne,Out for Delivery,1,0,10,AO758268,191,07:15,14:05,Sample Mate 019
2026-09-21,SA21WJU,Crewe,18 Tonne,Out for Delivery,1,1,8,AO843950,157,08:15,19:20,
2026-09-21,SA23SZG,Crewe,18 Tonne,Out for Delivery,1,2,19,AO199234,193,07:45,14:50,Sample Mate 013
2026-09-21,SA24LFW,Crewe,18 Tonne,Stood Not Utilised,0,0,0,,,,,
2026-09-21,SA24BGW,Crewe,18 Tonne,Out for Delivery,1,2,8,AO377502,105,05:15,16:35,
2026-09-21,SA20HDT,Crewe,18 Tonne,Out for Delivery,1,4,14,AO845741,179,06:30,17:35,Sample Mate 028
2026-09-21,SA24ZOC,Crewe,18 Tonne,Out for Delivery,1,4,8,AO731461,135,06:00,17:35,Sample Mate 070
2026-09-21,SA21WAF,Crewe,18 Tonne,VOR,0,0,0,,,,,
2026-09-21,SA19PHM,Crewe,18 Tonne,Out for Delivery,1,0,9,AO666217,107,08:30,18:35,Sample Mate 030
2026-09-21,SA23HKU,Crewe,18 Tonne,VOR,0,0,0,,,,,
2026-09-21,SA24JXK,Crewe,18 Tonne,Out for Delivery,1,3,9,AO937991,113,08:00,17:35,
2026-09-21,SA20NYE,Crewe,18 Tonne,Out for Delivery,1,3,22,AO136278,127,06:00,16:05,
2026-09-21,SA22EPR,Crewe,18 Tonne,Stood Not Utilised,0,0,0,,,,,
2026-09-21,SA19KPE,Crewe,18 Tonne,Out for Delivery,1,0,20,AO925110,111,06:45,14:35,Sample Mate 023
2026-09-21,SA24NCV,Crewe,18 Tonne,Out for Delivery,1,1,16,AO883970,199,06:15,17:05,
2026-09-21,SA22HMV,Crewe,18 Tonne,VOR,0,0,0,,,,,
2026-09-21,SA20ELG,Crewe,18 Tonne,Stood Not Utilised,0,0,0,,,,,
2026-09-21,SA24TDY,Crewe,18 Tonne,Out for Delivery,1,4,9,AO170489,147,05:15,16:20,
2026-09-21,SA19ACJ,Crewe,18 Tonne,Stood Not Utilised,0,0,0,,,,,
2026-09-21,SA24BXM,Crewe,18 Tonne,VOR,0,0,0,,,,,
2026-09-21,SA19VRB,Crewe,18 Tonne,RELOAD PT 2,1,3,13,AO963750,186,08:15,15:20,Sample Mate 113
2026-09-21,SA21CUB,Crossgreen,18 Tonne,Out for Delivery,1,4,8,AO237550,141,06:15,13:50,
2026-09-21,SA20YCJ,Crossgreen,18 Tonne,Out for Delivery,1,2,8,AO300456,186,06:00,14:50,Sample Mate 039
2026-09-21,SA23KDV,Crossgreen,18 Tonne,Out for Delivery,1,0,13,AO263550,110,05:15,13:35,
2026-09-21,SA22RWZ,Crossgreen,18 Tonne,Stood Not Utilised,0,0,0,,,,,
2026-09-21,SA22YLB,Crossgreen,18 Tonne,Stood Not Utilised,0,0,0,,,,,
2026-09-21,SA19POX,Crossgreen,18 Tonne,Stood Not Utilised,0,0,0,,,,,
2026-09-21,SA20BXX,Crossgreen,18 Tonne,VOR,0,0,0,,,,,
2026-09-21,SA19HYA,Crossgreen,18 Tonne,Stood,0,0,0,,,,,
2026-09-21,SA19SSO,Crossgreen,18 Tonne,Out for Delivery,1,4,16,AO407850,134,06:30,17:20,
2026-09-21,SA23PCT,Crossgreen,18 Tonne,Stood Not Utilised,0,0,0,,,,,
2026-09-21,SA21NFS,Crossgreen,18 Tonne,Stood Not Utilised,0,0,0,,,,,
2026-09-21,SA20JNH,Crossgreen,18 Tonne,VOR,0,0,0,,,,,
2026-09-21,SA25XAV,Crossgreen,18 Tonne,RELOAD PT 2,1,4,19,AO927710,110,06:45,17:50,Sample Mate 067
2026-09-21,SA21PAJ,Crossgreen,18 Tonne,VOR,0,0,0,,,,,
2026-09-21,SA22DFO,Crossgreen,18 Tonne,Out for Delivery,1,3,19,AO359049,148,05:15,16:20,Sample Mate 047
2026-09-21,SA19SJL,Stoke,18 Tonne,Out for Delivery,1,1,18,AO506503,151,07:00,17:20,
2026-09-21,SA24FEH,Stoke,18 Tonne,Out for Delivery,1,2,8,AO157657,110,05:15,12:50,
2026-09-21,SA23ROA,Stoke,18 Tonne,Stood,0,0,0,,,,,
2026-09-21,SA19SWS,Stoke,18 Tonne,Out for Delivery,1,0,8,AO465905,152,06:45,14:50,Sample Mate 055
2026-09-21,SA20BTE,Stoke,18 Tonne,Out for Delivery,1,2,20,AO956345,130,08:00,19:50,Sample Mate 087
2026-09-21,SA25SMM,Stoke,18 Tonne,Out for Delivery,1,0,13,AO231190,185,07:45,17:50,
2026-09-22,SA22FEL,Crewe,3.5 Tonne,Out for Delivery,1,1,20,AO100151,128,07:15,18:50,
2026-09-22,SA21BEC,Crewe,3.5 Tonne,VOR,0,0,0,,,,,
2026-09-22,SA23FNN,Crewe,3.5 Tonne,Out for Delivery,1,2,9,AO573061,170,06:00,16:05,
2026-09-22,SA21EVW,Crewe,3.5 Tonne,Out for Delivery,1,3,12,AO392556,160,06:30,16:35,
2026-09-22,SA24GSA,Crewe,3.5 Tonne,VOR,0,0,0,,,,,
2026-09-22,SA25PMJ,Crewe,3.5 Tonne,Out for Delivery,1,4,11,AO807862,194,06:00,15:35,Sample Mate 001
2026-09-22,SA23XMW,Crewe,3.5 Tonne,VOR,0,0,0,,,,,
2026-09-22,SA24PZB,Crewe,Hi-Cube,Out for Delivery,1,0,14,AO838665,128,05:15,16:20,Sample Mate 006
2026-09-22,SA25FSF,Crewe,Hi-Cube,Out for Delivery,1,4,19,AO569223,181,08:45,19:35,
2026-09-22,SA25CZS,Crewe,Hi-Cube,Out for Delivery,1,2,13,AO805841,140,05:45,14:20,
2026-09-22,SA19MMT,Crewe,3.5 Tonne,Stood Not Utilised,0,0,0,,,,,
2026-09-22,SA21ESV,Crewe,3.5 Tonne,Out for Delivery,1,4,18,AO758364,198,06:00,15:05,Sample Mate 117
2026-09-22,SA20NSO,Crewe,3.5 Tonne,VOR,0,0,0,,,,,
2026-09-22,SA21BXZ,Crewe,3.5 Tonne,Out for Delivery,1,0,10,AO854098,164,05:45,15:50,
2026-09-22,SA23UTA,Crewe,3.5 Tonne,Stood Not Utilised,0,0,0,,,,,
2026-09-22,SA23COL,Crewe,3.5 Tonne,Out for Delivery,1,0,18,AO132910,138,06:30,17:35,
2026-09-22,SA25UXO,Crewe,3.5 Tonne,RELOAD PT 2,1,2,20,AO440232,131,06:45,13:35,
2026-09-22,SA20RUO,Crewe,Hi-Cube,Stood,0,0,0,,,,,
2026-09-22,SA24SKP,Crewe,Hi-Cube,Out for Delivery,1,1,20,AO634285,137,06:30,16:05,Sample Mate 111
2026-09-22,SA19FFM,Crewe,Hi-Cube,Out for Delivery,1,3,19,AO683846,169,06:45,15:35,
2026-09-22,SA25YOG,Crewe,3.5 Tonne,Out for Delivery,1,1,10,AO406321,162,07:30,17:20,
2026-09-22,SA22POR,Crewe,3.5 Tonne,Out for Delivery,1,3,19,AO733523,127,08:00,19:05,
2026-09-22,SA23TKP,Crewe,3.5 Tonne,Out for Delivery,1,4,11,AO136630,109,06:15,13:50,
2026-09-22,SA20PKF,Crewe,3.5 Tonne,Out for Delivery,1,3,11,AO160825,137,08:00,19:50,
2026-09-22,SA22YRV,Crewe,3.5 Tonne,Stood Not Utilised,0,0,0,,,,,
2026-09-22,SA23SXC,Crewe,3.5 Tonne,VOR,0,0,0,,,,,
2026-09-22,SA20AFW,Crewe,3.5 Tonne,Out for Delivery,1,4,14,AO676581,147,06:30,13:35,
2026-09-22,SA25ADF,Crewe,Hi-Cube,Out for Delivery,1,2,21,AO427407,101,08:00,18:05,
2026-09-22,SA24AMJ,Crewe,Hi-Cube,Stood Not Utilised,0,0,0,,,,,
2026-09-22,SA21FFU,Crewe,Hi-Cube,Out for Delivery,1,4,17,AO422322,134,07:30,17:05,Sample Mate 035
2026-09-22,SA21BFL,Crewe,3.5 Tonne,Out for Delivery,1,1,21,AO553824,126,06:30,17:05,Sample Mate 014
2026-09-22,SA21ESA,Crewe,3.5 Tonne,Out for Delivery,1,1,11,AO682908,187,05:45,15:35,
2026-09-22,SA24WUV,Crewe,3.5 Tonne,VOR,0,0,0,,,,,
2026-09-22,SA19RJN,Crewe,3.5 Tonne,Out for Delivery,1,2,17,AO798699,113,06:45,15:35,Sample Mate 016
2026-09-22,SA19PLZ,Crewe,3.5 Tonne,Out for Delivery,1,3,12,AO353127,125,05:30,12:20,
2026-09-22,SA25EVK,Crewe,3.5 Tonne,Out for Delivery,1,1,10,AO589610,193,05:45,14:35,
2026-09-22,SA23UHR,Crewe,3.5 Tonne,Stood Not Utilised,0,0,0,,,,,
2026-09-22,SA25UOZ,Crewe,Hi-Cube,Out for Delivery,1,0,12,AO525692,147,06:30,13:20,
2026-09-22,SA22ZAP,Crossgreen,Hi-Cube,VOR,0,0,0,,,,,
2026-09-22,SA20ZFK,Crossgreen,Hi-Cube,Out for Delivery,1,0,11,AO904536,104,06:15,17:50,
2026-09-22,SA19USJ,Crossgreen,3.5 Tonne,Out for Delivery,1,4,22,AO566769,116,08:30,16:05,Sample Mate 062
2026-09-22,SA19GOU,Crossgreen,3.5 Tonne,Out for Delivery,1,0,18,AO496264,151,06:00,13:20,
2026-09-22,SA25UOT,Crossgreen,3.5 Tonne,Out for Delivery,1,3,9,AO275484,122,05:30,14:50,Sample Mate 082
2026-09-22,SA20PRE,Crossgreen,3.5 Tonne,VOR,0,0,0,,,,,
2026-09-22,SA21AFW,Crossgreen,3.5 Tonne,Out for Delivery,1,0,20,AO443797,128,08:45,15:35,Sample Mate 089
2026-09-22,SA21JRF,Crossgreen,3.5 Tonne,Out for Delivery,1,4,15,AO814289,178,06:45,13:05,
2026-09-22,SA20VRD,Crossgreen,3.5 Tonne,Stood Not Utilised,0,0,0,,,,,
2026-09-22,SA22AHT,Crossgreen,Hi-Cube,Out for Delivery,1,4,13,AO954454,155,06:45,16:35,Sample Mate 010
2026-09-22,SA23HJE,Crossgreen,Hi-Cube,Out for Delivery,1,3,16,AO277771,116,08:45,15:35,Sample Mate 102
2026-09-22,SA22JOZ,Crossgreen,Hi-Cube,Stood,0,0,0,,,,,
2026-09-22,SA19YDN,Crossgreen,3.5 Tonne,Stood,0,0,0,,,,,
2026-09-22,SA24MMZ,Crossgreen,3.5 Tonne,Out for Delivery,1,0,19,AO876999,139,06:00,16:05,
2026-09-22,SA23ARK,Crossgreen,3.5 Tonne,Stood Not Utilised,0,0,0,,,,,
2026-09-22,SA21XRJ,Stoke,3.5 Tonne,Out for Delivery,1,4,22,AO331431,185,08:45,16:50,Sample Mate 061
2026-09-22,SA23DRC,Stoke,3.5 Tonne,Stood Not Utilised,0,0,0,,,,,
2026-09-22,SA23XXA,Stoke,3.5 Tonne,Out for Delivery,1,1,10,AO158007,157,05:45,14:50,
2026-09-22,SA19VAW,Stoke,3.5 Tonne,Out for Delivery,1,4,20,AO121372,188,06:00,15:05,Sample Mate 009
2026-09-22,SA23YNF,Stoke,Hi-Cube,Out for Delivery,1,0,18,AO844473,157,06:15,13:50,Sample Mate 088
2026-09-22,SA21FDL,Stoke,Hi-Cube,Out for Delivery,1,3,17,AO920957,171,05:45,16:35,
2026-09-22,SA22MHK,Stoke,Hi-Cube,Out for Delivery,1,3,16,AO292094,165,06:45,13:35,
2026-09-22,SA25RNW,Stoke,3.5 Tonne,Out for Delivery,1,3,21,AO822081,169,05:45,12:05,Sample Mate 057
2026-09-22,SA25TSY,Stoke,3.5 Tonne,Out for Delivery,1,3,16,AO723336,154,06:00,14:20,Sample Mate 004
2026-09-22,SA24NPG,Stoke,3.5 Tonne,VOR,0,0,0,,,,,
2026-09-22,SA21BRA,Stoke,3.5 Tonne,Out for Delivery,1,0,14,AO123298,105,05:45,13:20,
2026-09-22,SA25CSD,Stoke,3.5 Tonne,Out for Delivery,1,2,15,AO230449,103,07:00,15:35,Sample Mate 099
2026-09-22,SA24GWT,Stoke,3.5 Tonne,Stood Not Utilised,0,0,0,,,,,
2026-09-22,SA24AMN,Exeter,3.5 Tonne,Out for Delivery,1,2,10,AO703693,104,06:15,15:05,
2026-09-22,SA24SMX,Exeter,Hi-Cube,Out for Delivery,1,0,14,AO158958,190,06:30,13:50,Sample Mate 088
2026-09-22,SA24WMZ,Exeter,Hi-Cube,Out for Delivery,1,1,15,AO638418,104,08:15,16:20,
2026-09-22,SA24UFV,Exeter,Hi-Cube,Stood Not Utilised,0,0,0,,,,,
2026-09-22,SA25WDM,Exeter,3.5 Tonne,Out for Delivery,1,3,17,AO788961,129,07:30,16:50,Sample Mate 106
2026-09-22,SA19DYL,Exeter,3.5 Tonne,VOR,0,0,0,,,,,
2026-09-22,SA19OPM,Exeter,3.5 Tonne,Out for Delivery,1,4,18,AO768345,126,05:45,12:05,
2026-09-22,SA25SMG,Exeter,3.5 Tonne,VOR,0,0,0,,,,,
2026-09-22,SA25WWS,Exeter,3.5 Tonne,RELOAD PT 2,1,3,13,AO672433,137,06:00,15:35,Sample Mate 100
2026-09-22,SA23HNP,Exeter,3.5 Tonne,Out for Delivery,1,2,10,AO785840,152,06:00,13:20,
2026-09-22,SA19GFS,Exeter,3.5 Tonne,Out for Delivery,1,2,14,AO102123,135,07:30,14:50,Sample Mate 104
2026-09-22,SA24FJS,Exeter,Hi-Cube,RELOAD PT 2,1,4,22,AO374036,146,08:00,18:35,
2026-09-22,SA22GUR,Coventry,Hi-Cube,Stood Not Utilised,0,0,0,,,,,
2026-09-22,SA19YFZ,Coventry,Hi-Cube,Out for Delivery,1,2,8,AO606442,176,05:45,15:20,
2026-09-22,SA21GLC,Coventry,3.5 Tonne,Out for Delivery,1,1,16,AO569687,155,08:15,16:35,Sample Mate 038
2026-09-22,SA24SCS,Coventry,3.5 Tonne,RELOAD PT 2,1,0,8,AO456346,195,08:45,15:05,Sample Mate 120
2026-09-22,SA21SHH,Coventry,3.5 Tonne,Stood,0,0,0,,,,,
2026-09-22,SA25KHM,Coventry,3.5 Tonne,Out for Delivery,1,2,15,AO228812,163,06:30,17:05,Sample Mate 080
2026-09-22,SA25GSY,Coventry,3.5 Tonne,Out for Delivery,1,4,18,AO537040,125,05:00,15:50,Sample Mate 025
2026-09-22,SA25XLB,Coventry,3.5 Tonne,Out for Delivery,1,3,19,AO298563,127,05:00,14:35,Sample Mate 120
2026-09-22,SA19OVF,Coventry,3.5 Tonne,Stood Not Utilised,0,0,0,,,,,
2026-09-22,SA20FYM,Coventry,Hi-Cube,Stood Not Utilised,0,0,0,,,,,
2026-09-22,SA23YCJ,Coventry,Hi-Cube,Out for Delivery,1,1,11,AO157806,133,06:15,14:20,
2026-09-22,SA25XHM,Potters-Bar,Hi-Cube,Stood Not Utilised,0,0,0,,,,,
2026-09-22,SA21PDJ,Potters-Bar,3.5 Tonne,Out for Delivery,1,4,20,AO600284,190,06:45,13:20,
2026-09-22,SA22YAV,Potters-Bar,3.5 Tonne,VOR,0,0,0,,,,,
2026-09-22,SA24THH,Potters-Bar,3.5 Tonne,Out for Delivery,1,4,9,AO794196,147,06:30,17:05,
2026-09-22,SA23LVT,Potters-Bar,3.5 Tonne,Stood,0,0,0,,,,,
2026-09-22,SA19KZK,Potters-Bar,3.5 Tonne,Stood Not Utilised,0,0,0,,,,,
2026-09-22,SA25AEV,Potters-Bar,3.5 Tonne,Out for Delivery,1,3,21,AO316423,114,06:45,16:50,Sample Mate 066
2026-09-22,SA23ZPM,Potters-Bar,3.5 Tonne,Out for Delivery,1,4,19,AO616194,169,06:15,15:50,
2026-09-22,SA19ACC,Potters-Bar,Hi-Cube,Out for Delivery,1,2,17,AO282107,152,06:30,17:35,
2026-09-22,SA22NVA,Potters-Bar,Hi-Cube,Stood Not Utilised,0,0,0,,,,,
2026-09-22,SA20DXH,Potters-Bar,Hi-Cube,Out for Delivery,1,0,11,AO866473,146,06:30,15:50,
2026-09-22,SA24UHX,Gravesend,3.5 Tonne,Stood Not Utilised,0,0,0,,,,,
2026-09-22,SA22LMX,Gravesend,3.5 Tonne,VOR,0,0,0,,,,,
2026-09-22,SA19XZP,Gravesend,3.5 Tonne,Out for Delivery,1,3,11,AO359923,197,06:30,13:05,Sample Mate 089
2026-09-22,SA24FRA,Gravesend,3.5 Tonne,Stood Not Utilised,0,0,0,,,,,
2026-09-22,SA20OTF,Gravesend,3.5 Tonne,Out for Delivery,1,2,19,AO757623,134,06:30,16:35,
2026-09-22,SA25PHP,Gravesend,3.5 Tonne,Out for Delivery,1,4,16,AO472606,131,06:15,13:20,
2026-09-22,SA19PHZ,Gravesend,3.5 Tonne,Out for Delivery,1,1,9,AO415716,196,08:15,17:05,Sample Mate 088
2026-09-22,SA24MXA,Gravesend,Hi-Cube,Out for Delivery,1,1,10,AO101139,146,06:15,15:20,
2026-09-22,SA21YAK,Gravesend,Hi-Cube,Out for Delivery,1,4,14,AO841464,107,06:15,13:35,Sample Mate 103
2026-09-22,SA21SAN,Gravesend,Hi-Cube,Stood Not Utilised,0,0,0,,,,,
2026-09-22,SA19MMF,Gravesend,3.5 Tonne,Stood Not Utilised,0,0,0,,,,,
2026-09-22,SA25CYG,Yaxley,3.5 Tonne,Out for Delivery,1,2,13,AO179794,132,08:00,16:20,
2026-09-22,SA19RBJ,Yaxley,3.5 Tonne,Out for Delivery,1,3,10,AO546846,184,05:30,12:20,
2026-09-22,SA23OLT,Yaxley,3.5 Tonne,Stood Not Utilised,0,0,0,,,,,
2026-09-22,SA21RES,Yaxley,3.5 Tonne,Out for Delivery,1,1,13,AO329554,130,08:00,19:50,
2026-09-22,SA25DNN,Yaxley,3.5 Tonne,RELOAD PT 2,1,4,15,AO664173,193,08:00,19:50,
2026-09-22,SA20SHU,Yaxley,3.5 Tonne,Out for Delivery,1,4,20,AO198544,128,06:30,17:20,
2026-09-22,SA19BBM,Yaxley,Hi-Cube,Out for Delivery,1,2,14,AO114297,174,05:00,12:50,Sample Mate 036
2026-09-22,SA25GYJ,Yaxley,Hi-Cube,Out for Delivery,1,1,10,AO860782,167,08:00,19:35,
2026-09-22,SA24WTN,Yaxley,Hi-Cube,Out for Delivery,1,3,10,AO823616,199,06:45,14:20,Sample Mate 001
2026-09-22,SA24TKC,Yaxley,3.5 Tonne,Out for Delivery,1,4,13,AO300875,124,07:30,17:20,Sample Mate 006
2026-09-22,SA25PNC,Luton,3.5 Tonne,Stood Not Utilised,0,0,0,,,,,
2026-09-22,SA24VEA,Luton,3.5 Tonne,VOR,0,0,0,,,,,
2026-09-22,SA25DWU,Luton,3.5 Tonne,RELOAD PT 2,1,1,16,AO919738,192,08:00,16:20,
2026-09-22,SA21COD,Luton,3.5 Tonne,Stood,0,0,0,,,,,
2026-09-22,SA23JZM,Luton,3.5 Tonne,Out for Delivery,1,0,18,AO700385,103,06:45,14:05,Sample Mate 051
2026-09-22,SA24WRX,Luton,3.5 Tonne,Out for Delivery,1,0,9,AO170288,102,08:15,18:35,Sample Mate 108
2026-09-22,SA24YRO,Luton,Hi-Cube,Out for Delivery,1,1,16,AO666383,105,05:45,12:50,
2026-09-22,SA24JAR,Luton,Hi-Cube,Out for Delivery,1,2,18,AO209187,141,05:45,13:35,
2026-09-22,SA21ZOF,Luton,Hi-Cube,Out for Delivery,1,1,22,AO825736,196,06:00,16:20,Sample Mate 119
2026-09-22,SA22UKH,Luton,3.5 Tonne,Out for Delivery,1,1,8,AO198811,117,06:15,13:35,
2026-09-22,SA24UPH,Newport,3.5 Tonne,Out for Delivery,1,2,16,AO508278,175,07:00,16:20,Sample Mate 024
2026-09-22,SA20JBR,Newport,3.5 Tonne,Out for Delivery,1,2,15,AO949445,127,06:30,14:35,
2026-09-22,SA21HEE,Newport,3.5 Tonne,VOR,0,0,0,,,,,
2026-09-22,SA22DKA,Newport,3.5 Tonne,Out for Delivery,1,2,12,AO124382,140,07:00,14:20,Sample Mate 003
2026-09-22,SA23RTM,Newport,3.5 Tonne,Stood Not Utilised,0,0,0,,,,,
2026-09-22,SA21ZWR,Newport,3.5 Tonne,VOR,0,0,0,,,,,
2026-09-22,SA25PPX,Newport,Hi-Cube,Out for Delivery,1,1,22,AO926003,189,07:45,17:05,
2026-09-22,SA25EXC,Newport,Hi-Cube,Out for Delivery,1,0,12,AO131882,194,07:45,16:05,Sample Mate 012
2026-09-22,SA22CFE,Newport,Hi-Cube,Stood Not Utilised,0,0,0,,,,,
2026-09-22,SA25XMM,Newport,3.5 Tonne,VOR,0,0,0,,,,,
2026-09-22,SA24NGE,Spennymoor,3.5 Tonne,Out for Delivery,1,1,13,AO271093,134,06:15,15:50,
2026-09-22,SA23LNH,Spennymoor,3.5 Tonne,Out for Delivery,1,1,14,AO322308,129,06:15,13:50,
2026-09-22,SA19BPJ,Spennymoor,3.5 Tonne,Out for Delivery,1,3,14,AO238113,179,06:30,16:05,Sample Mate 018
2026-09-22,SA25ZKJ,Spennymoor,3.5 Tonne,Out for Delivery,1,3,15,AO832962,128,06:00,14:20,Sample Mate 012
2026-09-22,SA20WKR,Spennymoor,3.5 Tonne,Out for Delivery,1,2,9,AO740326,135,07:30,18:05,Sample Mate 067
2026-09-22,SA23OJS,Spennymoor,3.5 Tonne,Out for Delivery,1,0,21,AO867175,116,05:15,16:35,
2026-09-22,SA25EED,Spennymoor,Hi-Cube,Out for Delivery,1,1,13,AO558187,116,07:30,18:05,Sample Mate 051
2026-09-22,SA22SNJ,Spennymoor,Hi-Cube,Stood Not Utilised,0,0,0,,,,,
2026-09-22,SA23ELF,Spennymoor,Hi-Cube,Out for Delivery,1,4,18,AO393634,104,08:30,17:05,
2026-09-22,SA22YHZ,Spennymoor,3.5 Tonne,Out for Delivery,1,0,21,AO371233,106,08:30,18:35,
2026-09-22,SA21GKN,Dundee,3.5 Tonne,Out for Delivery,1,0,19,AO725332,127,06:15,15:05,
2026-09-22,SA25EAJ,Dundee,3.5 Tonne,Out for Delivery,1,2,21,AO150481,139,05:45,14:35,
2026-09-22,SA19JDA,Dundee,3.5 Tonne,Out for Delivery,1,1,14,AO408927,160,05:30,12:20,
2026-09-22,SA22ROJ,Dundee,3.5 Tonne,Stood Not Utilised,0,0,0,,,,,
2026-09-22,SA22DKF,Dundee,3.5 Tonne,Out for Delivery,1,2,14,AO210172,139,07:45,14:05,Sample Mate 009
2026-09-22,SA21BZA,Dundee,3.5 Tonne,Out for Delivery,1,1,11,AO995134,168,06:00,13:20,
2026-09-22,SA23RHZ,Dundee,Hi-Cube,Out for Delivery,1,2,11,AO659763,104,08:45,16:20,Sample Mate 054
2026-09-22,SA24HUJ,Dundee,Hi-Cube,Out for Delivery,1,4,21,AO761224,197,06:00,14:50,Sample Mate 108
2026-09-22,SA24XPF,Dundee,Hi-Cube,Stood,0,0,0,,,,,
2026-09-22,SA21CCO,Crawley,3.5 Tonne,Out for Delivery,1,4,22,AO786820,172,06:00,15:35,Sample Mate 093
2026-09-22,SA22YMS,Crawley,3.5 Tonne,Out for Delivery,1,4,22,AO260851,130,06:45,16:50,Sample Mate 030
2026-09-22,SA23TCW,Crawley,3.5 Tonne,Out for Delivery,1,2,16,AO476015,153,07:00,18:05,Sample Mate 118
2026-09-22,SA23LTT,Crawley,3.5 Tonne,Out for Delivery,1,3,14,AO217322,171,06:00,14:20,
2026-09-22,SA20CXC,Crawley,3.5 Tonne,RELOAD PT 2,1,1,20,AO235939,141,08:45,19:20,Sample Mate 066
2026-09-22,SA22KZH,Crawley,3.5 Tonne,Out for Delivery,1,2,10,AO738239,124,08:15,18:50,
2026-09-22,SA24SVW,Crawley,3.5 Tonne,RELOAD PT 2,1,0,14,AO114382,163,08:30,18:50,
2026-09-22,SA22CFJ,Crawley,Hi-Cube,Stood Not Utilised,0,0,0,,,,,
2026-09-22,SA21CEN,Heywood,Hi-Cube,Out for Delivery,1,1,11,AO239898,106,06:15,17:35,
2026-09-22,SA23SWZ,Heywood,Hi-Cube,Stood Not Utilised,0,0,0,,,,,
2026-09-22,SA22LUM,Heywood,3.5 Tonne,Out for Delivery,1,0,12,AO746579,146,06:00,15:50,
2026-09-22,SA25KXF,Heywood,3.5 Tonne,RELOAD PT 2,1,0,13,AO785425,193,06:15,14:50,Sample Mate 097
2026-09-22,SA24WUX,Heywood,3.5 Tonne,Out for Delivery,1,4,18,AO172361,169,08:00,17:35,Sample Mate 107
2026-09-22,SA19GHF,Heywood,3.5 Tonne,Out for Delivery,1,4,20,AO403128,114,07:30,18:35,Sample Mate 044
2026-09-22,SA21VAL,Heywood,3.5 Tonne,RELOAD PT 2,1,0,21,AO250673,121,07:30,17:20,
2026-09-22,SA23BVR,Heywood,3.5 Tonne,Out for Delivery,1,1,20,AO346793,159,07:45,15:35,
2026-09-22,SA24UTB,Larkhall,3.5 Tonne,Stood Not Utilised,0,0,0,,,,,
2026-09-22,SA19AAK,Larkhall,Hi-Cube,Out for Delivery,1,0,22,AO648596,123,07:30,15:20,
2026-09-22,SA19FOW,Larkhall,Hi-Cube,Out for Delivery,1,2,12,AO401979,131,06:15,13:20,Sample Mate 007
2026-09-22,SA19MYE,Larkhall,Hi-Cube,RELOAD PT 2,1,0,8,AO687514,180,06:00,17:20,Sample Mate 003
2026-09-22,SA19SSR,Larkhall,3.5 Tonne,RELOAD PT 2,1,0,9,AO317838,176,07:30,17:35,Sample Mate 024
2026-09-22,SA20SBV,Larkhall,3.5 Tonne,Out for Delivery,1,3,21,AO349247,161,07:00,16:35,Sample Mate 020
2026-09-22,SA21JDG,Larkhall,3.5 Tonne,Out for Delivery,1,0,11,AO201923,108,07:45,15:20,Sample Mate 098
2026-09-22,SA25OEB,Basildon,3.5 Tonne,Stood Not Utilised,0,0,0,,,,,
2026-09-22,SA20DZU,Basildon,3.5 Tonne,RELOAD PT 2,1,0,9,AO611725,165,06:15,15:35,Sample Mate 055
2026-09-22,SA19XOT,Basildon,3.5 Tonne,Out for Delivery,1,2,12,AO957059,164,06:30,16:50,
2026-09-22,SA21FMO,Basildon,3.5 Tonne,VOR,0,0,0,,,,,
2026-09-22,SA24GBF,Basildon,Hi-Cube,Out for Delivery,1,0,13,AO824612,186,06:00,17:20,
2026-09-22,SA25RNO,Basildon,Hi-Cube,RELOAD PT 2,1,2,11,AO386055,108,06:00,13:35,
2026-09-22,SA19XZU,Outside HDV Network,Hi-Cube,Out for Delivery,1,4,12,AO677279,149,06:00,14:35,
2026-09-22,SA19LMO,Outside HDV Network,3.5 Tonne,Stood Not Utilised,0,0,0,,,,,
2026-09-22,SA24CXH,Outside HDV Network,3.5 Tonne,Out for Delivery,1,2,8,AO109112,106,08:15,15:35,Sample Mate 045
2026-09-22,SA24ACZ,Outside HDV Network,3.5 Tonne,Stood Not Utilised,0,0,0,,,,,
2026-09-22,SA20EXZ,Fareham,3.5 Tonne,Out for Delivery,1,0,8,AO700920,161,06:00,15:35,Sample Mate 109
2026-09-22,SA21GBX,Fareham,3.5 Tonne,Out for Delivery,1,2,11,AO562508,112,07:00,18:05,
2026-09-22,SA19LNB,Fareham,3.5 Tonne,VOR,0,0,0,,,,,
2026-09-22,SA19PGR,Fareham,3.5 Tonne,Stood Not Utilised,0,0,0,,,,,
2026-09-22,SA19WEJ,Avonmouth,Hi-Cube,Out for Delivery,1,2,15,AO903147,143,07:30,14:50,
2026-09-22,SA22DLG,Avonmouth,Hi-Cube,Stood Not Utilised,0,0,0,,,,,
2026-09-22,SA24FWY,Avonmouth,Hi-Cube,Out for Delivery,1,4,22,AO758711,124,08:30,16:20,
2026-09-22,SA23LBS,Crewe,3.5 Tonne,Out for Delivery,1,3,19,AO453902,126,05:15,12:05,
2026-09-22,SA25BSS,Crewe,3.5 Tonne,Out for Delivery,1,1,10,AO842319,137,06:15,16:35,Sample Mate 049
2026-09-22,SA20FBH,Crewe,3.5 Tonne,Out for Delivery,1,2,13,AO624005,189,06:30,16:35,Sample Mate 025
2026-09-22,SA22TSZ,Crewe,3.5 Tonne,Out for Delivery,1,1,20,AO756265,111,05:30,13:05,Sample Mate 016
2026-09-22,SA25DST,Crewe,3.5 Tonne,Out for Delivery,1,0,16,AO722501,174,05:15,12:50,
2026-09-22,SA25XEN,Crewe,3.5 Tonne,Out for Delivery,1,3,10,AO391455,196,08:30,18:05,Sample Mate 039
2026-09-22,SA23BYE,Crewe,3.5 Tonne,VOR,0,0,0,,,,,
2026-09-22,SA19MRR,Crewe,Hi-Cube,Out for Delivery,1,2,16,AO722190,145,07:15,16:20,
2026-09-22,SA24DLU,Crewe,Hi-Cube,Stood Not Utilised,0,0,0,,,,,
2026-09-22,SA25YOS,Crewe,Hi-Cube,Stood,0,0,0,,,,,
2026-09-22,SA19JFP,Crewe,3.5 Tonne,Out for Delivery,1,4,13,AO635437,103,05:15,13:05,Sample Mate 014
2026-09-22,SA25VBZ,Crewe,3.5 Tonne,Out for Delivery,1,2,18,AO390156,194,05:15,12:35,Sample Mate 090
2026-09-22,SA19CNH,Crewe,3.5 Tonne,Out for Delivery,1,3,8,AO675847,192,06:45,17:05,
2026-09-22,SA21DSL,Crewe,3.5 Tonne,Out for Delivery,1,3,17,AO103097,146,07:15,15:05,Sample Mate 001
2026-09-22,SA20UEE,Crewe,3.5 Tonne,VOR,0,0,0,,,,,
2026-09-22,SA19YDC,Crewe,3.5 Tonne,Out for Delivery,1,4,8,AO616004,108,08:30,17:50,Sample Mate 104
2026-09-22,SA22BPZ,Crewe,3.5 Tonne,Out for Delivery,1,3,15,AO970813,193,06:30,15:50,Sample Mate 017
2026-09-22,SA23JPZ,Crewe,Hi-Cube,Out for Delivery,1,4,12,AO849821,132,06:30,16:05,
2026-09-22,SA19ECR,Crewe,Hi-Cube,Out for Delivery,1,4,19,AO525940,134,06:45,17:35,
2026-09-22,SA21HCL,Crewe,Hi-Cube,RELOAD PT 2,1,4,12,AO199848,135,06:30,14:35,
2026-09-22,SA25FMP,Crewe,3.5 Tonne,Out for Delivery,1,2,20,AO703958,115,08:30,16:50,
2026-09-22,SA20CBD,Crewe,3.5 Tonne,Out for Delivery,1,1,13,AO367427,165,05:15,15:20,Sample Mate 118
2026-09-22,SA22BVF,Crewe,3.5 Tonne,RELOAD PT 2,1,0,13,AO995624,156,08:15,19:20,
2026-09-22,SA24UTV,Crewe,3.5 Tonne,Out for Delivery,1,3,16,AO947761,150,06:45,15:05,
2026-09-22,SA19UEA,Crewe,3.5 Tonne,Stood Not Utilised,0,0,0,,,,,
2026-09-22,SA19NNF,Crewe,3.5 Tonne,Out for Delivery,1,0,20,AO966432,183,08:00,19:50,
2026-09-22,SA25GBJ,Crewe,3.5 Tonne,Out for Delivery,1,3,21,AO389134,106,06:45,13:05,Sample Mate 108
2026-09-22,SA24DKG,Crewe,Hi-Cube,Stood Not Utilised,0,0,0,,,,,
2026-09-22,SA25FXR,Crewe,Hi-Cube,Out for Delivery,1,4,19,AO366427,163,07:30,17:05,Sample Mate 079
2026-09-22,SA25GPM,Crewe,Hi-Cube,Out for Delivery,1,2,13,AO589968,107,06:00,13:35,Sample Mate 087
2026-09-22,SA20NMS,Crewe,3.5 Tonne,Out for Delivery,1,0,16,AO924837,147,05:30,12:05,Sample Mate 091
2026-09-22,SA21UZE,Crewe,3.5 Tonne,Out for Delivery,1,2,12,AO340868,116,07:00,16:50,
2026-09-22,SA19ZOT,Crewe,3.5 Tonne,Out for Delivery,1,1,9,AO333179,126,08:15,16:50,Sample Mate 073
2026-09-22,SA21UZJ,Crewe,3.5 Tonne,Stood Not Utilised,0,0,0,,,,,
2026-09-22,SA19TOW,Crewe,3.5 Tonne,Out for Delivery,1,1,18,AO242794,171,08:30,18:20,Sample Mate 054
2026-09-22,SA21DLX,Crewe,3.5 Tonne,Stood Not Utilised,0,0,0,,,,,
2026-09-22,SA22MAN,Crewe,3.5 Tonne,Out for Delivery,1,4,17,AO548233,167,06:45,15:20,Sample Mate 019
2026-09-22,SA20VGF,Crewe,Hi-Cube,Out for Delivery,1,4,13,AO510152,167,06:30,15:35,Sample Mate 006
2026-09-22,SA19XLS,Crossgreen,Hi-Cube,Out for Delivery,1,0,14,AO540929,157,07:30,14:20,Sample Mate 042
2026-09-22,SA21ZDO,Crossgreen,Hi-Cube,VOR,0,0,0,,,,,
2026-09-22,SA21CHE,Crossgreen,3.5 Tonne,Out for Delivery,1,2,8,AO654248,182,06:30,17:05,Sample Mate 119
2026-09-22,SA23DFF,Crossgreen,3.5 Tonne,VOR,0,0,0,,,,,
2026-09-22,SA19NED,Crossgreen,3.5 Tonne,Stood Not Utilised,0,0,0,,,,,
2026-09-22,SA19NWX,Crossgreen,3.5 Tonne,Out for Delivery,1,0,19,AO520701,101,05:30,14:20,Sample Mate 048
2026-09-22,SA25CNY,Crossgreen,3.5 Tonne,Stood Not Utilised,0,0,0,,,,,
2026-09-22,SA23CDN,Crossgreen,3.5 Tonne,Out for Delivery,1,4,22,AO368368,183,05:30,13:50,
2026-09-22,SA19LOX,Crossgreen,3.5 Tonne,Out for Delivery,1,3,21,AO200536,132,05:00,12:50,Sample Mate 067
2026-09-22,SA25CCF,Crossgreen,Hi-Cube,VOR,0,0,0,,,,,
2026-09-22,SA23PMY,Crossgreen,Hi-Cube,VOR,0,0,0,,,,,
2026-09-22,SA20YRS,Crossgreen,Hi-Cube,Out for Delivery,1,2,16,AO712556,133,08:15,15:05,Sample Mate 016
2026-09-22,SA23SMA,Crossgreen,3.5 Tonne,VOR,0,0,0,,,,,
2026-09-22,SA19XKN,Crossgreen,3.5 Tonne,Out for Delivery,1,0,13,AO297181,116,06:45,17:50,
2026-09-22,SA21VER,Crossgreen,3.5 Tonne,Out for Delivery,1,3,10,AO506647,149,06:00,14:50,
2026-09-22,SA19TVB,Stoke,3.5 Tonne,Out for Delivery,1,1,15,AO109923,128,07:15,16:35,
2026-09-22,SA22UUP,Stoke,3.5 Tonne,Stood Not Utilised,0,0,0,,,,,
2026-09-22,SA21UZD,Stoke,3.5 Tonne,RELOAD PT 2,1,4,11,AO423252,119,06:30,15:05,
2026-09-22,SA21CDW,Stoke,3.5 Tonne,Out for Delivery,1,4,21,AO244396,155,08:15,15:50,
2026-09-22,SA21LRE,Stoke,Hi-Cube,RELOAD PT 2,1,1,21,AO387913,154,06:15,13:05,Sample Mate 069
2026-09-22,SA20WLB,Stoke,Hi-Cube,Out for Delivery,1,1,21,AO583405,186,05:00,12:50,Sample Mate 109
2026-09-22,SA24NET,Stoke,Hi-Cube,RELOAD PT 2,1,2,17,AO114545,175,05:00,12:50,
2026-09-22,SA23ZOM,Stoke,3.5 Tonne,Out for Delivery,1,3,10,AO945413,154,07:00,15:05,
2026-09-22,SA25WUH,Stoke,3.5 Tonne,VOR,0,0,0,,,,,
2026-09-22,SA20GUD,Stoke,3.5 Tonne,Out for Delivery,1,2,10,AO567763,175,07:00,16:35,Sample Mate 008
2026-09-22,SA24ZYS,Stoke,3.5 Tonne,VOR,0,0,0,,,,,
2026-09-22,SA19LBV,Stoke,3.5 Tonne,Stood,0,0,0,,,,,
2026-09-22,SA19KFD,Stoke,3.5 Tonne,Out for Delivery,1,4,14,AO945937,105,06:45,15:50,
2026-09-22,SA23BZY,Exeter,3.5 Tonne,Out for Delivery,1,3,21,AO269709,186,07:30,17:05,Sample Mate 046
2026-09-22,SA19ZDR,Exeter,Hi-Cube,Out for Delivery,1,0,9,AO293109,158,06:00,15:05,Sample Mate 020
2026-09-22,SA19JLV,Exeter,Hi-Cube,Out for Delivery,1,1,17,AO696384,105,06:45,13:50,
2026-09-22,SA20HPY,Exeter,Hi-Cube,RELOAD PT 2,1,4,19,AO586808,185,06:30,13:20,
2026-09-22,SA22EVO,Exeter,3.5 Tonne,Stood,0,0,0,,,,,
2026-09-22,SA24CLV,Exeter,3.5 Tonne,Stood Not Utilised,0,0,0,,,,,
2026-09-22,SA22TYE,Exeter,3.5 Tonne,Out for Delivery,1,2,22,AO558315,188,06:45,14:50,Sample Mate 057
2026-09-22,SA21ALE,Exeter,3.5 Tonne,Out for Delivery,1,4,11,AO172085,134,06:15,17:05,Sample Mate 026
2026-09-22,SA20DZV,Exeter,3.5 Tonne,Out for Delivery,1,2,21,AO501126,132,08:45,15:05,
2026-09-22,SA19TKZ,Exeter,3.5 Tonne,Out for Delivery,1,1,13,AO197223,187,05:00,14:05,
2026-09-22,SA24UBW,Exeter,3.5 Tonne,VOR,0,0,0,,,,,
2026-09-22,SA22DLT,Exeter,Hi-Cube,Out for Delivery,1,4,19,AO231399,107,07:45,15:35,Sample Mate 044
2026-09-22,SA20AMK,Coventry,Hi-Cube,Out for Delivery,1,1,21,AO486363,179,08:00,16:20,
2026-09-22,SA20TRB,Coventry,Hi-Cube,Out for Delivery,1,1,11,AO612832,146,06:15,14:20,
2026-09-22,SA21YHN,Coventry,3.5 Tonne,Stood,0,0,0,,,,,
2026-09-22,SA25OFL,Coventry,3.5 Tonne,Out for Delivery,1,2,21,AO695758,104,08:15,15:05,Sample Mate 026
2026-09-22,SA25GVF,Coventry,3.5 Tonne,Stood Not Utilised,0,0,0,,,,,
2026-09-22,SA25HHH,Coventry,3.5 Tonne,Out for Delivery,1,1,11,AO726864,129,07:30,17:20,Sample Mate 120
2026-09-22,SA22UNE,Coventry,3.5 Tonne,VOR,0,0,0,,,,,
2026-09-22,SA23JZS,Coventry,3.5 Tonne,Stood Not Utilised,0,0,0,,,,,
2026-09-22,SA22BPB,Coventry,3.5 Tonne,Out for Delivery,1,1,19,AO683413,164,05:45,12:50,
2026-09-22,SA25ARM,Coventry,Hi-Cube,Out for Delivery,1,1,17,AO654018,156,05:15,12:20,
2026-09-22,SA22WDT,Coventry,Hi-Cube,Out for Delivery,1,1,11,AO212279,193,06:15,14:05,
2026-09-22,SA22MSC,Potters-Bar,Hi-Cube,Out for Delivery,1,3,10,AO637808,160,06:45,16:05,
2026-09-22,SA22ZWZ,Potters-Bar,3.5 Tonne,Out for Delivery,1,3,15,AO646749,110,07:45,15:20,Sample Mate 107
2026-09-22,SA23RZJ,Potters-Bar,3.5 Tonne,Out for Delivery,1,1,9,AO722718,158,05:00,13:35,
2026-09-22,SA22OTU,Potters-Bar,3.5 Tonne,Stood Not Utilised,0,0,0,,,,,
2026-09-22,SA21FCH,Potters-Bar,3.5 Tonne,VOR,0,0,0,,,,,
2026-09-22,SA20PCO,Potters-Bar,3.5 Tonne,Stood,0,0,0,,,,,
2026-09-22,SA25BFB,Potters-Bar,3.5 Tonne,Out for Delivery,1,1,11,AO680069,155,08:15,16:05,
2026-09-22,SA19DRJ,Potters-Bar,3.5 Tonne,Out for Delivery,1,0,18,AO243361,191,06:00,13:35,Sample Mate 006
2026-09-22,SA23EWM,Potters-Bar,Hi-Cube,Out for Delivery,1,2,9,AO324374,194,06:30,13:35,
2026-09-22,SA20UTN,Potters-Bar,Hi-Cube,Out for Delivery,1,2,11,AO254530,178,08:45,15:20,Sample Mate 052
2026-09-22,SA21VHW,Potters-Bar,Hi-Cube,Out for Delivery,1,4,19,AO188962,198,06:30,16:20,Sample Mate 105
2026-09-22,SA24EGM,Gravesend,3.5 Tonne,Stood Not Utilised,0,0,0,,,,,
2026-09-22,SA20USA,Gravesend,3.5 Tonne,Out for Delivery,1,3,8,AO276857,145,06:45,13:05,
2026-09-22,SA21DKO,Gravesend,3.5 Tonne,Stood Not Utilised,0,0,0,,,,,
2026-09-22,SA21VKR,Gravesend,3.5 Tonne,Stood Not Utilised,0,0,0,,,,,
2026-09-22,SA24WSV,Gravesend,3.5 Tonne,Stood,0,0,0,,,,,
2026-09-22,SA22TVT,Gravesend,3.5 Tonne,Out for Delivery,1,4,9,AO332148,101,05:00,13:05,Sample Mate 114
2026-09-22,SA22OKR,Gravesend,3.5 Tonne,Stood Not Utilised,0,0,0,,,,,
2026-09-22,SA24YXV,Gravesend,Hi-Cube,Out for Delivery,1,1,19,AO147696,169,05:30,15:50,
2026-09-22,SA23ZEG,Gravesend,Hi-Cube,Out for Delivery,1,4,16,AO722316,162,06:00,14:05,Sample Mate 060
2026-09-22,SA25HWN,Gravesend,Hi-Cube,Stood,0,0,0,,,,,
2026-09-22,SA23HXN,Gravesend,3.5 Tonne,Out for Delivery,1,1,8,AO178118,186,06:45,17:05,
2026-09-22,SA20CKP,Yaxley,3.5 Tonne,Stood Not Utilised,0,0,0,,,,,
2026-09-22,SA22NUY,Yaxley,3.5 Tonne,Out for Delivery,1,3,22,AO214201,133,06:15,16:20,
2026-09-22,SA25DXX,Yaxley,3.5 Tonne,Out for Delivery,1,4,10,AO664973,177,06:15,15:20,
2026-09-22,SA20TPF,Yaxley,3.5 Tonne,Out for Delivery,1,3,16,AO610014,130,07:30,17:20,Sample Mate 100
2026-09-22,SA20JNS,Yaxley,3.5 Tonne,Out for Delivery,1,0,21,AO802197,112,08:30,16:05,
2026-09-22,SA21LKC,Yaxley,3.5 Tonne,VOR,0,0,0,,,,,
2026-09-22,SA23CEV,Yaxley,Hi-Cube,Out for Delivery,1,1,21,AO384644,149,06:45,17:50,Sample Mate 014
2026-09-22,SA19TEY,Yaxley,Hi-Cube,Out for Delivery,1,3,22,AO379684,195,08:45,18:05,Sample Mate 098
2026-09-22,SA23VWZ,Yaxley,Hi-Cube,Out for Delivery,1,0,15,AO705534,145,06:45,16:05,
2026-09-22,SA23YPM,Yaxley,3.5 Tonne,Out for Delivery,1,4,12,AO443243,109,05:30,15:05,
2026-09-22,SA21CTP,Luton,3.5 Tonne,Out for Delivery,1,4,10,AO182447,120,06:15,13:20,Sample Mate 003
2026-09-22,SA20HOW,Luton,3.5 Tonne,Stood,0,0,0,,,,,
2026-09-22,SA23XGS,Luton,3.5 Tonne,VOR,0,0,0,,,,,
2026-09-22,SA25FZR,Luton,3.5 Tonne,Out for Delivery,1,3,20,AO445947,195,06:30,16:20,
2026-09-22,SA24TBJ,Luton,3.5 Tonne,Out for Delivery,1,0,8,AO832213,177,08:45,19:50,
2026-09-22,SA21RWX,Luton,3.5 Tonne,Out for Delivery,1,1,12,AO946126,149,06:00,17:05,Sample Mate 077
2026-09-22,SA25ZDS,Luton,Hi-Cube,Out for Delivery,1,3,13,AO772532,189,08:15,17:05,Sample Mate 078
2026-09-22,SA21BSM,Luton,Hi-Cube,Out for Delivery,1,0,13,AO305026,162,06:15,15:50,Sample Mate 004
2026-09-22,SA21LYC,Luton,Hi-Cube,Out for Delivery,1,3,21,AO411493,161,06:45,13:50,Sample Mate 039
2026-09-22,SA23UUX,Luton,3.5 Tonne,Out for Delivery,1,2,10,AO566917,191,06:30,14:35,
2026-09-22,SA25HTE,Newport,3.5 Tonne,Stood Not Utilised,0,0,0,,,,,
2026-09-22,SA20YYE,Newport,3.5 Tonne,Out for Delivery,1,3,11,AO894414,115,05:00,14:20,
2026-09-22,SA25HKJ,Newport,3.5 Tonne,RELOAD PT 2,1,0,20,AO727633,186,08:15,16:20,
2026-09-22,SA23EPZ,Newport,3.5 Tonne,Out for Delivery,1,1,11,AO608923,197,08:30,16:35,Sample Mate 069
2026-09-22,SA21NVS,Newport,3.5 Tonne,RELOAD PT 2,1,1,17,AO217167,129,08:30,18:05,
2026-09-22,SA20TYO,Newport,3.5 Tonne,VOR,0,0,0,,,,,
2026-09-22,SA19MCG,Newport,Hi-Cube,Out for Delivery,1,0,12,AO451708,110,06:45,13:50,Sample Mate 060
2026-09-22,SA25BMC,Newport,Hi-Cube,VOR,0,0,0,,,,,
2026-09-22,SA21KRA,Newport,Hi-Cube,Stood Not Utilised,0,0,0,,,,,
2026-09-22,SA19DRA,Newport,3.5 Tonne,Out for Delivery,1,2,15,AO137523,143,07:45,14:50,Sample Mate 005
2026-09-22,SA20GDO,Spennymoor,3.5 Tonne,Stood,0,0,0,,,,,
2026-09-22,SA20PDC,Spennymoor,3.5 Tonne,Out for Delivery,1,2,16,AO611879,145,07:15,17:05,Sample Mate 030
2026-09-22,SA20XTS,Spennymoor,3.5 Tonne,Stood Not Utilised,0,0,0,,,,,
2026-09-22,SA21MOH,Spennymoor,3.5 Tonne,Out for Delivery,1,1,10,AO582162,170,05:45,14:05,Sample Mate 011
2026-09-22,SA23SYT,Spennymoor,3.5 Tonne,Out for Delivery,1,3,21,AO451809,161,05:00,16:05,Sample Mate 027
2026-09-22,SA23HWK,Spennymoor,3.5 Tonne,Out for Delivery,1,3,14,AO426107,174,06:00,14:05,Sample Mate 100
2026-09-22,SA23KYB,Spennymoor,Hi-Cube,Stood Not Utilised,0,0,0,,,,,
2026-09-22,SA24VPW,Crewe,18 Tonne,Out for Delivery,1,3,19,AO995183,188,05:15,12:35,Sample Mate 006
2026-09-22,SA19DSG,Crewe,18 Tonne,Out for Delivery,1,0,9,AO688724,190,06:15,15:50,
2026-09-22,SA24SHG,Crewe,18 Tonne,Out for Delivery,1,4,22,AO920670,188,06:00,13:35,
2026-09-22,SA23MDE,Crewe,18 Tonne,Out for Delivery,1,3,10,AO422775,145,08:15,19:05,Sample Mate 002
2026-09-22,SA25ZDT,Crewe,18 Tonne,Out for Delivery,1,0,10,AO209955,144,06:30,17:20,
2026-09-22,SA23SWO,Crewe,18 Tonne,Out for Delivery,1,1,19,AO351112,192,08:45,16:50,Sample Mate 050
2026-09-22,SA24RVH,Crewe,18 Tonne,Out for Delivery,1,2,20,AO251039,156,08:45,18:35,
2026-09-22,SA20NEV,Crewe,18 Tonne,Out for Delivery,1,2,12,AO295332,191,06:15,13:50,
2026-09-22,SA21XVA,Crewe,18 Tonne,Out for Delivery,1,1,16,AO291710,143,06:30,16:20,
2026-09-22,SA22LYH,Crewe,18 Tonne,Out for Delivery,1,1,18,AO650886,124,08:15,15:35,
2026-09-22,SA21JTW,Crewe,18 Tonne,Stood Not Utilised,0,0,0,,,,,
2026-09-22,SA21XVX,Crewe,18 Tonne,Out for Delivery,1,2,8,AO548761,125,06:00,16:20,Sample Mate 112
2026-09-22,SA23RCF,Crewe,18 Tonne,Out for Delivery,1,3,13,AO347003,199,06:30,17:20,
2026-09-22,SA25RMO,Crewe,18 Tonne,Out for Delivery,1,0,8,AO277396,170,06:30,16:50,Sample Mate 116
2026-09-22,SA24LJW,Crewe,18 Tonne,Stood Not Utilised,0,0,0,,,,,
2026-09-22,SA20OWC,Crewe,18 Tonne,Out for Delivery,1,1,19,AO458858,124,08:45,16:35,
2026-09-22,SA19DBD,Crewe,18 Tonne,Stood,0,0,0,,,,,
2026-09-22,SA24LDP,Crewe,18 Tonne,Out for Delivery,1,2,19,AO931980,158,07:45,18:20,
2026-09-22,SA23KXZ,Crewe,18 Tonne,Out for Delivery,1,0,15,AO864684,126,05:00,12:20,
2026-09-22,SA21ODB,Crewe,18 Tonne,VOR,0,0,0,,,,,
2026-09-22,SA24FBZ,Crewe,18 Tonne,Stood Not Utilised,0,0,0,,,,,
2026-09-22,SA21TMJ,Crewe,18 Tonne,Out for Delivery,1,1,14,AO134248,156,07:30,16:05,
2026-09-22,SA24HBV,Crewe,18 Tonne,Out for Delivery,1,0,13,AO804557,145,06:30,16:20,Sample Mate 075
2026-09-22,SA24OKB,Crewe,18 Tonne,Out for Delivery,1,3,13,AO367039,115,06:00,15:20,Sample Mate 061
2026-09-22,SA24VYR,Crewe,18 Tonne,Out for Delivery,1,3,13,AO211140,158,07:45,16:20,
2026-09-22,SA24MCW,Crewe,18 Tonne,RELOAD PT 2,1,3,20,AO658113,188,08:15,19:20,Sample Mate 117
2026-09-22,SA20RLP,Crewe,18 Tonne,Stood,0,0,0,,,,,
2026-09-22,SA19CBG,Crewe,18 Tonne,Out for Delivery,1,3,18,AO435178,130,06:30,17:35,
2026-09-22,SA19PMX,Crewe,18 Tonne,Out for Delivery,1,2,16,AO608430,136,06:15,17:05,Sample Mate 103
2026-09-22,SA21LXC,Crewe,18 Tonne,VOR,0,0,0,,,,,
2026-09-22,SA25TBJ,Crewe,18 Tonne,VOR,0,0,0,,,,,
2026-09-22,SA22PJY,Crewe,18 Tonne,VOR,0,0,0,,,,,
2026-09-22,SA21TOM,Crossgreen,18 Tonne,VOR,0,0,0,,,,,
2026-09-22,SA24KJN,Crossgreen,18 Tonne,Stood Not Utilised,0,0,0,,,,,
2026-09-22,SA21KTM,Crossgreen,18 Tonne,Out for Delivery,1,1,15,AO817856,157,07:15,16:35,
2026-09-22,SA23NYF,Crossgreen,18 Tonne,VOR,0,0,0,,,,,
2026-09-22,SA21VPR,Crossgreen,18 Tonne,Stood Not Utilised,0,0,0,,,,,
2026-09-22,SA19UCD,Crossgreen,18 Tonne,VOR,0,0,0,,,,,
2026-09-22,SA19KFZ,Crossgreen,18 Tonne,Out for Delivery,1,4,16,AO439849,175,05:00,16:35,
2026-09-22,SA22PNW,Crossgreen,18 Tonne,Out for Delivery,1,0,12,AO562627,158,06:30,13:35,
2026-09-22,SA20GGO,Crossgreen,18 Tonne,Out for Delivery,1,3,16,AO915738,198,06:15,15:20,Sample Mate 059
2026-09-22,SA24KNV,Crossgreen,18 Tonne,Out for Delivery,1,1,17,AO986987,170,07:00,14:20,Sample Mate 113
2026-09-22,SA23UJX,Crossgreen,18 Tonne,Out for Delivery,1,0,15,AO323543,171,07:15,16:20,Sample Mate 044
2026-09-22,SA24ZDJ,Crossgreen,18 Tonne,Out for Delivery,1,2,20,AO897658,113,07:15,16:05,
2026-09-22,SA24CYO,Crossgreen,18 Tonne,VOR,0,0,0,,,,,
2026-09-22,SA19GCZ,Crossgreen,18 Tonne,Out for Delivery,1,1,15,AO188674,113,05:45,13:20,
2026-09-22,SA24XKP,Crossgreen,18 Tonne,Out for Delivery,1,3,8,AO598360,137,06:00,16:20,
2026-09-22,SA20MNW,Stoke,18 Tonne,VOR,0,0,0,,,,,
2026-09-22,SA21LTS,Stoke,18 Tonne,Out for Delivery,1,2,19,AO189995,116,06:15,13:20,
2026-09-22,SA21JWU,Stoke,18 Tonne,Stood Not Utilised,0,0,0,,,,,
2026-09-22,SA22MPO,Stoke,18 Tonne,Out for Delivery,1,1,15,AO892962,180,06:30,14:50,Sample Mate 030
2026-09-22,SA23FGZ,Stoke,18 Tonne,RELOAD PT 2,1,3,14,AO649967,137,05:45,16:50,
2026-09-22,SA19AHK,Stoke,18 Tonne,Out for Delivery,1,1,16,AO257678,114,06:00,16:05,
2026-09-22,SA22PLL,Stoke,18 Tonne,Out for Delivery,1,1,17,AO340430,116,08:00,18:05,Sample Mate 018
2026-09-22,SA25ZSG,Stoke,18 Tonne,Out for Delivery,1,3,15,AO702171,183,05:00,13:20,Sample Mate 046
2026-09-22,SA25GNY,Stoke,18 Tonne,Out for Delivery,1,0,10,AO685928,182,06:30,16:35,
2026-09-22,SA19STN,Stoke,18 Tonne,Out for Delivery,1,2,20,AO962386,186,05:45,14:20,Sample Mate 065
2026-09-22,SA24VMA,Stoke,18 Tonne,RELOAD PT 2,1,0,14,AO616214,147,06:00,13:35,
2026-09-22,SA20KVE,Stoke,18 Tonne,Out for Delivery,1,3,18,AO147646,108,06:45,16:05,
2026-09-22,SA25XBH,Stoke,18 Tonne,Stood,0,0,0,,,,,
2026-09-22,SA22ECK,Exeter,18 Tonne,RELOAD PT 2,1,2,22,AO202247,180,08:45,19:05,
2026-09-22,SA23XWV,Exeter,18 Tonne,VOR,0,0,0,,,,,
2026-09-22,SA24BVV,Exeter,18 Tonne,Out for Delivery,1,1,16,AO562475,190,08:00,18:35,
2026-09-22,SA22GKH,Exeter,18 Tonne,Out for Delivery,1,3,13,AO391797,172,08:45,18:50,Sample Mate 022
2026-09-22,SA23KXY,Exeter,18 Tonne,Out for Delivery,1,4,17,AO991488,178,06:00,14:50,Sample Mate 101
2026-09-22,SA24SGK,Exeter,18 Tonne,Out for Delivery,1,2,10,AO325567,167,05:00,12:35,Sample Mate 084
2026-09-22,SA25VWR,Exeter,18 Tonne,Out for Delivery,1,2,10,AO109891,112,08:15,19:50,
2026-09-22,SA19UUP,Exeter,18 Tonne,Out for Delivery,1,4,19,AO155431,187,08:30,18:35,
2026-09-22,SA23GVU,Exeter,18 Tonne,RELOAD PT 2,1,0,14,AO591937,186,06:30,13:35,Sample Mate 083
2026-09-22,SA19NLA,Exeter,18 Tonne,Out for Delivery,1,3,10,AO244394,180,06:30,13:20,
2026-09-22,SA23ALA,Exeter,18 Tonne,Out for Delivery,1,2,9,AO192242,114,08:15,18:50,
2026-09-22,SA19OYK,Exeter,18 Tonne,Out for Delivery,1,2,14,AO130422,115,06:00,16:05,
2026-09-22,SA24KOK,Coventry,18 Tonne,Out for Delivery,1,3,18,AO439197,160,08:30,16:35,Sample Mate 005
2026-09-22,SA22YJZ,Coventry,18 Tonne,RELOAD PT 2,1,3,13,AO515389,111,06:30,15:35,Sample Mate 028
2026-09-22,SA22BHS,Coventry,18 Tonne,Out for Delivery,1,2,17,AO902610,162,08:00,15:35,
2026-09-22,SA24SEK,Coventry,18 Tonne,Out for Delivery,1,4,13,AO482984,130,08:30,16:05,
2026-09-22,SA22XYU,Coventry,18 Tonne,Out for Delivery,1,0,21,AO725560,105,06:45,13:35,Sample Mate 085
2026-09-22,SA24TRA,Coventry,18 Tonne,Stood Not Utilised,0,0,0,,,,,
2026-09-22,SA20EMJ,Coventry,18 Tonne,Stood Not Utilised,0,0,0,,,,,
2026-09-22,SA22XTZ,Coventry,18 Tonne,Stood Not Utilised,0,0,0,,,,,
2026-09-22,SA25JMV,Coventry,18 Tonne,Out for Delivery,1,4,20,AO754558,195,05:30,14:20,Sample Mate 108
2026-09-22,SA23OFT,Coventry,18 Tonne,Out for Delivery,1,2,20,AO443786,152,06:30,14:05,
2026-09-22,SA24MFS,Coventry,18 Tonne,Out for Delivery,1,1,17,AO370671,161,06:30,16:05,
2026-09-22,SA24NEL,Potters-Bar,18 Tonne,Stood Not Utilised,0,0,0,,,,,
2026-09-22,SA21ERL,Potters-Bar,18 Tonne,Out for Delivery,1,2,21,AO988145,107,05:30,16:50,
2026-09-22,SA25UXF,Potters-Bar,18 Tonne,Stood Not Utilised,0,0,0,,,,,
2026-09-22,SA25BTB,Potters-Bar,18 Tonne,Out for Delivery,1,4,11,AO397694,190,06:00,14:35,
2026-09-22,SA20YDC,Potters-Bar,18 Tonne,RELOAD PT 2,1,2,15,AO898360,159,05:00,12:35,
2026-09-22,SA19EXF,Potters-Bar,18 Tonne,Out for Delivery,1,2,15,AO598704,126,06:30,15:35,Sample Mate 023
2026-09-22,SA25CLX,Potters-Bar,18 Tonne,Out for Delivery,1,4,21,AO267488,198,06:00,15:50,Sample Mate 023
2026-09-22,SA22PGP,Potters-Bar,18 Tonne,Out for Delivery,1,0,10,AO250025,159,06:30,17:50,Sample Mate 013
2026-09-22,SA21KZG,Potters-Bar,18 Tonne,Out for Delivery,1,1,18,AO498563,106,06:45,13:05,
2026-09-22,SA19TOJ,Potters-Bar,18 Tonne,Out for Delivery,1,4,9,AO613247,107,08:00,16:50,Sample Mate 107
2026-09-22,SA21ZLW,Potters-Bar,18 Tonne,Stood Not Utilised,0,0,0,,,,,
2026-09-22,SA23TER,Gravesend,18 Tonne,Out for Delivery,1,0,16,AO242958,172,07:45,14:05,Sample Mate 051
2026-09-22,SA24GBN,Gravesend,18 Tonne,Out for Delivery,1,0,11,AO773975,105,08:15,17:35,
2026-09-22,SA19YVJ,Gravesend,18 Tonne,Out for Delivery,1,4,9,AO728107,179,05:15,13:20,
2026-09-22,SA24PTO,Gravesend,18 Tonne,Out for Delivery,1,1,9,AO719418,140,07:45,16:05,Sample Mate 050
2026-09-22,SA22SAD,Gravesend,18 Tonne,Stood Not Utilised,0,0,0,,,,,
2026-09-22,SA20LGB,Gravesend,18 Tonne,VOR,0,0,0,,,,,
2026-09-22,SA22DNE,Gravesend,18 Tonne,Out for Delivery,1,1,8,AO297041,136,05:15,14:05,
2026-09-22,SA24OLT,Gravesend,18 Tonne,Out for Delivery,1,4,15,AO439964,147,06:30,17:35,Sample Mate 016
2026-09-22,SA19JZN,Gravesend,18 Tonne,Out for Delivery,1,2,20,AO434552,191,07:15,17:05,
2026-09-22,SA22MOL,Gravesend,18 Tonne,RELOAD PT 2,1,4,15,AO431505,174,06:15,16:35,Sample Mate 023
2026-09-22,SA25MPS,Gravesend,18 Tonne,Out for Delivery,1,1,10,AO142587,179,05:45,15:35,
2026-09-22,SA23OPY,Yaxley,18 Tonne,Stood Not Utilised,0,0,0,,,,,
2026-09-22,SA20ATG,Yaxley,18 Tonne,Out for Delivery,1,4,16,AO776583,141,05:00,13:50,
2026-09-22,SA23MME,Yaxley,18 Tonne,Out for Delivery,1,4,13,AO784549,102,06:15,16:05,
2026-09-22,SA21TSL,Yaxley,18 Tonne,Stood Not Utilised,0,0,0,,,,,
2026-09-22,SA21FDE,Yaxley,18 Tonne,Stood,0,0,0,,,,,
2026-09-22,SA25LMC,Yaxley,18 Tonne,RELOAD PT 2,1,4,11,AO784113,189,08:15,17:50,Sample Mate 087
2026-09-22,SA20HEP,Yaxley,18 Tonne,Out for Delivery,1,0,17,AO932524,129,08:15,17:50,Sample Mate 090
2026-09-22,SA24BEW,Yaxley,18 Tonne,Stood Not Utilised,0,0,0,,,,,
2026-09-22,SA22FUD,Yaxley,18 Tonne,Out for Delivery,1,3,9,AO382067,124,06:00,16:20,
2026-09-22,SA19XKR,Yaxley,18 Tonne,VOR,0,0,0,,,,,
2026-09-22,SA20CLC,Luton,18 Tonne,Stood,0,0,0,,,,,
2026-09-22,SA21YYZ,Luton,18 Tonne,Out for Delivery,1,0,15,AO282958,171,06:45,14:20,Sample Mate 012
2026-09-22,SA20PTN,Luton,18 Tonne,Stood Not Utilised,0,0,0,,,,,
2026-09-22,SA19ZVG,Luton,18 Tonne,Out for Delivery,1,0,11,AO403767,114,06:00,17:50,Sample Mate 089
2026-09-22,SA23DMW,Luton,18 Tonne,Out for Delivery,1,0,19,AO302391,181,07:00,18:20,
2026-09-22,SA25NDT,Luton,18 Tonne,Out for Delivery,1,1,18,AO523203,188,07:00,16:05,
2026-09-22,SA19MLK,Luton,18 Tonne,Stood Not Utilised,0,0,0,,,,,
2026-09-22,SA22DYV,Luton,18 Tonne,Out for Delivery,1,2,18,AO459774,181,08:15,17:35,Sample Mate 104
2026-09-22,SA25NUR,Luton,18 Tonne,Out for Delivery,1,2,15,AO420513,159,08:15,17:20,Sample Mate 038
2026-09-22,SA23XJU,Luton,18 Tonne,Out for Delivery,1,2,21,AO537271,119,08:45,16:35,
2026-09-22,SA21XEB,Newport,18 Tonne,VOR,0,0,0,,,,,
2026-09-22,SA22FFM,Newport,18 Tonne,Stood Not Utilised,0,0,0,,,,,
2026-09-22,SA21EKH,Newport,18 Tonne,Out for Delivery,1,0,21,AO689907,185,08:15,16:50,Sample Mate 003
2026-09-22,SA22ULC,Newport,18 Tonne,Out for Delivery,1,2,12,AO981526,181,06:00,15:05,Sample Mate 046
2026-09-22,SA24AVF,Newport,18 Tonne,Stood Not Utilised,0,0,0,,,,,
2026-09-22,SA23SWN,Newport,18 Tonne,Out for Delivery,1,4,14,AO278626,173,06:15,17:50,Sample Mate 074
2026-09-22,SA23UCW,Newport,18 Tonne,Out for Delivery,1,0,11,AO225017,135,07:00,14:20,
2026-09-22,SA23GLU,Newport,18 Tonne,Out for Delivery,1,0,11,AO703609,194,05:30,15:05,
2026-09-22,SA24LHH,Newport,18 Tonne,Out for Delivery,1,1,19,AO883934,179,06:15,13:20,
2026-09-22,SA21DOM,Newport,18 Tonne,VOR,0,0,0,,,,,
2026-09-22,SA20AGS,Spennymoor,18 Tonne,Out for Delivery,1,0,18,AO460566,193,06:15,13:20,
2026-09-22,SA20MVR,Spennymoor,18 Tonne,Out for Delivery,1,3,22,AO927934,132,08:45,17:05,
2026-09-22,SA24GNS,Spennymoor,18 Tonne,Out for Delivery,1,0,10,AO361495,108,06:30,13:50,Sample Mate 068
2026-09-22,SA19PVX,Spennymoor,18 Tonne,Out for Delivery,1,4,13,AO649071,196,06:00,15:50,
2026-09-22,SA21FCG,Spennymoor,18 Tonne,Stood Not Utilised,0,0,0,,,,,
2026-09-22,SA21FTL,Spennymoor,18 Tonne,Out for Delivery,1,4,14,AO335407,184,08:30,17:35,
2026-09-22,SA22XNK,Spennymoor,18 Tonne,Stood Not Utilised,0,0,0,,,,,
2026-09-22,SA21JCW,Spennymoor,18 Tonne,Out for Delivery,1,0,12,AO922593,117,08:45,19:05,
2026-09-22,SA25AYD,Spennymoor,18 Tonne,Out for Delivery,1,1,14,AO539383,183,05:45,14:50,Sample Mate 027
2026-09-22,SA21PLX,Spennymoor,18 Tonne,Stood Not Utilised,0,0,0,,,,,
2026-09-22,SA21VDP,Dundee,18 Tonne,Out for Delivery,1,0,13,AO436800,146,08:00,16:35,Sample Mate 022
2026-09-22,SA19PXJ,Dundee,18 Tonne,Out for Delivery,1,4,20,AO732750,179,08:00,16:35,Sample Mate 119
2026-09-22,SA19ERR,Dundee,18 Tonne,Out for Delivery,1,2,14,AO739877,118,08:00,16:35,
2026-09-22,SA25MCD,Dundee,18 Tonne,Out for Delivery,1,2,20,AO196242,113,07:30,15:50,Sample Mate 088
2026-09-22,SA23BFC,Dundee,18 Tonne,Out for Delivery,1,1,22,AO666376,121,07:45,18:20,
2026-09-22,SA20ENJ,Dundee,18 Tonne,Stood Not Utilised,0,0,0,,,,,
2026-09-22,SA24GLE,Dundee,18 Tonne,Out for Delivery,1,2,20,AO994938,145,07:15,18:05,
2026-09-22,SA23XPJ,Dundee,18 Tonne,VOR,0,0,0,,,,,
2026-09-22,SA23HRO,Dundee,18 Tonne,Out for Delivery,1,1,8,AO507424,189,07:15,16:20,Sample Mate 076
2026-09-22,SA23MCX,Crawley,18 Tonne,Out for Delivery,1,1,16,AO538551,140,06:45,17:20,
2026-09-22,SA24COE,Crawley,18 Tonne,Stood Not Utilised,0,0,0,,,,,
2026-09-22,SA23RVC,Crawley,18 Tonne,Out for Delivery,1,0,10,AO700137,156,07:45,18:35,Sample Mate 113
2026-09-22,SA25SCH,Crawley,18 Tonne,Out for Delivery,1,1,17,AO717251,171,06:30,15:50,Sample Mate 011
2026-09-22,SA22MSZ,Crawley,18 Tonne,Out for Delivery,1,2,19,AO770575,104,06:15,14:35,Sample Mate 070
2026-09-22,SA21NSP,Crawley,18 Tonne,VOR,0,0,0,,,,,
2026-09-22,SA19EWH,Crawley,18 Tonne,Out for Delivery,1,0,14,AO915694,193,07:45,16:50,
2026-09-22,SA22YNN,Crawley,18 Tonne,VOR,0,0,0,,,,,
2026-09-22,SA23PKA,Heywood,18 Tonne,Out for Delivery,1,4,16,AO820202,164,05:30,15:05,Sample Mate 097
2026-09-22,SA23EAU,Heywood,18 Tonne,Out for Delivery,1,1,14,AO953625,197,06:45,14:20,Sample Mate 015
2026-09-22,SA20NON,Heywood,18 Tonne,Out for Delivery,1,0,18,AO961184,150,06:45,16:35,
2026-09-22,SA21GLB,Heywood,18 Tonne,Out for Delivery,1,1,16,AO580904,156,06:30,13:50,Sample Mate 043
2026-09-22,SA21FTY,Heywood,18 Tonne,Out for Delivery,1,2,22,AO359222,161,06:30,14:50,
2026-09-22,SA23ENV,Heywood,18 Tonne,Out for Delivery,1,0,18,AO297466,104,05:15,14:35,
2026-09-22,SA24OWT,Heywood,18 Tonne,Out for Delivery,1,4,9,AO681962,156,08:00,19:35,
2026-09-22,SA22UPK,Heywood,18 Tonne,Out for Delivery,1,4,17,AO643597,187,07:30,18:50,
2026-09-22,SA19SVY,Larkhall,18 Tonne,Stood,0,0,0,,,,,
2026-09-22,SA22NUC,Larkhall,18 Tonne,Out for Delivery,1,0,19,AO163472,125,06:15,15:35,
2026-09-22,SA24TVA,Larkhall,18 Tonne,Out for Delivery,1,4,16,AO161934,159,05:00,15:50,
2026-09-22,SA21EVZ,Larkhall,18 Tonne,Out for Delivery,1,2,13,AO244388,148,05:15,16:20,Sample Mate 004
2026-09-22,SA24BKV,Larkhall,18 Tonne,VOR,0,0,0,,,,,
2026-09-22,SA20BEY,Larkhall,18 Tonne,Stood,0,0,0,,,,,
2026-09-22,SA19YXV,Larkhall,18 Tonne,Stood,0,0,0,,,,,
2026-09-22,SA20VUH,Basildon,18 Tonne,Out for Delivery,1,4,15,AO890235,120,06:45,16:20,
2026-09-22,SA25LMD,Basildon,18 Tonne,Out for Delivery,1,0,11,AO636422,170,07:00,18:35,
2026-09-22,SA25PEK,Basildon,18 Tonne,Out for Delivery,1,1,19,AO412359,195,07:30,18:35,
2026-09-22,SA25ZHN,Basildon,18 Tonne,Out for Delivery,1,1,17,AO446383,170,06:30,15:20,
2026-09-22,SA19DJO,Basildon,18 Tonne,Out for Delivery,1,2,21,AO611862,196,06:00,17:20,
2026-09-22,SA21ZCU,Basildon,18 Tonne,Out for Delivery,1,4,19,AO314303,118,08:45,16:20,
2026-09-22,SA23UKX,Outside HDV Network,18 Tonne,Out for Delivery,1,4,10,AO450216,106,05:15,14:05,Sample Mate 060
2026-09-22,SA20WMN,Outside HDV Network,18 Tonne,Out for Delivery,1,4,14,AO439498,180,07:30,16:35,
2026-09-22,SA24KCG,Outside HDV Network,18 Tonne,Out for Delivery,1,0,14,AO531162,145,06:00,17:05,Sample Mate 017
2026-09-22,SA25FFS,Outside HDV Network,18 Tonne,Out for Delivery,1,1,22,AO559242,107,05:00,15:05,
2026-09-22,SA21PEF,Fareham,18 Tonne,Out for Delivery,1,4,8,AO228735,194,07:00,15:20,Sample Mate 084
2026-09-22,SA25OVW,Fareham,18 Tonne,Out for Delivery,1,3,21,AO284023,110,06:15,14:20,Sample Mate 087
2026-09-22,SA23DDN,Fareham,18 Tonne,Out for Delivery,1,4,17,AO626930,175,06:00,15:05,Sample Mate 071
2026-09-22,SA19SJE,Fareham,18 Tonne,Stood Not Utilised,0,0,0,,,,,
2026-09-22,SA24RVO,Avonmouth,18 Tonne,Out for Delivery,1,1,21,AO513850,194,06:00,17:35,Sample Mate 065
2026-09-22,SA24VGC,Avonmouth,18 Tonne,VOR,0,0,0,,,,,
2026-09-22,SA25VME,Avonmouth,18 Tonne,Out for Delivery,1,3,11,AO232122,172,05:45,14:50,Sample Mate 074
2026-09-22,SA24SFH,Crewe,18 Tonne,Out for Delivery,1,3,16,AO762226,138,05:00,16:05,
2026-09-22,SA19DVW,Crewe,18 Tonne,Out for Delivery,1,1,13,AO980981,186,06:15,13:50,Sample Mate 074
2026-09-22,SA20KZF,Crewe,18 Tonne,Out for Delivery,1,2,12,AO110753,188,08:30,16:35,
2026-09-22,SA23BLN,Crewe,18 Tonne,Stood Not Utilised,0,0,0,,,,,
2026-09-22,SA25FGJ,Crewe,18 Tonne,Out for Delivery,1,1,10,AO235180,106,08:00,17:20,Sample Mate 118
2026-09-22,SA20UPV,Crewe,18 Tonne,Out for Delivery,1,2,16,AO662849,160,05:15,16:05,Sample Mate 065
2026-09-22,SA24ZLC,Crewe,18 Tonne,Out for Delivery,1,1,11,AO691232,152,07:15,18:20,
2026-09-22,SA22PRW,Crewe,18 Tonne,Stood,0,0,0,,,,,
2026-09-22,SA22XEG,Crewe,18 Tonne,Out for Delivery,1,1,12,AO429822,154,06:30,15:50,
2026-09-22,SA21TGN,Crewe,18 Tonne,Out for Delivery,1,0,20,AO335070,108,06:00,14:50,
2026-09-22,SA21VES,Crewe,18 Tonne,Out for Delivery,1,4,21,AO345724,163,06:30,14:05,
2026-09-22,SA19OJB,Crewe,18 Tonne,RELOAD PT 2,1,0,11,AO188443,169,08:30,15:05,Sample Mate 059
2026-09-22,SA21WRZ,Crewe,18 Tonne,RELOAD PT 2,1,4,22,AO809188,132,07:15,18:50,Sample Mate 002
2026-09-22,SA24GMA,Crewe,18 Tonne,Out for Delivery,1,3,11,AO584387,189,08:15,16:05,
2026-09-22,SA23OGF,Crewe,18 Tonne,Stood Not Utilised,0,0,0,,,,,
2026-09-22,SA22PGB,Crewe,18 Tonne,Out for Delivery,1,4,10,AO958329,164,05:15,13:05,
2026-09-22,SA23XBN,Crewe,18 Tonne,Out for Delivery,1,2,15,AO801488,192,06:15,13:05,
2026-09-22,SA25JZF,Crewe,18 Tonne,Out for Delivery,1,1,12,AO464980,128,08:45,19:35,Sample Mate 055
2026-09-22,SA21WJU,Crewe,18 Tonne,Out for Delivery,1,3,16,AO238164,186,08:15,17:35,
2026-09-22,SA23SZG,Crewe,18 Tonne,Out for Delivery,1,3,19,AO263592,198,08:15,18:50,Sample Mate 012
2026-09-22,SA24LFW,Crewe,18 Tonne,Out for Delivery,1,1,16,AO714278,167,08:00,16:35,Sample Mate 053
2026-09-22,SA24BGW,Crewe,18 Tonne,Out for Delivery,1,4,15,AO527052,125,05:30,14:20,Sample Mate 042
2026-09-22,SA20HDT,Crewe,18 Tonne,Out for Delivery,1,1,15,AO542324,104,08:00,19:50,
2026-09-22,SA24ZOC,Crewe,18 Tonne,Out for Delivery,1,0,9,AO843580,108,06:15,15:35,
2026-09-22,SA21WAF,Crewe,18 Tonne,VOR,0,0,0,,,,,
2026-09-22,SA19PHM,Crewe,18 Tonne,Out for Delivery,1,2,22,AO553891,118,08:00,18:35,Sample Mate 012
2026-09-22,SA23HKU,Crewe,18 Tonne,VOR,0,0,0,,,,,
2026-09-22,SA24JXK,Crewe,18 Tonne,Stood Not Utilised,0,0,0,,,,,
2026-09-22,SA20NYE,Crewe,18 Tonne,Out for Delivery,1,3,12,AO857059,164,06:45,14:05,
2026-09-22,SA22EPR,Crewe,18 Tonne,RELOAD PT 2,1,4,8,AO391588,186,05:15,15:35,
2026-09-22,SA19KPE,Crewe,18 Tonne,RELOAD PT 2,1,0,12,AO126060,196,05:30,16:20,Sample Mate 118
2026-09-22,SA24NCV,Crewe,18 Tonne,Out for Delivery,1,2,8,AO369930,199,08:15,19:05,
2026-09-22,SA22HMV,Crewe,18 Tonne,VOR,0,0,0,,,,,
2026-09-22,SA20ELG,Crewe,18 Tonne,Out for Delivery,1,2,13,AO638598,194,06:45,14:35,
2026-09-22,SA24TDY,Crewe,18 Tonne,Out for Delivery,1,3,18,AO869781,104,07:00,15:20,Sample Mate 090
2026-09-22,SA19ACJ,Crewe,18 Tonne,Out for Delivery,1,4,17,AO782291,187,07:45,17:05,Sample Mate 011
2026-09-22,SA24BXM,Crewe,18 Tonne,VOR,0,0,0,,,,,
2026-09-22,SA19VRB,Crewe,18 Tonne,Out for Delivery,1,3,19,AO571793,145,07:30,18:50,Sample Mate 028
2026-09-22,SA21CUB,Crossgreen,18 Tonne,Out for Delivery,1,1,10,AO440734,151,06:15,15:20,Sample Mate 085
2026-09-22,SA20YCJ,Crossgreen,18 Tonne,Stood Not Utilised,0,0,0,,,,,
2026-09-22,SA23KDV,Crossgreen,18 Tonne,Out for Delivery,1,1,22,AO864709,144,05:15,12:50,
2026-09-22,SA22RWZ,Crossgreen,18 Tonne,Out for Delivery,1,1,19,AO975108,115,06:45,14:50,
2026-09-22,SA22YLB,Crossgreen,18 Tonne,Out for Delivery,1,2,11,AO245236,116,05:15,13:05,Sample Mate 065
2026-09-22,SA19POX,Crossgreen,18 Tonne,Out for Delivery,1,2,16,AO582816,112,06:45,13:35,Sample Mate 031
2026-09-22,SA20BXX,Crossgreen,18 Tonne,VOR,0,0,0,,,,,
2026-09-22,SA19HYA,Crossgreen,18 Tonne,Out for Delivery,1,0,12,AO346457,141,06:30,15:20,
2026-09-22,SA19SSO,Crossgreen,18 Tonne,Out for Delivery,1,0,10,AO169982,174,05:15,12:50,
2026-09-22,SA23PCT,Crossgreen,18 Tonne,Stood Not Utilised,0,0,0,,,,,
2026-09-22,SA21NFS,Crossgreen,18 Tonne,Out for Delivery,1,3,8,AO273234,125,05:15,12:05,Sample Mate 023
2026-09-22,SA20JNH,Crossgreen,18 Tonne,VOR,0,0,0,,,,,
2026-09-22,SA25XAV,Crossgreen,18 Tonne,Out for Delivery,1,2,14,AO757110,122,08:15,15:20,
2026-09-22,SA21PAJ,Crossgreen,18 Tonne,VOR,0,0,0,,,,,
2026-09-22,SA22DFO,Crossgreen,18 Tonne,Out for Delivery,1,2,12,AO930638,187,07:15,16:05,
2026-09-22,SA19SJL,Stoke,18 Tonne,Stood Not Utilised,0,0,0,,,,,
2026-09-22,SA24FEH,Stoke,18 Tonne,Stood Not Utilised,0,0,0,,,,,
2026-09-22,SA23ROA,Stoke,18 Tonne,Out for Delivery,1,4,12,AO679828,156,07:15,14:50,
2026-09-22,SA19SWS,Stoke,18 Tonne,Out for Delivery,1,2,19,AO776531,199,06:45,17:50,
2026-09-22,SA20BTE,Stoke,18 Tonne,Out for Delivery,1,0,14,AO282757,121,08:15,18:05,
2026-09-22,SA25SMM,Stoke,18 Tonne,Out for Delivery,1,1,20,AO100615,149,07:00,14:35,
2026-09-23,SA22FEL,Crewe,3.5 Tonne,RELOAD PT 2,1,2,12,AO808898,148,06:30,14:35,
2026-09-23,SA21BEC,Crewe,3.5 Tonne,VOR,0,0,0,,,,,
2026-09-23,SA23FNN,Crewe,3.5 Tonne,Out for Delivery,1,4,11,AO645282,176,05:45,12:50,Sample Mate 112
2026-09-23,SA21EVW,Crewe,3.5 Tonne,Out for Delivery,1,1,20,AO936192,124,07:45,14:05,
2026-09-23,SA24GSA,Crewe,3.5 Tonne,VOR,0,0,0,,,,,
2026-09-23,SA25PMJ,Crewe,3.5 Tonne,Out for Delivery,1,0,17,AO357175,136,06:15,16:50,
2026-09-23,SA23XMW,Crewe,3.5 Tonne,VOR,0,0,0,,,,,
2026-09-23,SA24PZB,Crewe,Hi-Cube,Out for Delivery,1,2,11,AO414433,118,08:00,19:50,Sample Mate 066
2026-09-23,SA25FSF,Crewe,Hi-Cube,Out for Delivery,1,3,9,AO682987,102,06:45,13:50,
2026-09-23,SA25CZS,Crewe,Hi-Cube,Out for Delivery,1,0,8,AO475994,127,06:45,15:35,
2026-09-23,SA19MMT,Crewe,3.5 Tonne,Out for Delivery,1,2,21,AO231678,128,07:00,18:50,Sample Mate 089
2026-09-23,SA21ESV,Crewe,3.5 Tonne,Out for Delivery,1,0,15,AO833319,147,05:30,14:05,
2026-09-23,SA20NSO,Crewe,3.5 Tonne,VOR,0,0,0,,,,,
2026-09-23,SA21BXZ,Crewe,3.5 Tonne,Stood Not Utilised,0,0,0,,,,,
2026-09-23,SA23UTA,Crewe,3.5 Tonne,Out for Delivery,1,4,14,AO859172,194,07:00,18:50,Sample Mate 072
2026-09-23,SA23COL,Crewe,3.5 Tonne,Stood Not Utilised,0,0,0,,,,,
2026-09-23,SA25UXO,Crewe,3.5 Tonne,Out for Delivery,1,0,19,AO179389,152,07:15,15:50,
2026-09-23,SA20RUO,Crewe,Hi-Cube,Stood Not Utilised,0,0,0,,,,,
2026-09-23,SA24SKP,Crewe,Hi-Cube,Stood Not Utilised,0,0,0,,,,,
2026-09-23,SA19FFM,Crewe,Hi-Cube,Stood Not Utilised,0,0,0,,,,,
2026-09-23,SA25YOG,Crewe,3.5 Tonne,Out for Delivery,1,3,14,AO388474,145,08:45,19:20,Sample Mate 040
2026-09-23,SA22POR,Crewe,3.5 Tonne,Stood Not Utilised,0,0,0,,,,,
2026-09-23,SA23TKP,Crewe,3.5 Tonne,Out for Delivery,1,2,14,AO227170,170,07:45,16:20,Sample Mate 066
2026-09-23,SA20PKF,Crewe,3.5 Tonne,Out for Delivery,1,1,18,AO314633,120,07:30,17:05,
2026-09-23,SA22YRV,Crewe,3.5 Tonne,Out for Delivery,1,3,13,AO836117,114,08:45,19:05,Sample Mate 023
2026-09-23,SA23SXC,Crewe,3.5 Tonne,VOR,0,0,0,,,,,
2026-09-23,SA20AFW,Crewe,3.5 Tonne,Stood Not Utilised,0,0,0,,,,,
2026-09-23,SA25ADF,Crewe,Hi-Cube,Out for Delivery,1,1,22,AO846882,120,06:30,17:35,Sample Mate 023
2026-09-23,SA24AMJ,Crewe,Hi-Cube,Out for Delivery,1,3,12,AO741356,175,08:00,18:20,
2026-09-23,SA21FFU,Crewe,Hi-Cube,Stood Not Utilised,0,0,0,,,,,
2026-09-23,SA21BFL,Crewe,3.5 Tonne,Out for Delivery,1,2,17,AO498219,151,06:00,13:35,
2026-09-23,SA21ESA,Crewe,3.5 Tonne,Out for Delivery,1,3,10,AO185124,110,05:30,15:20,
2026-09-23,SA24WUV,Crewe,3.5 Tonne,VOR,0,0,0,,,,,
2026-09-23,SA19RJN,Crewe,3.5 Tonne,Out for Delivery,1,1,14,AO351158,199,06:30,14:35,Sample Mate 081
2026-09-23,SA19PLZ,Crewe,3.5 Tonne,Out for Delivery,1,2,12,AO188706,115,08:15,15:20,
2026-09-23,SA25EVK,Crewe,3.5 Tonne,Out for Delivery,1,0,12,AO865567,126,06:00,14:50,
2026-09-23,SA23UHR,Crewe,3.5 Tonne,Out for Delivery,1,2,15,AO526696,179,05:45,15:35,Sample Mate 061
2026-09-23,SA25UOZ,Crewe,Hi-Cube,RELOAD PT 2,1,3,21,AO611868,154,07:30,16:50,
2026-09-23,SA22ZAP,Crossgreen,Hi-Cube,VOR,0,0,0,,,,,
2026-09-23,SA20ZFK,Crossgreen,Hi-Cube,Stood Not Utilised,0,0,0,,,,,
2026-09-23,SA19USJ,Crossgreen,3.5 Tonne,Out for Delivery,1,3,10,AO986942,189,08:30,15:05,
2026-09-23,SA19GOU,Crossgreen,3.5 Tonne,Out for Delivery,1,3,20,AO670492,162,08:30,19:50,Sample Mate 085
2026-09-23,SA25UOT,Crossgreen,3.5 Tonne,Out for Delivery,1,2,16,AO903763,145,07:45,15:35,Sample Mate 035
2026-09-23,SA20PRE,Crossgreen,3.5 Tonne,VOR,0,0,0,,,,,
2026-09-23,SA21AFW,Crossgreen,3.5 Tonne,Out for Delivery,1,2,20,AO247914,115,05:45,13:20,
2026-09-23,SA21JRF,Crossgreen,3.5 Tonne,Stood Not Utilised,0,0,0,,,,,
2026-09-23,SA20VRD,Crossgreen,3.5 Tonne,Stood Not Utilised,0,0,0,,,,,
2026-09-23,SA22AHT,Crossgreen,Hi-Cube,Out for Delivery,1,0,10,AO289512,158,05:15,12:20,
2026-09-23,SA23HJE,Crossgreen,Hi-Cube,Out for Delivery,1,4,20,AO642373,172,08:30,16:20,Sample Mate 005
2026-09-23,SA22JOZ,Crossgreen,Hi-Cube,Out for Delivery,1,3,10,AO174100,149,08:45,16:05,
2026-09-23,SA19YDN,Crossgreen,3.5 Tonne,Out for Delivery,1,2,15,AO495642,182,08:15,15:05,
2026-09-23,SA24MMZ,Crossgreen,3.5 Tonne,Out for Delivery,1,0,17,AO444975,111,08:45,16:20,Sample Mate 116
2026-09-23,SA23ARK,Crossgreen,3.5 Tonne,Out for Delivery,1,3,13,AO194677,146,06:15,17:35,Sample Mate 004
2026-09-23,SA21XRJ,Stoke,3.5 Tonne,Out for Delivery,1,4,12,AO157750,161,06:30,13:50,Sample Mate 042
2026-09-23,SA23DRC,Stoke,3.5 Tonne,Out for Delivery,1,1,12,AO524491,140,06:30,13:20,
2026-09-23,SA23XXA,Stoke,3.5 Tonne,Out for Delivery,1,3,19,AO311051,165,08:30,19:50,Sample Mate 118
2026-09-23,SA19VAW,Stoke,3.5 Tonne,Out for Delivery,1,3,20,AO178999,172,07:30,14:50,Sample Mate 053
2026-09-23,SA23YNF,Stoke,Hi-Cube,Out for Delivery,1,2,22,AO581660,123,06:45,14:05,Sample Mate 091
2026-09-23,SA21FDL,Stoke,Hi-Cube,Out for Delivery,1,2,20,AO587578,112,07:30,15:20,
2026-09-23,SA22MHK,Stoke,Hi-Cube,Out for Delivery,1,0,21,AO885704,137,07:15,15:35,
2026-09-23,SA25RNW,Stoke,3.5 Tonne,Stood Not Utilised,0,0,0,,,,,
2026-09-23,SA25TSY,Stoke,3.5 Tonne,Out for Delivery,1,1,12,AO539643,114,08:15,17:20,Sample Mate 027
2026-09-23,SA24NPG,Stoke,3.5 Tonne,VOR,0,0,0,,,,,
2026-09-23,SA21BRA,Stoke,3.5 Tonne,Out for Delivery,1,2,11,AO491620,134,06:45,13:05,
2026-09-23,SA25CSD,Stoke,3.5 Tonne,Out for Delivery,1,3,9,AO168154,108,08:00,16:50,
2026-09-23,SA24GWT,Stoke,3.5 Tonne,Stood,0,0,0,,,,,
2026-09-23,SA24AMN,Exeter,3.5 Tonne,Out for Delivery,1,3,15,AO937520,125,06:15,14:20,
2026-09-23,SA24SMX,Exeter,Hi-Cube,Stood Not Utilised,0,0,0,,,,,
2026-09-23,SA24WMZ,Exeter,Hi-Cube,Out for Delivery,1,3,20,AO904942,177,07:00,14:20,
2026-09-23,SA24UFV,Exeter,Hi-Cube,Out for Delivery,1,4,20,AO146061,182,07:15,18:20,Sample Mate 062
2026-09-23,SA25WDM,Exeter,3.5 Tonne,Out for Delivery,1,0,9,AO628318,144,05:00,14:20,
2026-09-23,SA19DYL,Exeter,3.5 Tonne,VOR,0,0,0,,,,,
2026-09-23,SA19OPM,Exeter,3.5 Tonne,Out for Delivery,1,1,17,AO281253,163,06:45,16:05,
2026-09-23,SA25SMG,Exeter,3.5 Tonne,VOR,0,0,0,,,,,
2026-09-23,SA25WWS,Exeter,3.5 Tonne,Out for Delivery,1,1,13,AO810536,161,07:00,17:35,Sample Mate 047
2026-09-23,SA23HNP,Exeter,3.5 Tonne,Stood Not Utilised,0,0,0,,,,,
2026-09-23,SA19GFS,Exeter,3.5 Tonne,Out for Delivery,1,0,18,AO956393,194,05:30,12:50,
2026-09-23,SA24FJS,Exeter,Hi-Cube,Out for Delivery,1,1,12,AO509423,140,08:15,17:35,
2026-09-23,SA22GUR,Coventry,Hi-Cube,Out for Delivery,1,2,17,AO353808,160,06:15,14:35,Sample Mate 100
2026-09-23,SA19YFZ,Coventry,Hi-Cube,Out for Delivery,1,4,21,AO685612,123,05:30,16:50,
2026-09-23,SA21GLC,Coventry,3.5 Tonne,RELOAD PT 2,1,1,12,AO733099,124,06:15,17:20,
2026-09-23,SA24SCS,Coventry,3.5 Tonne,Stood Not Utilised,0,0,0,,,,,
2026-09-23,SA21SHH,Coventry,3.5 Tonne,Out for Delivery,1,0,15,AO201363,142,06:45,14:05,
2026-09-23,SA25KHM,Coventry,3.5 Tonne,Out for Delivery,1,1,11,AO465400,160,06:00,14:05,Sample Mate 073
2026-09-23,SA25GSY,Coventry,3.5 Tonne,Out for Delivery,1,1,21,AO261300,114,06:00,14:20,
2026-09-23,SA25XLB,Coventry,3.5 Tonne,Out for Delivery,1,4,12,AO166467,117,06:15,16:50,Sample Mate 054
2026-09-23,SA19OVF,Coventry,3.5 Tonne,Out for Delivery,1,2,15,AO365433,151,06:00,15:05,
2026-09-23,SA20FYM,Coventry,Hi-Cube,Stood Not Utilised,0,0,0,,,,,
2026-09-23,SA23YCJ,Coventry,Hi-Cube,Stood Not Utilised,0,0,0,,,,,
2026-09-23,SA25XHM,Potters-Bar,Hi-Cube,Out for Delivery,1,0,11,AO459579,191,07:15,16:20,Sample Mate 017
2026-09-23,SA21PDJ,Potters-Bar,3.5 Tonne,Out for Delivery,1,3,21,AO445361,111,08:45,17:05,
2026-09-23,SA22YAV,Potters-Bar,3.5 Tonne,VOR,0,0,0,,,,,
2026-09-23,SA24THH,Potters-Bar,3.5 Tonne,Out for Delivery,1,1,11,AO698888,141,05:00,16:05,
2026-09-23,SA23LVT,Potters-Bar,3.5 Tonne,Out for Delivery,1,4,10,AO528356,125,08:15,15:35,
2026-09-23,SA19KZK,Potters-Bar,3.5 Tonne,Out for Delivery,1,0,12,AO586652,125,08:15,19:05,Sample Mate 116
2026-09-23,SA25AEV,Potters-Bar,3.5 Tonne,Out for Delivery,1,1,8,AO400711,152,06:15,16:50,Sample Mate 036
2026-09-23,SA23ZPM,Potters-Bar,3.5 Tonne,Stood Not Utilised,0,0,0,,,,,
2026-09-23,SA19ACC,Potters-Bar,Hi-Cube,Out for Delivery,1,1,18,AO892498,102,07:45,15:35,
2026-09-23,SA22NVA,Potters-Bar,Hi-Cube,Out for Delivery,1,4,18,AO269345,147,07:45,18:05,
2026-09-23,SA20DXH,Potters-Bar,Hi-Cube,Out for Delivery,1,1,15,AO172068,185,06:30,13:05,
2026-09-23,SA24UHX,Gravesend,3.5 Tonne,Out for Delivery,1,1,21,AO974612,135,06:45,13:35,
2026-09-23,SA22LMX,Gravesend,3.5 Tonne,VOR,0,0,0,,,,,
2026-09-23,SA19XZP,Gravesend,3.5 Tonne,Out for Delivery,1,1,18,AO342626,111,05:45,13:20,
2026-09-23,SA24FRA,Gravesend,3.5 Tonne,Out for Delivery,1,0,14,AO426438,164,06:30,16:35,
2026-09-23,SA20OTF,Gravesend,3.5 Tonne,Out for Delivery,1,0,9,AO341377,119,08:00,18:50,Sample Mate 045
2026-09-23,SA25PHP,Gravesend,3.5 Tonne,Stood Not Utilised,0,0,0,,,,,
2026-09-23,SA19PHZ,Gravesend,3.5 Tonne,Out for Delivery,1,1,15,AO158374,137,05:15,13:50,
2026-09-23,SA24MXA,Gravesend,Hi-Cube,Out for Delivery,1,2,8,AO916813,161,05:15,16:05,Sample Mate 081
2026-09-23,SA21YAK,Gravesend,Hi-Cube,Out for Delivery,1,1,18,AO120369,121,06:00,13:20,
2026-09-23,SA21SAN,Gravesend,Hi-Cube,Stood,0,0,0,,,,,
2026-09-23,SA19MMF,Gravesend,3.5 Tonne,Stood Not Utilised,0,0,0,,,,,
2026-09-23,SA25CYG,Yaxley,3.5 Tonne,Out for Delivery,1,3,18,AO115122,178,08:45,16:05,
2026-09-23,SA19RBJ,Yaxley,3.5 Tonne,Out for Delivery,1,4,17,AO504968,113,05:30,16:35,
2026-09-23,SA23OLT,Yaxley,3.5 Tonne,Out for Delivery,1,1,20,AO909722,104,05:45,13:20,
2026-09-23,SA21RES,Yaxley,3.5 Tonne,Out for Delivery,1,4,22,AO848650,195,06:00,13:05,
2026-09-23,SA25DNN,Yaxley,3.5 Tonne,Out for Delivery,1,0,21,AO681463,172,06:30,15:20,Sample Mate 018
2026-09-23,SA20SHU,Yaxley,3.5 Tonne,Out for Delivery,1,0,15,AO698621,160,06:00,14:35,Sample Mate 020
2026-09-23,SA19BBM,Yaxley,Hi-Cube,Out for Delivery,1,2,18,AO753387,194,06:00,14:35,
2026-09-23,SA25GYJ,Yaxley,Hi-Cube,Out for Delivery,1,0,20,AO624797,119,08:45,19:05,Sample Mate 068
2026-09-23,SA24WTN,Yaxley,Hi-Cube,Out for Delivery,1,1,15,AO357037,118,06:30,13:20,
2026-09-23,SA24TKC,Yaxley,3.5 Tonne,Stood,0,0,0,,,,,
2026-09-23,SA25PNC,Luton,3.5 Tonne,Out for Delivery,1,3,21,AO552517,193,05:45,15:20,Sample Mate 111
2026-09-23,SA24VEA,Luton,3.5 Tonne,VOR,0,0,0,,,,,
2026-09-23,SA25DWU,Luton,3.5 Tonne,Out for Delivery,1,0,8,AO426821,135,05:15,16:35,Sample Mate 014
2026-09-23,SA21COD,Luton,3.5 Tonne,Out for Delivery,1,1,9,AO777985,182,07:45,14:50,
2026-09-23,SA23JZM,Luton,3.5 Tonne,Out for Delivery,1,0,21,AO649147,171,05:30,13:50,Sample Mate 044
2026-09-23,SA24WRX,Luton,3.5 Tonne,Out for Delivery,1,1,21,AO447712,161,07:15,16:35,
2026-09-23,SA24YRO,Luton,Hi-Cube,Out for Delivery,1,0,9,AO197876,113,08:45,18:05,
2026-09-23,SA24JAR,Luton,Hi-Cube,Out for Delivery,1,4,18,AO442238,175,06:30,14:20,Sample Mate 118
2026-09-23,SA21ZOF,Luton,Hi-Cube,Out for Delivery,1,3,11,AO388897,182,05:45,15:35,Sample Mate 046
2026-09-23,SA22UKH,Luton,3.5 Tonne,Out for Delivery,1,2,19,AO412430,192,05:15,14:50,
2026-09-23,SA24UPH,Newport,3.5 Tonne,RELOAD PT 2,1,1,12,AO792984,150,05:15,13:35,Sample Mate 020
2026-09-23,SA20JBR,Newport,3.5 Tonne,Stood Not Utilised,0,0,0,,,,,
2026-09-23,SA21HEE,Newport,3.5 Tonne,VOR,0,0,0,,,,,
2026-09-23,SA22DKA,Newport,3.5 Tonne,Out for Delivery,1,3,22,AO264200,170,08:00,18:20,Sample Mate 056
2026-09-23,SA23RTM,Newport,3.5 Tonne,Out for Delivery,1,3,20,AO716681,188,07:00,14:05,
2026-09-23,SA21ZWR,Newport,3.5 Tonne,VOR,0,0,0,,,,,
2026-09-23,SA25PPX,Newport,Hi-Cube,RELOAD PT 2,1,4,13,AO820050,174,06:15,17:50,
2026-09-23,SA25EXC,Newport,Hi-Cube,Out for Delivery,1,0,16,AO637218,119,06:45,13:50,
2026-09-23,SA22CFE,Newport,Hi-Cube,Stood Not Utilised,0,0,0,,,,,
2026-09-23,SA25XMM,Newport,3.5 Tonne,VOR,0,0,0,,,,,
2026-09-23,SA24NGE,Spennymoor,3.5 Tonne,Out for Delivery,1,2,11,AO661833,102,07:00,17:05,Sample Mate 045
2026-09-23,SA23LNH,Spennymoor,3.5 Tonne,Stood Not Utilised,0,0,0,,,,,
2026-09-23,SA19BPJ,Spennymoor,3.5 Tonne,Out for Delivery,1,1,13,AO562938,168,05:45,12:35,Sample Mate 033
2026-09-23,SA25ZKJ,Spennymoor,3.5 Tonne,Out for Delivery,1,4,16,AO297585,188,07:15,18:50,
2026-09-23,SA20WKR,Spennymoor,3.5 Tonne,Stood,0,0,0,,,,,
2026-09-23,SA23OJS,Spennymoor,3.5 Tonne,Out for Delivery,1,4,10,AO872217,184,07:00,16:35,Sample Mate 107
2026-09-23,SA25EED,Spennymoor,Hi-Cube,Out for Delivery,1,3,19,AO795611,132,06:45,13:20,Sample Mate 081
2026-09-23,SA22SNJ,Spennymoor,Hi-Cube,Out for Delivery,1,3,17,AO738085,155,07:00,16:35,
2026-09-23,SA23ELF,Spennymoor,Hi-Cube,Out for Delivery,1,0,15,AO436342,193,08:00,16:35,
2026-09-23,SA22YHZ,Spennymoor,3.5 Tonne,Out for Delivery,1,1,22,AO907822,173,06:30,17:35,Sample Mate 099
2026-09-23,SA21GKN,Dundee,3.5 Tonne,Out for Delivery,1,0,22,AO157746,172,06:15,16:50,
2026-09-23,SA25EAJ,Dundee,3.5 Tonne,Stood Not Utilised,0,0,0,,,,,
2026-09-23,SA19JDA,Dundee,3.5 Tonne,Out for Delivery,1,2,11,AO479133,185,05:30,13:50,
2026-09-23,SA22ROJ,Dundee,3.5 Tonne,Out for Delivery,1,4,14,AO121391,168,06:45,15:20,Sample Mate 116
2026-09-23,SA22DKF,Dundee,3.5 Tonne,Out for Delivery,1,0,10,AO602616,156,06:15,15:50,
2026-09-23,SA21BZA,Dundee,3.5 Tonne,Out for Delivery,1,2,8,AO427559,125,06:30,17:35,
2026-09-23,SA23RHZ,Dundee,Hi-Cube,Out for Delivery,1,4,10,AO667138,157,08:30,18:50,Sample Mate 026
2026-09-23,SA24HUJ,Dundee,Hi-Cube,Stood Not Utilised,0,0,0,,,,,
2026-09-23,SA24XPF,Dundee,Hi-Cube,Stood,0,0,0,,,,,
2026-09-23,SA21CCO,Crawley,3.5 Tonne,Out for Delivery,1,3,22,AO235085,162,08:00,15:50,Sample Mate 034
2026-09-23,SA22YMS,Crawley,3.5 Tonne,Out for Delivery,1,0,16,AO478905,135,06:15,17:20,Sample Mate 095
2026-09-23,SA23TCW,Crawley,3.5 Tonne,Out for Delivery,1,3,13,AO703739,170,05:00,13:20,
2026-09-23,SA23LTT,Crawley,3.5 Tonne,Out for Delivery,1,4,8,AO829396,176,07:00,16:05,
2026-09-23,SA20CXC,Crawley,3.5 Tonne,Out for Delivery,1,2,20,AO905328,167,08:30,16:05,
2026-09-23,SA22KZH,Crawley,3.5 Tonne,Out for Delivery,1,3,10,AO555857,159,06:15,16:35,Sample Mate 021
2026-09-23,SA24SVW,Crawley,3.5 Tonne,Out for Delivery,1,4,19,AO810130,138,05:30,12:20,
2026-09-23,SA22CFJ,Crawley,Hi-Cube,Out for Delivery,1,1,13,AO955632,180,08:30,18:05,Sample Mate 037
2026-09-23,SA21CEN,Heywood,Hi-Cube,Out for Delivery,1,3,18,AO238445,143,08:00,19:50,
2026-09-23,SA23SWZ,Heywood,Hi-Cube,Out for Delivery,1,4,11,AO491276,131,06:15,17:20,
2026-09-23,SA22LUM,Heywood,3.5 Tonne,Out for Delivery,1,1,8,AO420095,157,05:15,13:20,
2026-09-23,SA25KXF,Heywood,3.5 Tonne,Out for Delivery,1,1,11,AO915020,172,06:00,14:35,Sample Mate 087
2026-09-23,SA24WUX,Heywood,3.5 Tonne,Out for Delivery,1,1,10,AO418780,125,05:15,13:50,
2026-09-23,SA19GHF,Heywood,3.5 Tonne,Out for Delivery,1,3,9,AO881920,175,07:30,17:05,Sample Mate 106
2026-09-23,SA21VAL,Heywood,3.5 Tonne,Out for Delivery,1,3,17,AO512892,137,06:45,13:50,
2026-09-23,SA23BVR,Heywood,3.5 Tonne,Out for Delivery,1,0,11,AO202172,135,05:00,16:35,
2026-09-23,SA24UTB,Larkhall,3.5 Tonne,Out for Delivery,1,4,14,AO255887,168,06:45,15:05,
2026-09-23,SA19AAK,Larkhall,Hi-Cube,Stood,0,0,0,,,,,
2026-09-23,SA19FOW,Larkhall,Hi-Cube,RELOAD PT 2,1,1,22,AO844709,134,06:45,16:20,Sample Mate 046
2026-09-23,SA19MYE,Larkhall,Hi-Cube,Stood,0,0,0,,,,,
2026-09-23,SA19SSR,Larkhall,3.5 Tonne,Out for Delivery,1,1,15,AO489222,140,07:30,16:20,
2026-09-23,SA20SBV,Larkhall,3.5 Tonne,Out for Delivery,1,0,11,AO679277,128,06:30,16:20,Sample Mate 112
2026-09-23,SA21JDG,Larkhall,3.5 Tonne,Out for Delivery,1,0,11,AO112849,144,06:00,15:05,
2026-09-23,SA25OEB,Basildon,3.5 Tonne,Stood Not Utilised,0,0,0,,,,,
2026-09-23,SA20DZU,Basildon,3.5 Tonne,Out for Delivery,1,4,16,AO810167,188,06:30,14:05,Sample Mate 035
2026-09-23,SA19XOT,Basildon,3.5 Tonne,Stood Not Utilised,0,0,0,,,,,
2026-09-23,SA21FMO,Basildon,3.5 Tonne,VOR,0,0,0,,,,,
2026-09-23,SA24GBF,Basildon,Hi-Cube,Out for Delivery,1,1,20,AO510684,181,08:15,15:35,
2026-09-23,SA25RNO,Basildon,Hi-Cube,Out for Delivery,1,3,16,AO985177,185,06:15,14:20,
2026-09-23,SA19XZU,Outside HDV Network,Hi-Cube,RELOAD PT 2,1,1,22,AO441664,195,06:30,16:35,Sample Mate 027
2026-09-23,SA19LMO,Outside HDV Network,3.5 Tonne,Out for Delivery,1,1,13,AO403768,171,05:30,12:50,Sample Mate 088
2026-09-23,SA24CXH,Outside HDV Network,3.5 Tonne,Out for Delivery,1,3,13,AO180624,113,07:15,16:05,
2026-09-23,SA24ACZ,Outside HDV Network,3.5 Tonne,Out for Delivery,1,1,11,AO132068,116,06:30,14:05,Sample Mate 062
2026-09-23,SA20EXZ,Fareham,3.5 Tonne,Out for Delivery,1,3,8,AO216098,152,05:15,13:20,Sample Mate 011
2026-09-23,SA21GBX,Fareham,3.5 Tonne,Out for Delivery,1,2,13,AO507186,116,06:45,13:05,Sample Mate 035
2026-09-23,SA19LNB,Fareham,3.5 Tonne,VOR,0,0,0,,,,,
2026-09-23,SA19PGR,Fareham,3.5 Tonne,RELOAD PT 2,1,1,16,AO827136,188,05:30,15:20,
2026-09-23,SA19WEJ,Avonmouth,Hi-Cube,Out for Delivery,1,3,11,AO630489,104,08:15,18:20,Sample Mate 101
2026-09-23,SA22DLG,Avonmouth,Hi-Cube,Out for Delivery,1,2,20,AO968155,161,05:00,13:20,Sample Mate 071
2026-09-23,SA24FWY,Avonmouth,Hi-Cube,Out for Delivery,1,4,10,AO266490,129,05:30,12:20,Sample Mate 120
2026-09-23,SA23LBS,Crewe,3.5 Tonne,Out for Delivery,1,3,21,AO714387,194,06:45,13:20,
2026-09-23,SA25BSS,Crewe,3.5 Tonne,Out for Delivery,1,0,8,AO982974,105,06:00,14:35,
2026-09-23,SA20FBH,Crewe,3.5 Tonne,Out for Delivery,1,2,19,AO490455,184,05:30,16:20,
2026-09-23,SA22TSZ,Crewe,3.5 Tonne,Out for Delivery,1,1,11,AO226870,148,06:15,17:05,Sample Mate 086
2026-09-23,SA25DST,Crewe,3.5 Tonne,Out for Delivery,1,1,9,AO400900,142,06:00,16:35,
2026-09-23,SA25XEN,Crewe,3.5 Tonne,Out for Delivery,1,4,11,AO226042,104,08:45,17:35,Sample Mate 111
2026-09-23,SA23BYE,Crewe,3.5 Tonne,VOR,0,0,0,,,,,
2026-09-23,SA19MRR,Crewe,Hi-Cube,Stood Not Utilised,0,0,0,,,,,
2026-09-23,SA24DLU,Crewe,Hi-Cube,Out for Delivery,1,1,13,AO304738,110,08:15,16:35,
2026-09-23,SA25YOS,Crewe,Hi-Cube,Out for Delivery,1,1,13,AO897438,194,06:15,15:05,
2026-09-23,SA19JFP,Crewe,3.5 Tonne,Stood Not Utilised,0,0,0,,,,,
2026-09-23,SA25VBZ,Crewe,3.5 Tonne,Out for Delivery,1,0,15,AO288674,142,06:30,16:20,
2026-09-23,SA19CNH,Crewe,3.5 Tonne,Stood Not Utilised,0,0,0,,,,,
2026-09-23,SA21DSL,Crewe,3.5 Tonne,Stood Not Utilised,0,0,0,,,,,
2026-09-23,SA20UEE,Crewe,3.5 Tonne,VOR,0,0,0,,,,,
2026-09-23,SA19YDC,Crewe,3.5 Tonne,Out for Delivery,1,4,12,AO107224,165,06:45,15:35,Sample Mate 105
2026-09-23,SA22BPZ,Crewe,3.5 Tonne,Out for Delivery,1,3,20,AO102641,129,06:00,13:35,Sample Mate 048
2026-09-23,SA23JPZ,Crewe,Hi-Cube,Out for Delivery,1,3,19,AO105987,135,06:30,13:20,
2026-09-23,SA19ECR,Crewe,Hi-Cube,Out for Delivery,1,0,10,AO899732,166,05:00,15:20,Sample Mate 072
2026-09-23,SA21HCL,Crewe,Hi-Cube,Out for Delivery,1,2,9,AO434364,196,06:15,15:50,
2026-09-23,SA25FMP,Crewe,3.5 Tonne,Stood Not Utilised,0,0,0,,,,,
2026-09-23,SA20CBD,Crewe,3.5 Tonne,Out for Delivery,1,1,8,AO738733,110,07:00,15:50,Sample Mate 055
2026-09-23,SA22BVF,Crewe,3.5 Tonne,Out for Delivery,1,1,21,AO954170,134,08:45,17:05,Sample Mate 042
2026-09-23,SA24UTV,Crewe,3.5 Tonne,Stood Not Utilised,0,0,0,,,,,
2026-09-23,SA19UEA,Crewe,3.5 Tonne,Out for Delivery,1,3,20,AO875341,189,05:00,13:50,
2026-09-23,SA19NNF,Crewe,3.5 Tonne,Out for Delivery,1,1,19,AO558860,165,08:00,17:50,Sample Mate 002
2026-09-23,SA25GBJ,Crewe,3.5 Tonne,Stood Not Utilised,0,0,0,,,,,
2026-09-23,SA24DKG,Crewe,Hi-Cube,Out for Delivery,1,3,10,AO548842,126,06:00,17:35,Sample Mate 085
2026-09-23,SA25FXR,Crewe,Hi-Cube,Out for Delivery,1,3,17,AO357358,115,08:00,16:05,
2026-09-23,SA25GPM,Crewe,Hi-Cube,Out for Delivery,1,4,17,AO436636,185,08:45,18:05,Sample Mate 080
2026-09-23,SA20NMS,Crewe,3.5 Tonne,Out for Delivery,1,0,9,AO629205,127,05:45,12:35,
2026-09-23,SA21UZE,Crewe,3.5 Tonne,Out for Delivery,1,3,11,AO791424,151,05:30,16:50,Sample Mate 063
2026-09-23,SA19ZOT,Crewe,3.5 Tonne,Out for Delivery,1,3,19,AO903402,142,08:30,19:50,
2026-09-23,SA21UZJ,Crewe,3.5 Tonne,Stood Not Utilised,0,0,0,,,,,
2026-09-23,SA19TOW,Crewe,3.5 Tonne,Stood Not Utilised,0,0,0,,,,,
2026-09-23,SA21DLX,Crewe,3.5 Tonne,Out for Delivery,1,0,21,AO502984,198,05:45,14:20,Sample Mate 010
2026-09-23,SA22MAN,Crewe,3.5 Tonne,Out for Delivery,1,4,13,AO114451,178,06:15,14:35,Sample Mate 062
2026-09-23,SA20VGF,Crewe,Hi-Cube,RELOAD PT 2,1,1,13,AO456836,158,08:45,15:05,
2026-09-23,SA19XLS,Crossgreen,Hi-Cube,Out for Delivery,1,4,12,AO597737,172,05:45,14:05,Sample Mate 077
2026-09-23,SA21ZDO,Crossgreen,Hi-Cube,VOR,0,0,0,,,,,
2026-09-23,SA21CHE,Crossgreen,3.5 Tonne,Out for Delivery,1,1,15,AO188366,197,05:00,15:35,Sample Mate 105
2026-09-23,SA23DFF,Crossgreen,3.5 Tonne,VOR,0,0,0,,,,,
2026-09-23,SA19NED,Crossgreen,3.5 Tonne,Stood Not Utilised,0,0,0,,,,,
2026-09-23,SA19NWX,Crossgreen,3.5 Tonne,Out for Delivery,1,2,19,AO283481,150,05:00,13:50,Sample Mate 095
2026-09-23,SA25CNY,Crossgreen,3.5 Tonne,Out for Delivery,1,3,15,AO758193,132,06:45,17:20,Sample Mate 116
2026-09-23,SA23CDN,Crossgreen,3.5 Tonne,Out for Delivery,1,4,19,AO376107,120,06:45,16:35,Sample Mate 105
2026-09-23,SA19LOX,Crossgreen,3.5 Tonne,Out for Delivery,1,1,15,AO117211,190,08:15,15:35,
2026-09-23,SA25CCF,Crossgreen,Hi-Cube,VOR,0,0,0,,,,,
2026-09-23,SA23PMY,Crossgreen,Hi-Cube,VOR,0,0,0,,,,,
2026-09-23,SA20YRS,Crossgreen,Hi-Cube,Out for Delivery,1,4,19,AO709479,167,06:45,16:05,
2026-09-23,SA23SMA,Crossgreen,3.5 Tonne,VOR,0,0,0,,,,,
2026-09-23,SA19XKN,Crossgreen,3.5 Tonne,Out for Delivery,1,3,17,AO836092,185,06:45,13:50,
2026-09-23,SA21VER,Crossgreen,3.5 Tonne,Stood,0,0,0,,,,,
2026-09-23,SA19TVB,Stoke,3.5 Tonne,Out for Delivery,1,3,15,AO535792,110,06:45,13:20,
2026-09-23,SA22UUP,Stoke,3.5 Tonne,Stood Not Utilised,0,0,0,,,,,
2026-09-23,SA21UZD,Stoke,3.5 Tonne,Out for Delivery,1,2,13,AO579569,133,06:30,13:50,
2026-09-23,SA21CDW,Stoke,3.5 Tonne,Out for Delivery,1,2,8,AO688331,180,05:15,14:20,Sample Mate 014
2026-09-23,SA21LRE,Stoke,Hi-Cube,Out for Delivery,1,4,12,AO476490,122,06:45,15:20,
2026-09-23,SA20WLB,Stoke,Hi-Cube,Stood Not Utilised,0,0,0,,,,,
2026-09-23,SA24NET,Stoke,Hi-Cube,Stood Not Utilised,0,0,0,,,,,
2026-09-23,SA23ZOM,Stoke,3.5 Tonne,Out for Delivery,1,0,9,AO448557,114,07:15,15:35,Sample Mate 101
2026-09-23,SA25WUH,Stoke,3.5 Tonne,VOR,0,0,0,,,,,
2026-09-23,SA20GUD,Stoke,3.5 Tonne,Out for Delivery,1,2,11,AO495438,113,07:30,18:50,
2026-09-23,SA24ZYS,Stoke,3.5 Tonne,VOR,0,0,0,,,,,
2026-09-23,SA19LBV,Stoke,3.5 Tonne,RELOAD PT 2,1,3,21,AO707601,154,07:30,16:05,
2026-09-23,SA19KFD,Stoke,3.5 Tonne,Stood Not Utilised,0,0,0,,,,,
2026-09-23,SA23BZY,Exeter,3.5 Tonne,Stood Not Utilised,0,0,0,,,,,
2026-09-23,SA19ZDR,Exeter,Hi-Cube,Out for Delivery,1,3,13,AO651592,170,05:00,16:05,Sample Mate 062
2026-09-23,SA19JLV,Exeter,Hi-Cube,Out for Delivery,1,1,11,AO603306,194,08:30,19:50,
2026-09-23,SA20HPY,Exeter,Hi-Cube,Out for Delivery,1,3,18,AO969018,174,05:45,15:20,Sample Mate 047
2026-09-23,SA22EVO,Exeter,3.5 Tonne,Stood Not Utilised,0,0,0,,,,,
2026-09-23,SA24CLV,Exeter,3.5 Tonne,Out for Delivery,1,2,16,AO398022,142,05:15,16:35,Sample Mate 036
2026-09-23,SA22TYE,Exeter,3.5 Tonne,Out for Delivery,1,2,11,AO166457,147,08:45,18:20,Sample Mate 020
2026-09-23,SA21ALE,Exeter,3.5 Tonne,Out for Delivery,1,4,19,AO341992,185,07:30,15:20,Sample Mate 011
2026-09-23,SA20DZV,Exeter,3.5 Tonne,Out for Delivery,1,0,11,AO121055,188,06:00,14:05,
2026-09-23,SA19TKZ,Exeter,3.5 Tonne,Stood Not Utilised,0,0,0,,,,,
2026-09-23,SA24UBW,Exeter,3.5 Tonne,VOR,0,0,0,,,,,
2026-09-23,SA22DLT,Exeter,Hi-Cube,Out for Delivery,1,4,10,AO310230,149,06:00,14:20,Sample Mate 103
2026-09-23,SA20AMK,Coventry,Hi-Cube,Out for Delivery,1,2,21,AO116295,131,06:00,13:20,
2026-09-23,SA20TRB,Coventry,Hi-Cube,Out for Delivery,1,3,18,AO383743,164,08:45,16:35,Sample Mate 102
2026-09-23,SA21YHN,Coventry,3.5 Tonne,Out for Delivery,1,0,17,AO431685,181,07:00,17:05,
2026-09-23,SA25OFL,Coventry,3.5 Tonne,Out for Delivery,1,0,9,AO678644,105,05:30,15:20,
2026-09-23,SA25GVF,Coventry,3.5 Tonne,Stood Not Utilised,0,0,0,,,,,
2026-09-23,SA25HHH,Coventry,3.5 Tonne,Out for Delivery,1,3,18,AO458459,141,06:45,17:50,Sample Mate 073
2026-09-23,SA22UNE,Coventry,3.5 Tonne,VOR,0,0,0,,,,,
2026-09-23,SA23JZS,Coventry,3.5 Tonne,Out for Delivery,1,3,16,AO191671,182,06:15,15:05,Sample Mate 011
2026-09-23,SA22BPB,Coventry,3.5 Tonne,Out for Delivery,1,3,14,AO195267,148,05:45,14:50,
2026-09-23,SA25ARM,Coventry,Hi-Cube,Stood,0,0,0,,,,,
2026-09-23,SA22WDT,Coventry,Hi-Cube,Out for Delivery,1,3,20,AO122482,143,05:30,15:05,
2026-09-23,SA22MSC,Potters-Bar,Hi-Cube,Stood Not Utilised,0,0,0,,,,,
2026-09-23,SA22ZWZ,Potters-Bar,3.5 Tonne,RELOAD PT 2,1,1,13,AO682450,137,05:00,16:35,
2026-09-23,SA23RZJ,Potters-Bar,3.5 Tonne,Out for Delivery,1,3,13,AO767042,164,07:15,18:05,
2026-09-23,SA22OTU,Potters-Bar,3.5 Tonne,Out for Delivery,1,4,18,AO654728,167,08:45,16:35,Sample Mate 088
2026-09-23,SA21FCH,Potters-Bar,3.5 Tonne,VOR,0,0,0,,,,,
2026-09-23,SA20PCO,Potters-Bar,3.5 Tonne,Out for Delivery,1,1,15,AO868995,164,06:45,14:05,
2026-09-23,SA25BFB,Potters-Bar,3.5 Tonne,Stood Not Utilised,0,0,0,,,,,
2026-09-23,SA19DRJ,Potters-Bar,3.5 Tonne,Out for Delivery,1,3,13,AO706882,182,06:30,16:50,
2026-09-23,SA23EWM,Potters-Bar,Hi-Cube,Out for Delivery,1,0,18,AO960016,129,06:15,16:35,Sample Mate 047
2026-09-23,SA20UTN,Potters-Bar,Hi-Cube,Out for Delivery,1,1,12,AO457412,191,08:15,18:20,Sample Mate 065
2026-09-23,SA21VHW,Potters-Bar,Hi-Cube,Out for Delivery,1,1,12,AO221416,195,05:15,13:05,
2026-09-23,SA24EGM,Gravesend,3.5 Tonne,Stood Not Utilised,0,0,0,,,,,
2026-09-23,SA20USA,Gravesend,3.5 Tonne,Out for Delivery,1,0,18,AO752102,122,08:30,18:20,Sample Mate 009
2026-09-23,SA21DKO,Gravesend,3.5 Tonne,Out for Delivery,1,3,9,AO316946,104,06:15,14:20,
2026-09-23,SA21VKR,Gravesend,3.5 Tonne,Stood Not Utilised,0,0,0,,,,,
2026-09-23,SA24WSV,Gravesend,3.5 Tonne,Out for Delivery,1,2,16,AO511969,183,08:30,18:35,Sample Mate 116
2026-09-23,SA22TVT,Gravesend,3.5 Tonne,Out for Delivery,1,2,18,AO217916,101,06:45,14:35,Sample Mate 063
2026-09-23,SA22OKR,Gravesend,3.5 Tonne,Out for Delivery,1,3,10,AO664954,176,07:00,14:35,Sample Mate 097
2026-09-23,SA24YXV,Gravesend,Hi-Cube,Out for Delivery,1,0,11,AO996858,157,07:30,14:50,Sample Mate 104
2026-09-23,SA23ZEG,Gravesend,Hi-Cube,Out for Delivery,1,3,17,AO866601,150,06:00,16:20,Sample Mate 026
2026-09-23,SA25HWN,Gravesend,Hi-Cube,Out for Delivery,1,4,10,AO507623,123,08:00,18:50,Sample Mate 087
2026-09-23,SA23HXN,Gravesend,3.5 Tonne,Out for Delivery,1,4,20,AO429916,108,05:30,15:35,
2026-09-23,SA20CKP,Yaxley,3.5 Tonne,Out for Delivery,1,1,8,AO214500,166,08:00,18:35,
2026-09-23,SA22NUY,Yaxley,3.5 Tonne,Out for Delivery,1,3,12,AO962310,155,06:30,17:20,
2026-09-23,SA25DXX,Yaxley,3.5 Tonne,Out for Delivery,1,4,12,AO903021,145,08:30,17:20,
2026-09-23,SA20TPF,Yaxley,3.5 Tonne,Out for Delivery,1,1,20,AO326088,131,07:45,15:35,Sample Mate 020
2026-09-23,SA20JNS,Yaxley,3.5 Tonne,Out for Delivery,1,1,18,AO308479,142,06:15,15:05,
2026-09-23,SA21LKC,Yaxley,3.5 Tonne,VOR,0,0,0,,,,,
2026-09-23,SA23CEV,Yaxley,Hi-Cube,Stood Not Utilised,0,0,0,,,,,
2026-09-23,SA19TEY,Yaxley,Hi-Cube,Out for Delivery,1,2,15,AO119164,182,05:30,14:50,
2026-09-23,SA23VWZ,Yaxley,Hi-Cube,Out for Delivery,1,3,16,AO658197,188,08:30,18:05,Sample Mate 089
2026-09-23,SA23YPM,Yaxley,3.5 Tonne,Out for Delivery,1,4,19,AO193040,120,06:30,13:05,
2026-09-23,SA21CTP,Luton,3.5 Tonne,Out for Delivery,1,3,20,AO892413,161,08:45,16:20,
2026-09-23,SA20HOW,Luton,3.5 Tonne,Stood Not Utilised,0,0,0,,,,,
2026-09-23,SA23XGS,Luton,3.5 Tonne,VOR,0,0,0,,,,,
2026-09-23,SA25FZR,Luton,3.5 Tonne,Stood Not Utilised,0,0,0,,,,,
2026-09-23,SA24TBJ,Luton,3.5 Tonne,Out for Delivery,1,3,15,AO746980,128,06:00,17:50,
2026-09-23,SA21RWX,Luton,3.5 Tonne,Stood Not Utilised,0,0,0,,,,,
2026-09-23,SA25ZDS,Luton,Hi-Cube,Stood,0,0,0,,,,,
2026-09-23,SA21BSM,Luton,Hi-Cube,Out for Delivery,1,2,8,AO971886,163,06:30,14:50,Sample Mate 016
2026-09-23,SA21LYC,Luton,Hi-Cube,Out for Delivery,1,2,10,AO935414,149,06:00,17:20,Sample Mate 038
2026-09-23,SA23UUX,Luton,3.5 Tonne,Out for Delivery,1,4,17,AO820242,143,06:15,13:20,
2026-09-23,SA25HTE,Newport,3.5 Tonne,Out for Delivery,1,4,13,AO891502,171,08:00,16:35,Sample Mate 022
2026-09-23,SA20YYE,Newport,3.5 Tonne,Out for Delivery,1,1,11,AO701976,192,08:15,17:35,
2026-09-23,SA25HKJ,Newport,3.5 Tonne,Stood Not Utilised,0,0,0,,,,,
2026-09-23,SA23EPZ,Newport,3.5 Tonne,Out for Delivery,1,4,20,AO279678,115,08:00,18:50,
2026-09-23,SA21NVS,Newport,3.5 Tonne,Out for Delivery,1,3,16,AO212855,199,08:45,18:50,
2026-09-23,SA20TYO,Newport,3.5 Tonne,VOR,0,0,0,,,,,
2026-09-23,SA19MCG,Newport,Hi-Cube,Out for Delivery,1,0,8,AO535464,186,07:45,15:50,Sample Mate 109
2026-09-23,SA25BMC,Newport,Hi-Cube,VOR,0,0,0,,,,,
2026-09-23,SA21KRA,Newport,Hi-Cube,Out for Delivery,1,0,16,AO971399,178,06:15,14:50,
2026-09-23,SA19DRA,Newport,3.5 Tonne,Out for Delivery,1,3,11,AO396570,107,06:15,17:20,
2026-09-23,SA20GDO,Spennymoor,3.5 Tonne,Out for Delivery,1,3,14,AO969541,109,08:45,16:05,
2026-09-23,SA20PDC,Spennymoor,3.5 Tonne,Out for Delivery,1,0,20,AO209054,114,06:30,14:50,
2026-09-23,SA20XTS,Spennymoor,3.5 Tonne,Out for Delivery,1,0,10,AO969622,108,06:15,17:05,
2026-09-23,SA21MOH,Spennymoor,3.5 Tonne,Stood,0,0,0,,,,,
2026-09-23,SA23SYT,Spennymoor,3.5 Tonne,Stood Not Utilised,0,0,0,,,,,
2026-09-23,SA23HWK,Spennymoor,3.5 Tonne,Stood Not Utilised,0,0,0,,,,,
2026-09-23,SA23KYB,Spennymoor,Hi-Cube,RELOAD PT 2,1,3,11,AO618914,194,07:15,18:20,
2026-09-23,SA24VPW,Crewe,18 Tonne,Out for Delivery,1,4,15,AO980558,106,06:30,14:05,
2026-09-23,SA19DSG,Crewe,18 Tonne,Out for Delivery,1,1,19,AO639156,135,08:45,15:50,Sample Mate 005
2026-09-23,SA24SHG,Crewe,18 Tonne,Out for Delivery,1,0,21,AO462017,190,06:00,13:05,Sample Mate 040
2026-09-23,SA23MDE,Crewe,18 Tonne,RELOAD PT 2,1,3,8,AO364520,141,05:15,15:20,
2026-09-23,SA25ZDT,Crewe,18 Tonne,Out for Delivery,1,3,14,AO314504,175,06:45,13:05,
2026-09-23,SA23SWO,Crewe,18 Tonne,Out for Delivery,1,2,16,AO105525,143,05:30,16:05,
2026-09-23,SA24RVH,Crewe,18 Tonne,Out for Delivery,1,2,10,AO826470,132,06:30,16:20,Sample Mate 039
2026-09-23,SA20NEV,Crewe,18 Tonne,Out for Delivery,1,1,22,AO843140,158,06:45,14:20,
2026-09-23,SA21XVA,Crewe,18 Tonne,Out for Delivery,1,2,10,AO609770,176,06:45,13:35,
2026-09-23,SA22LYH,Crewe,18 Tonne,Out for Delivery,1,4,14,AO817342,156,06:15,17:50,
2026-09-23,SA21JTW,Crewe,18 Tonne,Stood Not Utilised,0,0,0,,,,,
2026-09-23,SA21XVX,Crewe,18 Tonne,Out for Delivery,1,1,12,AO818232,137,08:15,19:35,
2026-09-23,SA23RCF,Crewe,18 Tonne,RELOAD PT 2,1,1,15,AO247650,184,06:45,15:50,
2026-09-23,SA25RMO,Crewe,18 Tonne,Out for Delivery,1,3,15,AO316956,123,07:30,18:20,
2026-09-23,SA24LJW,Crewe,18 Tonne,Out for Delivery,1,2,11,AO350565,148,07:15,14:05,
2026-09-23,SA20OWC,Crewe,18 Tonne,Out for Delivery,1,0,8,AO554228,180,06:30,15:50,Sample Mate 056
2026-09-23,SA19DBD,Crewe,18 Tonne,Out for Delivery,1,0,9,AO171602,176,05:45,16:05,Sample Mate 019
2026-09-23,SA24LDP,Crewe,18 Tonne,Stood Not Utilised,0,0,0,,,,,
2026-09-23,SA23KXZ,Crewe,18 Tonne,Stood Not Utilised,0,0,0,,,,,
2026-09-23,SA21ODB,Crewe,18 Tonne,VOR,0,0,0,,,,,
2026-09-23,SA24FBZ,Crewe,18 Tonne,Out for Delivery,1,3,17,AO153875,152,05:30,13:20,
2026-09-23,SA21TMJ,Crewe,18 Tonne,Out for Delivery,1,1,14,AO339499,139,07:15,15:20,
2026-09-23,SA24HBV,Crewe,18 Tonne,Stood Not Utilised,0,0,0,,,,,
2026-09-23,SA24OKB,Crewe,18 Tonne,Out for Delivery,1,1,17,AO130471,164,08:30,16:05,Sample Mate 061
2026-09-23,SA24VYR,Crewe,18 Tonne,Out for Delivery,1,0,20,AO194054,127,07:15,14:50,Sample Mate 105
2026-09-23,SA24MCW,Crewe,18 Tonne,Out for Delivery,1,4,12,AO825279,128,05:15,13:35,
2026-09-23,SA20RLP,Crewe,18 Tonne,Stood Not Utilised,0,0,0,,,,,
2026-09-23,SA19CBG,Crewe,18 Tonne,Out for Delivery,1,4,15,AO117423,130,06:00,17:50,
2026-09-23,SA19PMX,Crewe,18 Tonne,Out for Delivery,1,0,13,AO891921,136,06:15,14:35,Sample Mate 110
2026-09-23,SA21LXC,Crewe,18 Tonne,VOR,0,0,0,,,,,
2026-09-23,SA25TBJ,Crewe,18 Tonne,VOR,0,0,0,,,,,
2026-09-23,SA22PJY,Crewe,18 Tonne,VOR,0,0,0,,,,,
2026-09-23,SA21TOM,Crossgreen,18 Tonne,VOR,0,0,0,,,,,
2026-09-23,SA24KJN,Crossgreen,18 Tonne,Out for Delivery,1,2,10,AO461390,107,06:45,13:50,
2026-09-23,SA21KTM,Crossgreen,18 Tonne,Stood Not Utilised,0,0,0,,,,,
2026-09-23,SA23NYF,Crossgreen,18 Tonne,VOR,0,0,0,,,,,
2026-09-23,SA21VPR,Crossgreen,18 Tonne,Out for Delivery,1,1,9,AO935926,109,06:45,16:05,
2026-09-23,SA19UCD,Crossgreen,18 Tonne,VOR,0,0,0,,,,,
2026-09-23,SA19KFZ,Crossgreen,18 Tonne,Out for Delivery,1,4,8,AO677018,194,06:30,15:20,Sample Mate 021
2026-09-23,SA22PNW,Crossgreen,18 Tonne,Out for Delivery,1,4,20,AO886866,179,08:15,17:35,Sample Mate 060
2026-09-23,SA20GGO,Crossgreen,18 Tonne,Stood,0,0,0,,,,,
2026-09-23,SA24KNV,Crossgreen,18 Tonne,Out for Delivery,1,2,12,AO924558,177,07:00,18:20,
2026-09-23,SA23UJX,Crossgreen,18 Tonne,Stood,0,0,0,,,,,
2026-09-23,SA24ZDJ,Crossgreen,18 Tonne,Out for Delivery,1,3,11,AO934088,180,05:15,12:50,Sample Mate 054
2026-09-23,SA24CYO,Crossgreen,18 Tonne,VOR,0,0,0,,,,,
2026-09-23,SA19GCZ,Crossgreen,18 Tonne,Out for Delivery,1,1,16,AO947146,104,08:45,17:35,
2026-09-23,SA24XKP,Crossgreen,18 Tonne,Out for Delivery,1,3,14,AO989221,156,06:30,15:05,
2026-09-23,SA20MNW,Stoke,18 Tonne,VOR,0,0,0,,,,,
2026-09-23,SA21LTS,Stoke,18 Tonne,Out for Delivery,1,1,11,AO536239,113,07:45,16:35,
2026-09-23,SA21JWU,Stoke,18 Tonne,Out for Delivery,1,1,22,AO944784,158,05:00,16:20,Sample Mate 049
2026-09-23,SA22MPO,Stoke,18 Tonne,Out for Delivery,1,3,13,AO427308,110,06:45,14:50,Sample Mate 086
2026-09-23,SA23FGZ,Stoke,18 Tonne,Stood,0,0,0,,,,,
2026-09-23,SA19AHK,Stoke,18 Tonne,Stood Not Utilised,0,0,0,,,,,
2026-09-23,SA22PLL,Stoke,18 Tonne,Out for Delivery,1,3,14,AO325315,111,07:45,14:50,Sample Mate 063
2026-09-23,SA25ZSG,Stoke,18 Tonne,Out for Delivery,1,4,16,AO551671,183,08:00,15:35,
2026-09-23,SA25GNY,Stoke,18 Tonne,Out for Delivery,1,1,22,AO929742,119,06:15,14:50,
2026-09-23,SA19STN,Stoke,18 Tonne,Out for Delivery,1,1,22,AO976715,188,06:30,13:50,
2026-09-23,SA24VMA,Stoke,18 Tonne,Out for Delivery,1,4,14,AO315077,109,06:15,13:20,
2026-09-23,SA20KVE,Stoke,18 Tonne,Stood Not Utilised,0,0,0,,,,,
2026-09-23,SA25XBH,Stoke,18 Tonne,Out for Delivery,1,0,15,AO646507,192,06:00,17:20,
2026-09-23,SA22ECK,Exeter,18 Tonne,Out for Delivery,1,3,17,AO441303,157,06:30,15:05,Sample Mate 053
2026-09-23,SA23XWV,Exeter,18 Tonne,VOR,0,0,0,,,,,
2026-09-23,SA24BVV,Exeter,18 Tonne,Out for Delivery,1,4,8,AO220806,111,05:45,12:35,
2026-09-23,SA22GKH,Exeter,18 Tonne,Out for Delivery,1,1,19,AO277818,101,05:00,16:20,
2026-09-23,SA23KXY,Exeter,18 Tonne,Out for Delivery,1,4,11,AO825565,133,05:00,13:35,
2026-09-23,SA24SGK,Exeter,18 Tonne,Out for Delivery,1,2,18,AO351612,138,07:30,16:35,
2026-09-23,SA25VWR,Exeter,18 Tonne,Out for Delivery,1,0,10,AO889726,191,06:15,13:05,
2026-09-23,SA19UUP,Exeter,18 Tonne,Stood,0,0,0,,,,,
2026-09-23,SA23GVU,Exeter,18 Tonne,Out for Delivery,1,0,20,AO460895,175,05:00,12:50,Sample Mate 050
2026-09-23,SA19NLA,Exeter,18 Tonne,Out for Delivery,1,1,16,AO253963,142,06:30,14:35,Sample Mate 055
2026-09-23,SA23ALA,Exeter,18 Tonne,Out for Delivery,1,3,17,AO552802,114,06:00,13:05,
2026-09-23,SA19OYK,Exeter,18 Tonne,Stood Not Utilised,0,0,0,,,,,
2026-09-23,SA24KOK,Coventry,18 Tonne,Stood,0,0,0,,,,,
2026-09-23,SA22YJZ,Coventry,18 Tonne,Out for Delivery,1,4,16,AO215990,153,07:45,18:35,Sample Mate 097
2026-09-23,SA22BHS,Coventry,18 Tonne,Stood Not Utilised,0,0,0,,,,,
2026-09-23,SA24SEK,Coventry,18 Tonne,Out for Delivery,1,4,17,AO609492,145,05:00,15:50,Sample Mate 036
2026-09-23,SA22XYU,Coventry,18 Tonne,Out for Delivery,1,4,15,AO976071,188,05:00,15:35,
2026-09-23,SA24TRA,Coventry,18 Tonne,Out for Delivery,1,3,13,AO941467,103,05:45,14:50,Sample Mate 052
2026-09-23,SA20EMJ,Coventry,18 Tonne,Stood,0,0,0,,,,,
2026-09-23,SA22XTZ,Coventry,18 Tonne,Out for Delivery,1,4,10,AO763433,118,06:00,16:50,
2026-09-23,SA25JMV,Coventry,18 Tonne,Out for Delivery,1,2,21,AO946206,111,06:00,17:05,Sample Mate 022
2026-09-23,SA23OFT,Coventry,18 Tonne,Out for Delivery,1,4,22,AO927077,128,08:30,19:05,
2026-09-23,SA24MFS,Coventry,18 Tonne,Out for Delivery,1,4,11,AO728263,166,06:45,15:20,Sample Mate 107
2026-09-23,SA24NEL,Potters-Bar,18 Tonne,Out for Delivery,1,2,17,AO125592,150,08:15,16:20,Sample Mate 108
2026-09-23,SA21ERL,Potters-Bar,18 Tonne,Out for Delivery,1,3,22,AO482731,130,07:00,16:05,Sample Mate 116
2026-09-23,SA25UXF,Potters-Bar,18 Tonne,Out for Delivery,1,2,14,AO744412,170,06:00,16:20,Sample Mate 102
2026-09-23,SA25BTB,Potters-Bar,18 Tonne,Out for Delivery,1,4,18,AO766808,157,07:30,18:05,
2026-09-23,SA20YDC,Potters-Bar,18 Tonne,Out for Delivery,1,1,18,AO873960,127,06:45,16:20,
2026-09-23,SA19EXF,Potters-Bar,18 Tonne,Out for Delivery,1,0,14,AO449424,131,06:00,16:05,Sample Mate 047
2026-09-23,SA25CLX,Potters-Bar,18 Tonne,Stood,0,0,0,,,,,
2026-09-23,SA22PGP,Potters-Bar,18 Tonne,Stood Not Utilised,0,0,0,,,,,
2026-09-23,SA21KZG,Potters-Bar,18 Tonne,RELOAD PT 2,1,3,10,AO713814,113,05:45,13:35,
2026-09-23,SA19TOJ,Potters-Bar,18 Tonne,Out for Delivery,1,1,9,AO969370,125,06:00,15:35,
2026-09-23,SA21ZLW,Potters-Bar,18 Tonne,Out for Delivery,1,0,20,AO521135,102,07:15,17:20,
2026-09-23,SA23TER,Gravesend,18 Tonne,Stood Not Utilised,0,0,0,,,,,
2026-09-23,SA24GBN,Gravesend,18 Tonne,Out for Delivery,1,3,14,AO844504,180,08:15,19:50,
2026-09-23,SA19YVJ,Gravesend,18 Tonne,RELOAD PT 2,1,0,14,AO144646,161,06:15,13:05,Sample Mate 021
2026-09-23,SA24PTO,Gravesend,18 Tonne,Out for Delivery,1,4,8,AO173251,159,07:00,17:20,
2026-09-23,SA22SAD,Gravesend,18 Tonne,Out for Delivery,1,3,16,AO980252,174,05:15,12:20,Sample Mate 014
2026-09-23,SA20LGB,Gravesend,18 Tonne,VOR,0,0,0,,,,,
2026-09-23,SA22DNE,Gravesend,18 Tonne,Out for Delivery,1,4,14,AO960210,179,07:00,17:50,Sample Mate 079
2026-09-23,SA24OLT,Gravesend,18 Tonne,Stood Not Utilised,0,0,0,,,,,
2026-09-23,SA19JZN,Gravesend,18 Tonne,Out for Delivery,1,3,13,AO524626,157,06:00,14:50,Sample Mate 111
2026-09-23,SA22MOL,Gravesend,18 Tonne,Out for Delivery,1,1,17,AO497250,106,05:45,13:20,
2026-09-23,SA25MPS,Gravesend,18 Tonne,Out for Delivery,1,1,19,AO234300,156,08:45,17:50,Sample Mate 010
2026-09-23,SA23OPY,Yaxley,18 Tonne,Stood Not Utilised,0,0,0,,,,,
2026-09-23,SA20ATG,Yaxley,18 Tonne,Out for Delivery,1,3,14,AO829817,199,05:30,15:05,Sample Mate 080
2026-09-23,SA23MME,Yaxley,18 Tonne,Out for Delivery,1,1,22,AO356619,107,06:30,16:35,Sample Mate 065
2026-09-23,SA21TSL,Yaxley,18 Tonne,Out for Delivery,1,3,16,AO685976,115,08:00,19:20,
2026-09-23,SA21FDE,Yaxley,18 Tonne,Out for Delivery,1,1,20,AO761082,104,05:45,16:35,Sample Mate 001
2026-09-23,SA25LMC,Yaxley,18 Tonne,Out for Delivery,1,0,17,AO581871,112,06:15,15:35,
2026-09-23,SA20HEP,Yaxley,18 Tonne,Stood Not Utilised,0,0,0,,,,,
2026-09-23,SA24BEW,Yaxley,18 Tonne,Out for Delivery,1,2,14,AO831984,178,07:30,16:20,
2026-09-23,SA22FUD,Yaxley,18 Tonne,Out for Delivery,1,1,8,AO349806,110,05:45,15:50,
2026-09-23,SA19XKR,Yaxley,18 Tonne,VOR,0,0,0,,,,,
2026-09-23,SA20CLC,Luton,18 Tonne,Out for Delivery,1,4,16,AO217319,193,06:00,15:05,Sample Mate 024
2026-09-23,SA21YYZ,Luton,18 Tonne,Out for Delivery,1,1,17,AO942857,109,06:00,13:50,Sample Mate 025
2026-09-23,SA20PTN,Luton,18 Tonne,Out for Delivery,1,1,18,AO857229,124,07:45,18:50,
2026-09-23,SA19ZVG,Luton,18 Tonne,Out for Delivery,1,1,15,AO286578,179,05:45,15:35,Sample Mate 108
2026-09-23,SA23DMW,Luton,18 Tonne,Out for Delivery,1,1,11,AO861351,176,06:00,16:20,
2026-09-23,SA25NDT,Luton,18 Tonne,Out for Delivery,1,0,18,AO617300,173,06:00,16:35,
2026-09-23,SA19MLK,Luton,18 Tonne,Out for Delivery,1,0,22,AO464984,175,06:45,17:50,Sample Mate 025
2026-09-23,SA22DYV,Luton,18 Tonne,Out for Delivery,1,3,13,AO539260,135,08:00,19:20,
2026-09-23,SA25NUR,Luton,18 Tonne,Out for Delivery,1,2,19,AO860060,164,07:30,15:05,Sample Mate 065
2026-09-23,SA23XJU,Luton,18 Tonne,Stood,0,0,0,,,,,
2026-09-23,SA21XEB,Newport,18 Tonne,VOR,0,0,0,,,,,
2026-09-23,SA22FFM,Newport,18 Tonne,Out for Delivery,1,3,11,AO381533,183,08:45,15:05,Sample Mate 110
2026-09-23,SA21EKH,Newport,18 Tonne,Out for Delivery,1,3,18,AO990843,116,06:30,13:20,Sample Mate 077
2026-09-23,SA22ULC,Newport,18 Tonne,Out for Delivery,1,1,21,AO547399,147,05:30,16:35,
2026-09-23,SA24AVF,Newport,18 Tonne,RELOAD PT 2,1,0,18,AO101429,177,06:45,14:05,
2026-09-23,SA23SWN,Newport,18 Tonne,Stood,0,0,0,,,,,
2026-09-23,SA23UCW,Newport,18 Tonne,Out for Delivery,1,3,12,AO432771,139,06:00,14:50,Sample Mate 096
2026-09-23,SA23GLU,Newport,18 Tonne,Out for Delivery,1,3,12,AO423253,105,05:00,13:05,Sample Mate 110
2026-09-23,SA24LHH,Newport,18 Tonne,Out for Delivery,1,3,12,AO687048,137,07:45,14:35,
2026-09-23,SA21DOM,Newport,18 Tonne,VOR,0,0,0,,,,,
2026-09-23,SA20AGS,Spennymoor,18 Tonne,Stood Not Utilised,0,0,0,,,,,
2026-09-23,SA20MVR,Spennymoor,18 Tonne,Stood Not Utilised,0,0,0,,,,,
2026-09-23,SA24GNS,Spennymoor,18 Tonne,Out for Delivery,1,4,21,AO385111,151,06:30,17:20,Sample Mate 053
2026-09-23,SA19PVX,Spennymoor,18 Tonne,Out for Delivery,1,2,13,AO189817,181,06:30,14:05,
2026-09-23,SA21FCG,Spennymoor,18 Tonne,Stood Not Utilised,0,0,0,,,,,
2026-09-23,SA21FTL,Spennymoor,18 Tonne,Stood,0,0,0,,,,,
2026-09-23,SA22XNK,Spennymoor,18 Tonne,Out for Delivery,1,2,11,AO507632,195,05:00,12:20,Sample Mate 042
2026-09-23,SA21JCW,Spennymoor,18 Tonne,Out for Delivery,1,0,13,AO580430,105,08:00,19:50,Sample Mate 075
2026-09-23,SA25AYD,Spennymoor,18 Tonne,Out for Delivery,1,0,14,AO290945,119,05:45,12:20,
2026-09-23,SA21PLX,Spennymoor,18 Tonne,RELOAD PT 2,1,2,9,AO143991,151,07:30,18:20,Sample Mate 017
2026-09-23,SA21VDP,Dundee,18 Tonne,Out for Delivery,1,3,17,AO172367,190,08:00,16:20,
2026-09-23,SA19PXJ,Dundee,18 Tonne,Stood Not Utilised,0,0,0,,,,,
2026-09-23,SA19ERR,Dundee,18 Tonne,Out for Delivery,1,1,14,AO982154,143,05:00,14:05,
2026-09-23,SA25MCD,Dundee,18 Tonne,Stood Not Utilised,0,0,0,,,,,
2026-09-23,SA23BFC,Dundee,18 Tonne,Out for Delivery,1,0,21,AO665372,103,06:30,13:20,Sample Mate 034
2026-09-23,SA20ENJ,Dundee,18 Tonne,Stood Not Utilised,0,0,0,,,,,
2026-09-23,SA24GLE,Dundee,18 Tonne,Out for Delivery,1,2,21,AO807371,153,05:00,12:35,
2026-09-23,SA23XPJ,Dundee,18 Tonne,VOR,0,0,0,,,,,
2026-09-23,SA23HRO,Dundee,18 Tonne,Out for Delivery,1,0,14,AO488075,179,08:45,18:50,Sample Mate 023
2026-09-23,SA23MCX,Crawley,18 Tonne,Out for Delivery,1,1,21,AO977368,192,05:45,15:50,
2026-09-23,SA24COE,Crawley,18 Tonne,Out for Delivery,1,1,17,AO481900,154,05:45,12:50,
2026-09-23,SA23RVC,Crawley,18 Tonne,Stood Not Utilised,0,0,0,,,,,
2026-09-23,SA25SCH,Crawley,18 Tonne,Out for Delivery,1,1,16,AO117587,172,07:45,14:50,
2026-09-23,SA22MSZ,Crawley,18 Tonne,Out for Delivery,1,0,18,AO737838,130,05:15,12:50,
2026-09-23,SA21NSP,Crawley,18 Tonne,VOR,0,0,0,,,,,
2026-09-23,SA19EWH,Crawley,18 Tonne,Stood,0,0,0,,,,,
2026-09-23,SA22YNN,Crawley,18 Tonne,VOR,0,0,0,,,,,
2026-09-23,SA23PKA,Heywood,18 Tonne,Stood,0,0,0,,,,,
2026-09-23,SA23EAU,Heywood,18 Tonne,Out for Delivery,1,4,20,AO728076,139,05:00,15:05,
2026-09-23,SA20NON,Heywood,18 Tonne,Out for Delivery,1,0,18,AO784483,190,05:45,14:20,Sample Mate 026
2026-09-23,SA21GLB,Heywood,18 Tonne,Stood Not Utilised,0,0,0,,,,,
2026-09-23,SA21FTY,Heywood,18 Tonne,Out for Delivery,1,3,15,AO650790,186,06:45,13:35,Sample Mate 049
2026-09-23,SA23ENV,Heywood,18 Tonne,Out for Delivery,1,0,18,AO845006,168,08:30,18:35,
2026-09-23,SA24OWT,Heywood,18 Tonne,Stood Not Utilised,0,0,0,,,,,
2026-09-23,SA22UPK,Heywood,18 Tonne,Out for Delivery,1,2,17,AO905319,152,05:30,13:05,Sample Mate 082
2026-09-23,SA19SVY,Larkhall,18 Tonne,Out for Delivery,1,1,8,AO270404,121,05:15,15:35,
2026-09-23,SA22NUC,Larkhall,18 Tonne,RELOAD PT 2,1,4,16,AO698861,103,06:30,16:50,
2026-09-23,SA24TVA,Larkhall,18 Tonne,Stood Not Utilised,0,0,0,,,,,
2026-09-23,SA21EVZ,Larkhall,18 Tonne,Out for Delivery,1,3,8,AO507481,121,06:15,14:35,Sample Mate 069
2026-09-23,SA24BKV,Larkhall,18 Tonne,VOR,0,0,0,,,,,
2026-09-23,SA20BEY,Larkhall,18 Tonne,Out for Delivery,1,0,14,AO980991,110,06:00,15:05,Sample Mate 024
2026-09-23,SA19YXV,Larkhall,18 Tonne,Out for Delivery,1,0,12,AO611222,109,06:00,17:20,
2026-09-23,SA20VUH,Basildon,18 Tonne,Out for Delivery,1,3,17,AO171873,143,05:45,12:35,
2026-09-23,SA25LMD,Basildon,18 Tonne,Stood,0,0,0,,,,,
2026-09-23,SA25PEK,Basildon,18 Tonne,Out for Delivery,1,3,18,AO354011,156,07:45,18:05,Sample Mate 062
2026-09-23,SA25ZHN,Basildon,18 Tonne,Stood Not Utilised,0,0,0,,,,,
2026-09-23,SA19DJO,Basildon,18 Tonne,Out for Delivery,1,4,10,AO199174,112,07:30,16:35,
2026-09-23,SA21ZCU,Basildon,18 Tonne,Out for Delivery,1,0,17,AO859097,153,08:15,17:05,
2026-09-23,SA23UKX,Outside HDV Network,18 Tonne,Out for Delivery,1,2,18,AO789874,196,08:45,17:35,Sample Mate 109
2026-09-23,SA20WMN,Outside HDV Network,18 Tonne,Out for Delivery,1,1,15,AO108881,158,06:45,13:20,Sample Mate 083
2026-09-23,SA24KCG,Outside HDV Network,18 Tonne,Out for Delivery,1,2,9,AO355704,168,07:45,16:35,
2026-09-23,SA25FFS,Outside HDV Network,18 Tonne,Stood,0,0,0,,,,,
2026-09-23,SA21PEF,Fareham,18 Tonne,RELOAD PT 2,1,4,15,AO125132,154,08:15,16:05,
2026-09-23,SA25OVW,Fareham,18 Tonne,Out for Delivery,1,2,16,AO742566,149,08:00,19:05,
2026-09-23,SA23DDN,Fareham,18 Tonne,Out for Delivery,1,2,17,AO163172,160,07:30,17:05,Sample Mate 084
2026-09-23,SA19SJE,Fareham,18 Tonne,Out for Delivery,1,2,16,AO546672,193,06:15,13:50,Sample Mate 049
2026-09-23,SA24RVO,Avonmouth,18 Tonne,Out for Delivery,1,0,14,AO528252,189,08:00,15:05,
2026-09-23,SA24VGC,Avonmouth,18 Tonne,VOR,0,0,0,,,,,
2026-09-23,SA25VME,Avonmouth,18 Tonne,Out for Delivery,1,0,10,AO979304,119,08:45,17:20,
2026-09-23,SA24SFH,Crewe,18 Tonne,Out for Delivery,1,2,16,AO469825,173,08:45,18:50,
2026-09-23,SA19DVW,Crewe,18 Tonne,RELOAD PT 2,1,2,11,AO683184,185,06:15,14:05,
2026-09-23,SA20KZF,Crewe,18 Tonne,Out for Delivery,1,1,17,AO767968,179,06:45,14:05,Sample Mate 069
2026-09-23,SA23BLN,Crewe,18 Tonne,Stood Not Utilised,0,0,0,,,,,
2026-09-23,SA25FGJ,Crewe,18 Tonne,RELOAD PT 2,1,0,21,AO720368,198,08:00,16:20,Sample Mate 024
2026-09-23,SA20UPV,Crewe,18 Tonne,Out for Delivery,1,3,22,AO494737,102,06:45,17:20,Sample Mate 015
2026-09-23,SA24ZLC,Crewe,18 Tonne,Stood Not Utilised,0,0,0,,,,,
2026-09-23,SA22PRW,Crewe,18 Tonne,Stood,0,0,0,,,,,
2026-09-23,SA22XEG,Crewe,18 Tonne,Out for Delivery,1,0,15,AO717002,161,05:45,16:50,
2026-09-23,SA21TGN,Crewe,18 Tonne,Out for Delivery,1,4,21,AO625247,129,08:30,17:05,
2026-09-23,SA21VES,Crewe,18 Tonne,Out for Delivery,1,4,22,AO126792,130,06:45,15:35,
2026-09-23,SA19OJB,Crewe,18 Tonne,Out for Delivery,1,0,8,AO447751,188,05:15,15:35,Sample Mate 010
2026-09-23,SA21WRZ,Crewe,18 Tonne,Stood Not Utilised,0,0,0,,,,,
2026-09-23,SA24GMA,Crewe,18 Tonne,Out for Delivery,1,0,21,AO134409,191,07:30,15:05,Sample Mate 107
2026-09-23,SA23OGF,Crewe,18 Tonne,Out for Delivery,1,0,21,AO704175,122,08:00,18:20,
2026-09-23,SA22PGB,Crewe,18 Tonne,Out for Delivery,1,2,10,AO799585,190,08:00,18:35,Sample Mate 006
2026-09-23,SA23XBN,Crewe,18 Tonne,Out for Delivery,1,2,18,AO824983,167,07:30,14:50,Sample Mate 016
2026-09-23,SA25JZF,Crewe,18 Tonne,Out for Delivery,1,3,8,AO331841,114,06:30,13:35,
2026-09-23,SA21WJU,Crewe,18 Tonne,Out for Delivery,1,1,8,AO469350,119,08:30,15:50,Sample Mate 003
2026-09-23,SA23SZG,Crewe,18 Tonne,Stood,0,0,0,,,,,
2026-09-23,SA24LFW,Crewe,18 Tonne,Out for Delivery,1,4,21,AO334799,197,05:45,13:05,Sample Mate 033
2026-09-23,SA24BGW,Crewe,18 Tonne,Out for Delivery,1,2,17,AO180664,113,06:15,13:35,
2026-09-23,SA20HDT,Crewe,18 Tonne,Out for Delivery,1,4,9,AO106293,123,06:15,17:50,Sample Mate 057
2026-09-23,SA24ZOC,Crewe,18 Tonne,Out for Delivery,1,4,9,AO269800,193,05:00,15:20,
2026-09-23,SA21WAF,Crewe,18 Tonne,VOR,0,0,0,,,,,
2026-09-23,SA19PHM,Crewe,18 Tonne,Out for Delivery,1,0,12,AO807543,199,05:15,12:35,
2026-09-23,SA23HKU,Crewe,18 Tonne,VOR,0,0,0,,,,,
2026-09-23,SA24JXK,Crewe,18 Tonne,Out for Delivery,1,1,18,AO530688,184,06:15,17:05,
2026-09-23,SA20NYE,Crewe,18 Tonne,Out for Delivery,1,3,18,AO175337,181,06:15,17:20,Sample Mate 026
2026-09-23,SA22EPR,Crewe,18 Tonne,Stood,0,0,0,,,,,
2026-09-23,SA19KPE,Crewe,18 Tonne,Stood Not Utilised,0,0,0,,,,,
2026-09-23,SA24NCV,Crewe,18 Tonne,Out for Delivery,1,2,14,AO606295,192,07:00,14:05,
2026-09-23,SA22HMV,Crewe,18 Tonne,VOR,0,0,0,,,,,
2026-09-23,SA20ELG,Crewe,18 Tonne,Out for Delivery,1,4,22,AO540911,155,06:15,16:20,
2026-09-23,SA24TDY,Crewe,18 Tonne,Stood,0,0,0,,,,,
2026-09-23,SA19ACJ,Crewe,18 Tonne,Out for Delivery,1,2,22,AO754067,116,08:00,17:50,Sample Mate 085
2026-09-23,SA24BXM,Crewe,18 Tonne,VOR,0,0,0,,,,,
2026-09-23,SA19VRB,Crewe,18 Tonne,Out for Delivery,1,1,17,AO615089,172,06:00,14:35,
2026-09-23,SA21CUB,Crossgreen,18 Tonne,RELOAD PT 2,1,4,11,AO513433,151,08:00,17:05,Sample Mate 025
2026-09-23,SA20YCJ,Crossgreen,18 Tonne,Out for Delivery,1,1,16,AO839169,101,08:45,16:35,
2026-09-23,SA23KDV,Crossgreen,18 Tonne,Out for Delivery,1,2,12,AO382203,105,05:00,13:50,
2026-09-23,SA22RWZ,Crossgreen,18 Tonne,Stood,0,0,0,,,,,
2026-09-23,SA22YLB,Crossgreen,18 Tonne,Out for Delivery,1,4,20,AO378145,174,06:30,13:50,
2026-09-23,SA19POX,Crossgreen,18 Tonne,Out for Delivery,1,3,10,AO547826,181,08:30,17:35,
2026-09-23,SA20BXX,Crossgreen,18 Tonne,VOR,0,0,0,,,,,
2026-09-23,SA19HYA,Crossgreen,18 Tonne,Out for Delivery,1,4,17,AO811159,159,06:15,14:50,Sample Mate 062
2026-09-23,SA19SSO,Crossgreen,18 Tonne,Out for Delivery,1,4,16,AO707368,142,08:00,16:35,
2026-09-23,SA23PCT,Crossgreen,18 Tonne,Out for Delivery,1,1,16,AO753475,149,05:30,12:20,
2026-09-23,SA21NFS,Crossgreen,18 Tonne,Out for Delivery,1,1,10,AO624350,104,06:30,14:50,Sample Mate 063
2026-09-23,SA20JNH,Crossgreen,18 Tonne,VOR,0,0,0,,,,,
2026-09-23,SA25XAV,Crossgreen,18 Tonne,Out for Delivery,1,0,19,AO736325,178,06:45,13:20,
2026-09-23,SA21PAJ,Crossgreen,18 Tonne,VOR,0,0,0,,,,,
2026-09-23,SA22DFO,Crossgreen,18 Tonne,Out for Delivery,1,3,18,AO264552,163,06:45,14:05,Sample Mate 031
2026-09-23,SA19SJL,Stoke,18 Tonne,Out for Delivery,1,0,15,AO349667,140,06:45,17:20,Sample Mate 051
2026-09-23,SA24FEH,Stoke,18 Tonne,Out for Delivery,1,4,19,AO472041,175,06:00,17:50,Sample Mate 098
2026-09-23,SA23ROA,Stoke,18 Tonne,Out for Delivery,1,0,11,AO864143,104,08:00,15:35,
2026-09-23,SA19SWS,Stoke,18 Tonne,Stood Not Utilised,0,0,0,,,,,
2026-09-23,SA20BTE,Stoke,18 Tonne,Out for Delivery,1,4,19,AO379702,177,06:30,13:35,
2026-09-23,SA25SMM,Stoke,18 Tonne,Stood Not Utilised,0,0,0,,,,,
2026-09-24,SA22FEL,Crewe,3.5 Tonne,Out for Delivery,1,3,13,AO185099,161,06:00,13:20,Sample Mate 042
2026-09-24,SA21BEC,Crewe,3.5 Tonne,VOR,0,0,0,,,,,
2026-09-24,SA23FNN,Crewe,3.5 Tonne,Out for Delivery,1,4,8,AO876628,148,05:45,16:35,Sample Mate 006
2026-09-24,SA21EVW,Crewe,3.5 Tonne,Out for Delivery,1,2,14,AO489846,102,07:00,18:05,
2026-09-24,SA24GSA,Crewe,3.5 Tonne,VOR,0,0,0,,,,,
2026-09-24,SA25PMJ,Crewe,3.5 Tonne,Out for Delivery,1,2,19,AO994972,158,08:15,15:20,Sample Mate 114
2026-09-24,SA23XMW,Crewe,3.5 Tonne,VOR,0,0,0,,,,,
2026-09-24,SA24PZB,Crewe,Hi-Cube,Out for Delivery,1,3,12,AO382828,108,07:00,18:20,Sample Mate 080
2026-09-24,SA25FSF,Crewe,Hi-Cube,Out for Delivery,1,4,18,AO201473,112,08:15,16:50,
2026-09-24,SA25CZS,Crewe,Hi-Cube,Stood Not Utilised,0,0,0,,,,,
2026-09-24,SA19MMT,Crewe,3.5 Tonne,Out for Delivery,1,2,9,AO138116,109,06:15,15:35,Sample Mate 116
2026-09-24,SA21ESV,Crewe,3.5 Tonne,RELOAD PT 2,1,0,16,AO612323,197,06:45,14:20,
2026-09-24,SA20NSO,Crewe,3.5 Tonne,VOR,0,0,0,,,,,
2026-09-24,SA21BXZ,Crewe,3.5 Tonne,Out for Delivery,1,2,15,AO603130,122,05:30,14:20,
2026-09-24,SA23UTA,Crewe,3.5 Tonne,Out for Delivery,1,1,8,AO602795,171,05:45,16:35,
2026-09-24,SA23COL,Crewe,3.5 Tonne,Out for Delivery,1,3,11,AO646779,113,06:45,17:35,Sample Mate 064
2026-09-24,SA25UXO,Crewe,3.5 Tonne,Stood Not Utilised,0,0,0,,,,,
2026-09-24,SA20RUO,Crewe,Hi-Cube,Out for Delivery,1,2,22,AO870487,161,06:00,13:35,
2026-09-24,SA24SKP,Crewe,Hi-Cube,Stood,0,0,0,,,,,
2026-09-24,SA19FFM,Crewe,Hi-Cube,Stood Not Utilised,0,0,0,,,,,
2026-09-24,SA25YOG,Crewe,3.5 Tonne,Out for Delivery,1,2,9,AO200792,130,07:15,17:20,
2026-09-24,SA22POR,Crewe,3.5 Tonne,Stood,0,0,0,,,,,
2026-09-24,SA23TKP,Crewe,3.5 Tonne,Stood,0,0,0,,,,,
2026-09-24,SA20PKF,Crewe,3.5 Tonne,RELOAD PT 2,1,0,10,AO232344,174,06:30,15:05,Sample Mate 060
2026-09-24,SA22YRV,Crewe,3.5 Tonne,Out for Delivery,1,4,11,AO245789,151,06:15,16:20,
2026-09-24,SA23SXC,Crewe,3.5 Tonne,VOR,0,0,0,,,,,
2026-09-24,SA20AFW,Crewe,3.5 Tonne,Out for Delivery,1,4,19,AO224855,191,08:00,17:05,
2026-09-24,SA25ADF,Crewe,Hi-Cube,Stood Not Utilised,0,0,0,,,,,
2026-09-24,SA24AMJ,Crewe,Hi-Cube,Stood Not Utilised,0,0,0,,,,,
2026-09-24,SA21FFU,Crewe,Hi-Cube,Out for Delivery,1,4,10,AO311384,105,08:30,19:20,
2026-09-24,SA21BFL,Crewe,3.5 Tonne,Out for Delivery,1,1,12,AO297955,157,07:45,16:35,Sample Mate 111
2026-09-24,SA21ESA,Crewe,3.5 Tonne,Stood,0,0,0,,,,,
2026-09-24,SA24WUV,Crewe,3.5 Tonne,VOR,0,0,0,,,,,
2026-09-24,SA19RJN,Crewe,3.5 Tonne,Out for Delivery,1,1,15,AO472501,169,06:45,15:50,
2026-09-24,SA19PLZ,Crewe,3.5 Tonne,Out for Delivery,1,1,14,AO279470,161,06:30,13:50,Sample Mate 120
2026-09-24,SA25EVK,Crewe,3.5 Tonne,Out for Delivery,1,2,9,AO599344,173,07:00,17:50,
2026-09-24,SA23UHR,Crewe,3.5 Tonne,Out for Delivery,1,2,14,AO247799,160,08:00,16:35,
2026-09-24,SA25UOZ,Crewe,Hi-Cube,Out for Delivery,1,4,14,AO838794,130,05:30,14:05,
2026-09-24,SA22ZAP,Crossgreen,Hi-Cube,VOR,0,0,0,,,,,
2026-09-24,SA20ZFK,Crossgreen,Hi-Cube,Stood Not Utilised,0,0,0,,,,,
2026-09-24,SA19USJ,Crossgreen,3.5 Tonne,Out for Delivery,1,0,11,AO929899,146,05:15,12:35,Sample Mate 110
2026-09-24,SA19GOU,Crossgreen,3.5 Tonne,Out for Delivery,1,4,21,AO938912,149,05:15,13:35,
2026-09-24,SA25UOT,Crossgreen,3.5 Tonne,Out for Delivery,1,2,15,AO772883,155,05:30,15:20,
2026-09-24,SA20PRE,Crossgreen,3.5 Tonne,VOR,0,0,0,,,,,
2026-09-24,SA21AFW,Crossgreen,3.5 Tonne,RELOAD PT 2,1,3,12,AO396992,123,07:30,17:35,
2026-09-24,SA21JRF,Crossgreen,3.5 Tonne,Stood Not Utilised,0,0,0,,,,,
2026-09-24,SA20VRD,Crossgreen,3.5 Tonne,Out for Delivery,1,0,16,AO491372,186,07:30,14:20,
2026-09-24,SA22AHT,Crossgreen,Hi-Cube,Out for Delivery,1,0,21,AO559131,196,06:45,16:50,Sample Mate 055
2026-09-24,SA23HJE,Crossgreen,Hi-Cube,Out for Delivery,1,0,19,AO793113,121,06:00,17:05,
2026-09-24,SA22JOZ,Crossgreen,Hi-Cube,Out for Delivery,1,2,11,AO565714,118,07:30,17:35,Sample Mate 106
2026-09-24,SA19YDN,Crossgreen,3.5 Tonne,Out for Delivery,1,1,21,AO519725,163,08:30,15:35,
2026-09-24,SA24MMZ,Crossgreen,3.5 Tonne,Stood Not Utilised,0,0,0,,,,,
2026-09-24,SA23ARK,Crossgreen,3.5 Tonne,Out for Delivery,1,1,8,AO157266,183,07:45,15:35,
2026-09-24,SA21XRJ,Stoke,3.5 Tonne,Out for Delivery,1,2,15,AO110183,186,06:15,15:05,
2026-09-24,SA23DRC,Stoke,3.5 Tonne,Out for Delivery,1,1,13,AO552684,134,07:45,14:05,
2026-09-24,SA23XXA,Stoke,3.5 Tonne,Out for Delivery,1,2,22,AO704962,141,08:30,16:35,
2026-09-24,SA19VAW,Stoke,3.5 Tonne,Out for Delivery,1,0,8,AO483726,118,06:15,14:20,
2026-09-24,SA23YNF,Stoke,Hi-Cube,Stood Not Utilised,0,0,0,,,,,
2026-09-24,SA21FDL,Stoke,Hi-Cube,Out for Delivery,1,3,14,AO665558,149,08:45,15:05,Sample Mate 093
2026-09-24,SA22MHK,Stoke,Hi-Cube,Out for Delivery,1,0,19,AO309200,126,07:30,17:20,Sample Mate 075
2026-09-24,SA25RNW,Stoke,3.5 Tonne,Stood,0,0,0,,,,,
2026-09-24,SA25TSY,Stoke,3.5 Tonne,RELOAD PT 2,1,2,15,AO146249,181,08:00,15:20,Sample Mate 101
2026-09-24,SA24NPG,Stoke,3.5 Tonne,VOR,0,0,0,,,,,
2026-09-24,SA21BRA,Stoke,3.5 Tonne,Out for Delivery,1,2,12,AO447796,111,06:45,17:05,Sample Mate 040
2026-09-24,SA25CSD,Stoke,3.5 Tonne,Out for Delivery,1,2,22,AO688147,102,07:00,16:50,Sample Mate 045
2026-09-24,SA24GWT,Stoke,3.5 Tonne,Stood Not Utilised,0,0,0,,,,,
2026-09-24,SA24AMN,Exeter,3.5 Tonne,Out for Delivery,1,0,22,AO160983,168,06:00,16:50,Sample Mate 117
2026-09-24,SA24SMX,Exeter,Hi-Cube,Stood Not Utilised,0,0,0,,,,,
2026-09-24,SA24WMZ,Exeter,Hi-Cube,Out for Delivery,1,3,9,AO374796,167,08:30,19:20,
2026-09-24,SA24UFV,Exeter,Hi-Cube,Stood Not Utilised,0,0,0,,,,,
2026-09-24,SA25WDM,Exeter,3.5 Tonne,RELOAD PT 2,1,4,21,AO318985,152,08:30,15:35,Sample Mate 015
2026-09-24,SA19DYL,Exeter,3.5 Tonne,VOR,0,0,0,,,,,
2026-09-24,SA19OPM,Exeter,3.5 Tonne,Stood Not Utilised,0,0,0,,,,,
2026-09-24,SA25SMG,Exeter,3.5 Tonne,VOR,0,0,0,,,,,
2026-09-24,SA25WWS,Exeter,3.5 Tonne,Out for Delivery,1,2,15,AO932523,183,06:15,15:35,
2026-09-24,SA23HNP,Exeter,3.5 Tonne,Out for Delivery,1,1,14,AO788511,185,08:15,17:05,Sample Mate 041
2026-09-24,SA19GFS,Exeter,3.5 Tonne,Out for Delivery,1,2,8,AO463522,154,07:30,18:35,
2026-09-24,SA24FJS,Exeter,Hi-Cube,Out for Delivery,1,2,15,AO834518,144,06:15,14:35,Sample Mate 010
2026-09-24,SA22GUR,Coventry,Hi-Cube,Out for Delivery,1,3,15,AO843215,166,06:15,13:50,
2026-09-24,SA19YFZ,Coventry,Hi-Cube,Out for Delivery,1,4,12,AO708569,132,06:00,14:05,
2026-09-24,SA21GLC,Coventry,3.5 Tonne,Out for Delivery,1,2,15,AO535189,171,07:45,15:35,
2026-09-24,SA24SCS,Coventry,3.5 Tonne,Out for Delivery,1,1,15,AO203259,150,06:45,17:35,Sample Mate 023
2026-09-24,SA21SHH,Coventry,3.5 Tonne,Out for Delivery,1,1,9,AO109543,102,06:30,15:05,
2026-09-24,SA25KHM,Coventry,3.5 Tonne,Out for Delivery,1,4,14,AO228674,182,06:30,13:05,
2026-09-24,SA25GSY,Coventry,3.5 Tonne,Out for Delivery,1,2,20,AO706185,110,08:30,16:50,
2026-09-24,SA25XLB,Coventry,3.5 Tonne,Out for Delivery,1,2,13,AO725953,152,08:45,16:05,
2026-09-24,SA19OVF,Coventry,3.5 Tonne,Stood Not Utilised,0,0,0,,,,,
2026-09-24,SA20FYM,Coventry,Hi-Cube,RELOAD PT 2,1,2,12,AO575261,160,06:45,15:35,Sample Mate 025
2026-09-24,SA23YCJ,Coventry,Hi-Cube,Out for Delivery,1,2,14,AO403410,148,06:30,13:05,Sample Mate 059
2026-09-24,SA25XHM,Potters-Bar,Hi-Cube,Out for Delivery,1,1,11,AO621278,106,06:45,17:05,
2026-09-24,SA21PDJ,Potters-Bar,3.5 Tonne,Out for Delivery,1,0,18,AO898321,139,08:30,17:50,
2026-09-24,SA22YAV,Potters-Bar,3.5 Tonne,VOR,0,0,0,,,,,
2026-09-24,SA24THH,Potters-Bar,3.5 Tonne,Out for Delivery,1,0,12,AO646097,165,06:00,16:05,Sample Mate 086
2026-09-24,SA23LVT,Potters-Bar,3.5 Tonne,Out for Delivery,1,3,17,AO232323,153,06:45,14:05,Sample Mate 082
2026-09-24,SA19KZK,Potters-Bar,3.5 Tonne,Out for Delivery,1,4,17,AO265135,113,06:15,13:50,
2026-09-24,SA25AEV,Potters-Bar,3.5 Tonne,Out for Delivery,1,4,22,AO930539,104,06:15,14:05,Sample Mate 028
2026-09-24,SA23ZPM,Potters-Bar,3.5 Tonne,Out for Delivery,1,1,20,AO243826,168,06:45,17:05,
2026-09-24,SA19ACC,Potters-Bar,Hi-Cube,Out for Delivery,1,3,12,AO572962,176,05:30,13:35,
2026-09-24,SA22NVA,Potters-Bar,Hi-Cube,Out for Delivery,1,0,11,AO136465,148,08:30,18:35,Sample Mate 102
2026-09-24,SA20DXH,Potters-Bar,Hi-Cube,Out for Delivery,1,1,20,AO387382,188,06:45,15:35,Sample Mate 117
2026-09-24,SA24UHX,Gravesend,3.5 Tonne,Stood,0,0,0,,,,,
2026-09-24,SA22LMX,Gravesend,3.5 Tonne,VOR,0,0,0,,,,,
2026-09-24,SA19XZP,Gravesend,3.5 Tonne,Out for Delivery,1,4,11,AO129145,127,06:45,15:50,
2026-09-24,SA24FRA,Gravesend,3.5 Tonne,Out for Delivery,1,0,13,AO580602,126,06:45,15:05,Sample Mate 030
2026-09-24,SA20OTF,Gravesend,3.5 Tonne,Stood Not Utilised,0,0,0,,,,,
2026-09-24,SA25PHP,Gravesend,3.5 Tonne,Out for Delivery,1,3,14,AO643352,132,08:45,19:50,
2026-09-24,SA19PHZ,Gravesend,3.5 Tonne,Out for Delivery,1,2,15,AO690210,194,05:45,15:20,
2026-09-24,SA24MXA,Gravesend,Hi-Cube,Out for Delivery,1,0,14,AO413279,132,05:30,12:50,Sample Mate 036
2026-09-24,SA21YAK,Gravesend,Hi-Cube,Out for Delivery,1,0,9,AO104996,117,05:00,13:20,Sample Mate 047
2026-09-24,SA21SAN,Gravesend,Hi-Cube,Out for Delivery,1,4,13,AO327156,118,07:45,16:35,Sample Mate 120
2026-09-24,SA19MMF,Gravesend,3.5 Tonne,Out for Delivery,1,1,9,AO939175,189,08:30,18:05,Sample Mate 034
2026-09-24,SA25CYG,Yaxley,3.5 Tonne,Stood Not Utilised,0,0,0,,,,,
2026-09-24,SA19RBJ,Yaxley,3.5 Tonne,Out for Delivery,1,2,15,AO512730,197,07:30,14:05,
2026-09-24,SA23OLT,Yaxley,3.5 Tonne,Out for Delivery,1,2,13,AO623806,127,08:30,15:35,
2026-09-24,SA21RES,Yaxley,3.5 Tonne,Stood Not Utilised,0,0,0,,,,,
2026-09-24,SA25DNN,Yaxley,3.5 Tonne,RELOAD PT 2,1,4,13,AO476372,165,07:15,14:05,
2026-09-24,SA20SHU,Yaxley,3.5 Tonne,Out for Delivery,1,4,12,AO542133,127,06:15,16:35,
2026-09-24,SA19BBM,Yaxley,Hi-Cube,Out for Delivery,1,0,21,AO995266,187,08:30,16:50,
2026-09-24,SA25GYJ,Yaxley,Hi-Cube,Out for Delivery,1,2,22,AO104566,113,06:30,16:20,
2026-09-24,SA24WTN,Yaxley,Hi-Cube,Out for Delivery,1,2,13,AO915720,198,06:45,13:50,Sample Mate 070
2026-09-24,SA24TKC,Yaxley,3.5 Tonne,Out for Delivery,1,4,16,AO708508,135,08:15,15:20,
2026-09-24,SA25PNC,Luton,3.5 Tonne,RELOAD PT 2,1,0,15,AO943784,129,05:00,16:50,
2026-09-24,SA24VEA,Luton,3.5 Tonne,VOR,0,0,0,,,,,
2026-09-24,SA25DWU,Luton,3.5 Tonne,Out for Delivery,1,0,14,AO823034,156,06:45,14:05,Sample Mate 071
2026-09-24,SA21COD,Luton,3.5 Tonne,Out for Delivery,1,1,13,AO118640,110,06:15,15:35,
2026-09-24,SA23JZM,Luton,3.5 Tonne,Out for Delivery,1,0,21,AO399990,109,07:00,14:50,
2026-09-24,SA24WRX,Luton,3.5 Tonne,Out for Delivery,1,3,19,AO794540,141,07:45,15:05,
2026-09-24,SA24YRO,Luton,Hi-Cube,Stood Not Utilised,0,0,0,,,,,
2026-09-24,SA24JAR,Luton,Hi-Cube,Out for Delivery,1,3,9,AO365781,110,07:15,14:05,Sample Mate 008
2026-09-24,SA21ZOF,Luton,Hi-Cube,Out for Delivery,1,1,8,AO303020,114,06:00,16:35,
2026-09-24,SA22UKH,Luton,3.5 Tonne,Out for Delivery,1,2,11,AO946652,116,06:00,13:05,
2026-09-24,SA24UPH,Newport,3.5 Tonne,Out for Delivery,1,4,16,AO839134,109,06:15,16:50,Sample Mate 106
2026-09-24,SA20JBR,Newport,3.5 Tonne,Stood,0,0,0,,,,,
2026-09-24,SA21HEE,Newport,3.5 Tonne,VOR,0,0,0,,,,,
2026-09-24,SA22DKA,Newport,3.5 Tonne,Out for Delivery,1,0,10,AO372779,101,07:15,17:35,Sample Mate 089
2026-09-24,SA23RTM,Newport,3.5 Tonne,Out for Delivery,1,2,13,AO454288,137,07:15,18:50,
2026-09-24,SA21ZWR,Newport,3.5 Tonne,VOR,0,0,0,,,,,
2026-09-24,SA25PPX,Newport,Hi-Cube,Out for Delivery,1,0,8,AO339320,148,06:30,15:20,
2026-09-24,SA25EXC,Newport,Hi-Cube,Out for Delivery,1,2,18,AO427459,170,07:00,14:20,Sample Mate 096
2026-09-24,SA22CFE,Newport,Hi-Cube,Out for Delivery,1,0,11,AO634896,123,07:45,18:20,Sample Mate 112
2026-09-24,SA25XMM,Newport,3.5 Tonne,VOR,0,0,0,,,,,
2026-09-24,SA24NGE,Spennymoor,3.5 Tonne,Out for Delivery,1,3,20,AO981117,120,07:15,18:20,Sample Mate 057
2026-09-24,SA23LNH,Spennymoor,3.5 Tonne,Out for Delivery,1,0,10,AO805847,105,06:30,16:35,
2026-09-24,SA19BPJ,Spennymoor,3.5 Tonne,RELOAD PT 2,1,3,17,AO218670,169,07:15,18:05,Sample Mate 081
2026-09-24,SA25ZKJ,Spennymoor,3.5 Tonne,Out for Delivery,1,1,16,AO389360,168,08:45,15:20,Sample Mate 118
2026-09-24,SA20WKR,Spennymoor,3.5 Tonne,Out for Delivery,1,4,12,AO556318,149,06:45,16:20,Sample Mate 061
2026-09-24,SA23OJS,Spennymoor,3.5 Tonne,Out for Delivery,1,4,12,AO329354,186,06:15,14:35,Sample Mate 102
2026-09-24,SA25EED,Spennymoor,Hi-Cube,Out for Delivery,1,1,17,AO799943,138,05:00,15:05,
2026-09-24,SA22SNJ,Spennymoor,Hi-Cube,Out for Delivery,1,4,19,AO905413,146,08:15,17:20,Sample Mate 111
2026-09-24,SA23ELF,Spennymoor,Hi-Cube,Stood,0,0,0,,,,,
2026-09-24,SA22YHZ,Spennymoor,3.5 Tonne,Out for Delivery,1,4,8,AO995299,161,05:45,14:20,Sample Mate 092
2026-09-24,SA21GKN,Dundee,3.5 Tonne,Out for Delivery,1,3,14,AO121499,139,05:45,12:20,Sample Mate 046
2026-09-24,SA25EAJ,Dundee,3.5 Tonne,Out for Delivery,1,4,16,AO425406,171,07:15,15:20,
2026-09-24,SA19JDA,Dundee,3.5 Tonne,Stood,0,0,0,,,,,
2026-09-24,SA22ROJ,Dundee,3.5 Tonne,Out for Delivery,1,3,19,AO662348,168,08:00,17:20,Sample Mate 103
2026-09-24,SA22DKF,Dundee,3.5 Tonne,Out for Delivery,1,1,14,AO523586,102,08:15,18:05,Sample Mate 023
2026-09-24,SA21BZA,Dundee,3.5 Tonne,Out for Delivery,1,1,12,AO754276,113,06:45,15:35,
2026-09-24,SA23RHZ,Dundee,Hi-Cube,Stood,0,0,0,,,,,
2026-09-24,SA24HUJ,Dundee,Hi-Cube,Out for Delivery,1,0,12,AO908639,154,05:00,13:50,Sample Mate 042
2026-09-24,SA24XPF,Dundee,Hi-Cube,Stood Not Utilised,0,0,0,,,,,
2026-09-24,SA21CCO,Crawley,3.5 Tonne,Out for Delivery,1,4,12,AO705207,160,07:00,16:20,Sample Mate 008
2026-09-24,SA22YMS,Crawley,3.5 Tonne,Stood,0,0,0,,,,,
2026-09-24,SA23TCW,Crawley,3.5 Tonne,Out for Delivery,1,3,20,AO952652,148,07:30,15:50,Sample Mate 037
2026-09-24,SA23LTT,Crawley,3.5 Tonne,Stood Not Utilised,0,0,0,,,,,
2026-09-24,SA20CXC,Crawley,3.5 Tonne,Out for Delivery,1,2,8,AO431681,103,08:15,17:20,Sample Mate 102
2026-09-24,SA22KZH,Crawley,3.5 Tonne,Stood,0,0,0,,,,,
2026-09-24,SA24SVW,Crawley,3.5 Tonne,Stood Not Utilised,0,0,0,,,,,
2026-09-24,SA22CFJ,Crawley,Hi-Cube,Out for Delivery,1,2,22,AO602186,131,05:30,16:05,
2026-09-24,SA21CEN,Heywood,Hi-Cube,Stood,0,0,0,,,,,
2026-09-24,SA23SWZ,Heywood,Hi-Cube,Stood,0,0,0,,,,,
2026-09-24,SA22LUM,Heywood,3.5 Tonne,Out for Delivery,1,3,21,AO222252,159,08:15,16:05,
2026-09-24,SA25KXF,Heywood,3.5 Tonne,Out for Delivery,1,4,13,AO478515,109,07:45,16:50,
2026-09-24,SA24WUX,Heywood,3.5 Tonne,Out for Delivery,1,0,22,AO758344,157,05:00,12:50,Sample Mate 034
2026-09-24,SA19GHF,Heywood,3.5 Tonne,Out for Delivery,1,4,8,AO122492,118,06:45,17:35,
2026-09-24,SA21VAL,Heywood,3.5 Tonne,Out for Delivery,1,4,13,AO211269,148,06:30,14:20,
2026-09-24,SA23BVR,Heywood,3.5 Tonne,Out for Delivery,1,2,17,AO486018,159,06:00,16:50,
2026-09-24,SA24UTB,Larkhall,3.5 Tonne,Stood Not Utilised,0,0,0,,,,,
2026-09-24,SA19AAK,Larkhall,Hi-Cube,Out for Delivery,1,3,10,AO780910,199,05:15,15:05,
2026-09-24,SA19FOW,Larkhall,Hi-Cube,Out for Delivery,1,1,21,AO505491,127,05:30,15:20,Sample Mate 029
2026-09-24,SA19MYE,Larkhall,Hi-Cube,Out for Delivery,1,1,10,AO713471,184,06:45,16:20,
2026-09-24,SA19SSR,Larkhall,3.5 Tonne,Stood Not Utilised,0,0,0,,,,,
2026-09-24,SA20SBV,Larkhall,3.5 Tonne,Out for Delivery,1,0,13,AO248507,146,06:30,13:20,Sample Mate 015
2026-09-24,SA21JDG,Larkhall,3.5 Tonne,Stood Not Utilised,0,0,0,,,,,
2026-09-24,SA25OEB,Basildon,3.5 Tonne,Stood,0,0,0,,,,,
2026-09-24,SA20DZU,Basildon,3.5 Tonne,Out for Delivery,1,2,13,AO659407,187,06:15,16:35,
2026-09-24,SA19XOT,Basildon,3.5 Tonne,Out for Delivery,1,0,11,AO146556,182,08:00,17:05,
2026-09-24,SA21FMO,Basildon,3.5 Tonne,VOR,0,0,0,,,,,
2026-09-24,SA24GBF,Basildon,Hi-Cube,Out for Delivery,1,3,12,AO688506,116,06:30,16:50,Sample Mate 081
2026-09-24,SA25RNO,Basildon,Hi-Cube,Out for Delivery,1,3,10,AO466226,190,07:15,15:50,Sample Mate 040
2026-09-24,SA19XZU,Outside HDV Network,Hi-Cube,Out for Delivery,1,3,18,AO514489,172,06:15,14:20,Sample Mate 079
2026-09-24,SA19LMO,Outside HDV Network,3.5 Tonne,Out for Delivery,1,0,20,AO701359,125,08:15,18:05,Sample Mate 116
2026-09-24,SA24CXH,Outside HDV Network,3.5 Tonne,Out for Delivery,1,2,22,AO381027,162,05:30,15:20,
2026-09-24,SA24ACZ,Outside HDV Network,3.5 Tonne,Stood Not Utilised,0,0,0,,,,,
2026-09-24,SA20EXZ,Fareham,3.5 Tonne,Out for Delivery,1,2,14,AO717292,144,06:00,13:05,Sample Mate 103
2026-09-24,SA21GBX,Fareham,3.5 Tonne,Out for Delivery,1,4,13,AO369463,164,06:00,14:20,
2026-09-24,SA19LNB,Fareham,3.5 Tonne,VOR,0,0,0,,,,,
2026-09-24,SA19PGR,Fareham,3.5 Tonne,Out for Delivery,1,1,8,AO484538,183,05:45,16:05,
2026-09-24,SA19WEJ,Avonmouth,Hi-Cube,Stood Not Utilised,0,0,0,,,,,
2026-09-24,SA22DLG,Avonmouth,Hi-Cube,Out for Delivery,1,1,15,AO487937,167,07:15,17:05,
2026-09-24,SA24FWY,Avonmouth,Hi-Cube,Out for Delivery,1,2,14,AO264388,111,06:15,17:50,
2026-09-24,SA23LBS,Crewe,3.5 Tonne,Out for Delivery,1,3,8,AO575258,111,07:15,15:05,Sample Mate 014
2026-09-24,SA25BSS,Crewe,3.5 Tonne,Out for Delivery,1,0,19,AO415530,169,05:45,16:50,
2026-09-24,SA20FBH,Crewe,3.5 Tonne,Out for Delivery,1,3,14,AO442950,122,06:00,17:05,Sample Mate 069
2026-09-24,SA22TSZ,Crewe,3.5 Tonne,Out for Delivery,1,4,16,AO473494,139,07:45,17:20,Sample Mate 021
2026-09-24,SA25DST,Crewe,3.5 Tonne,Out for Delivery,1,4,21,AO231401,111,06:45,14:50,
2026-09-24,SA25XEN,Crewe,3.5 Tonne,Out for Delivery,1,1,14,AO625791,110,06:45,15:20,Sample Mate 077
2026-09-24,SA23BYE,Crewe,3.5 Tonne,VOR,0,0,0,,,,,
2026-09-24,SA19MRR,Crewe,Hi-Cube,Out for Delivery,1,2,8,AO306675,152,08:00,18:20,Sample Mate 050
2026-09-24,SA24DLU,Crewe,Hi-Cube,Stood Not Utilised,0,0,0,,,,,
2026-09-24,SA25YOS,Crewe,Hi-Cube,Out for Delivery,1,4,20,AO878154,115,06:45,16:20,
2026-09-24,SA19JFP,Crewe,3.5 Tonne,Stood Not Utilised,0,0,0,,,,,
2026-09-24,SA25VBZ,Crewe,3.5 Tonne,Out for Delivery,1,4,13,AO714303,126,05:15,16:20,
2026-09-24,SA19CNH,Crewe,3.5 Tonne,Out for Delivery,1,0,9,AO767000,171,06:45,15:35,
2026-09-24,SA21DSL,Crewe,3.5 Tonne,Out for Delivery,1,3,11,AO240987,172,06:00,14:50,
2026-09-24,SA20UEE,Crewe,3.5 Tonne,VOR,0,0,0,,,,,
2026-09-24,SA19YDC,Crewe,3.5 Tonne,Out for Delivery,1,0,20,AO716180,138,06:00,13:05,Sample Mate 053
2026-09-24,SA22BPZ,Crewe,3.5 Tonne,RELOAD PT 2,1,4,18,AO967572,186,07:45,15:35,Sample Mate 068
2026-09-24,SA23JPZ,Crewe,Hi-Cube,Out for Delivery,1,0,8,AO745470,165,06:00,14:05,
2026-09-24,SA19ECR,Crewe,Hi-Cube,Out for Delivery,1,0,21,AO167235,147,08:45,17:20,Sample Mate 085
2026-09-24,SA21HCL,Crewe,Hi-Cube,Out for Delivery,1,4,12,AO406426,189,06:00,15:20,Sample Mate 066
2026-09-24,SA25FMP,Crewe,3.5 Tonne,Out for Delivery,1,2,15,AO690918,146,05:30,15:05,
2026-09-24,SA20CBD,Crewe,3.5 Tonne,Out for Delivery,1,4,14,AO251483,108,06:30,14:35,
2026-09-24,SA22BVF,Crewe,3.5 Tonne,Stood Not Utilised,0,0,0,,,,,
2026-09-24,SA24UTV,Crewe,3.5 Tonne,Stood,0,0,0,,,,,
2026-09-24,SA19UEA,Crewe,3.5 Tonne,Out for Delivery,1,1,8,AO774724,199,07:00,17:05,
2026-09-24,SA19NNF,Crewe,3.5 Tonne,Out for Delivery,1,3,13,AO828168,124,06:45,15:20,
2026-09-24,SA25GBJ,Crewe,3.5 Tonne,Out for Delivery,1,3,17,AO433116,168,08:30,15:05,Sample Mate 065
2026-09-24,SA24DKG,Crewe,Hi-Cube,RELOAD PT 2,1,0,12,AO622926,195,06:00,15:05,Sample Mate 010
2026-09-24,SA25FXR,Crewe,Hi-Cube,Out for Delivery,1,2,10,AO141000,156,06:00,13:05,
2026-09-24,SA25GPM,Crewe,Hi-Cube,Out for Delivery,1,1,12,AO392068,183,06:45,15:50,
2026-09-24,SA20NMS,Crewe,3.5 Tonne,Stood,0,0,0,,,,,
2026-09-24,SA21UZE,Crewe,3.5 Tonne,Out for Delivery,1,0,15,AO141549,174,06:15,15:35,Sample Mate 078
2026-09-24,SA19ZOT,Crewe,3.5 Tonne,Out for Delivery,1,1,10,AO697066,177,07:00,16:50,Sample Mate 108
2026-09-24,SA21UZJ,Crewe,3.5 Tonne,Out for Delivery,1,0,11,AO435661,161,07:15,15:35,
2026-09-24,SA19TOW,Crewe,3.5 Tonne,Stood Not Utilised,0,0,0,,,,,
2026-09-24,SA21DLX,Crewe,3.5 Tonne,Out for Delivery,1,4,12,AO454320,145,05:45,12:50,
2026-09-24,SA22MAN,Crewe,3.5 Tonne,Out for Delivery,1,1,11,AO152303,161,07:00,15:20,
2026-09-24,SA20VGF,Crewe,Hi-Cube,Out for Delivery,1,3,18,AO862807,193,06:15,13:50,Sample Mate 021
2026-09-24,SA19XLS,Crossgreen,Hi-Cube,Out for Delivery,1,3,22,AO660290,101,07:30,14:05,Sample Mate 062
2026-09-24,SA21ZDO,Crossgreen,Hi-Cube,VOR,0,0,0,,,,,
2026-09-24,SA21CHE,Crossgreen,3.5 Tonne,Out for Delivery,1,0,20,AO208694,186,08:00,15:35,
2026-09-24,SA23DFF,Crossgreen,3.5 Tonne,VOR,0,0,0,,,,,
2026-09-24,SA19NED,Crossgreen,3.5 Tonne,Out for Delivery,1,1,13,AO605273,125,06:15,13:20,Sample Mate 105
2026-09-24,SA19NWX,Crossgreen,3.5 Tonne,Out for Delivery,1,0,10,AO537878,186,05:00,12:35,
2026-09-24,SA25CNY,Crossgreen,3.5 Tonne,Out for Delivery,1,1,21,AO155301,182,08:45,18:20,Sample Mate 112
2026-09-24,SA23CDN,Crossgreen,3.5 Tonne,Out for Delivery,1,1,18,AO618658,198,07:00,15:50,Sample Mate 043
2026-09-24,SA19LOX,Crossgreen,3.5 Tonne,Out for Delivery,1,0,18,AO461970,116,08:15,17:05,
2026-09-24,SA25CCF,Crossgreen,Hi-Cube,VOR,0,0,0,,,,,
2026-09-24,SA23PMY,Crossgreen,Hi-Cube,VOR,0,0,0,,,,,
2026-09-24,SA20YRS,Crossgreen,Hi-Cube,Out for Delivery,1,0,14,AO748978,145,06:15,14:20,Sample Mate 040
2026-09-24,SA23SMA,Crossgreen,3.5 Tonne,VOR,0,0,0,,,,,
2026-09-24,SA19XKN,Crossgreen,3.5 Tonne,Out for Delivery,1,0,22,AO722907,149,05:00,12:20,Sample Mate 086
2026-09-24,SA21VER,Crossgreen,3.5 Tonne,Out for Delivery,1,2,19,AO136425,158,06:00,15:05,
2026-09-24,SA19TVB,Stoke,3.5 Tonne,Out for Delivery,1,3,14,AO252707,123,07:30,15:35,Sample Mate 042
2026-09-24,SA22UUP,Stoke,3.5 Tonne,Out for Delivery,1,4,20,AO994261,197,06:30,17:20,
2026-09-24,SA21UZD,Stoke,3.5 Tonne,Out for Delivery,1,0,10,AO359869,186,07:45,15:50,Sample Mate 030
2026-09-24,SA21CDW,Stoke,3.5 Tonne,Out for Delivery,1,3,14,AO445673,186,08:15,15:05,
2026-09-24,SA21LRE,Stoke,Hi-Cube,Out for Delivery,1,3,22,AO352275,176,05:15,12:50,
2026-09-24,SA20WLB,Stoke,Hi-Cube,Stood Not Utilised,0,0,0,,,,,
2026-09-24,SA24NET,Stoke,Hi-Cube,Out for Delivery,1,4,8,AO230840,151,06:15,15:05,
2026-09-24,SA23ZOM,Stoke,3.5 Tonne,Out for Delivery,1,0,13,AO837112,131,06:15,14:05,
2026-09-24,SA25WUH,Stoke,3.5 Tonne,VOR,0,0,0,,,,,
2026-09-24,SA20GUD,Stoke,3.5 Tonne,Out for Delivery,1,1,16,AO914973,172,07:00,14:50,Sample Mate 041
2026-09-24,SA24ZYS,Stoke,3.5 Tonne,VOR,0,0,0,,,,,
2026-09-24,SA19LBV,Stoke,3.5 Tonne,Out for Delivery,1,0,18,AO888682,122,07:15,16:20,
2026-09-24,SA19KFD,Stoke,3.5 Tonne,Out for Delivery,1,1,15,AO680738,159,07:30,18:35,
2026-09-24,SA23BZY,Exeter,3.5 Tonne,Out for Delivery,1,0,13,AO227194,166,07:45,18:35,
2026-09-24,SA19ZDR,Exeter,Hi-Cube,Stood,0,0,0,,,,,
2026-09-24,SA19JLV,Exeter,Hi-Cube,Stood Not Utilised,0,0,0,,,,,
2026-09-24,SA20HPY,Exeter,Hi-Cube,Out for Delivery,1,1,21,AO721842,143,06:15,13:20,Sample Mate 053
2026-09-24,SA22EVO,Exeter,3.5 Tonne,Out for Delivery,1,3,17,AO157451,105,05:30,16:35,Sample Mate 074
2026-09-24,SA24CLV,Exeter,3.5 Tonne,Out for Delivery,1,0,9,AO775579,145,05:15,14:20,Sample Mate 062
2026-09-24,SA22TYE,Exeter,3.5 Tonne,Out for Delivery,1,1,19,AO675108,179,07:00,16:35,Sample Mate 039
2026-09-24,SA21ALE,Exeter,3.5 Tonne,Out for Delivery,1,2,22,AO664959,122,08:15,15:50,
2026-09-24,SA20DZV,Exeter,3.5 Tonne,RELOAD PT 2,1,1,8,AO268329,172,06:30,14:50,Sample Mate 065
2026-09-24,SA19TKZ,Exeter,3.5 Tonne,Out for Delivery,1,4,14,AO931332,140,07:15,15:20,
2026-09-24,SA24UBW,Exeter,3.5 Tonne,VOR,0,0,0,,,,,
2026-09-24,SA22DLT,Exeter,Hi-Cube,Stood Not Utilised,0,0,0,,,,,
2026-09-24,SA20AMK,Coventry,Hi-Cube,Out for Delivery,1,2,10,AO943046,176,06:15,17:20,
2026-09-24,SA20TRB,Coventry,Hi-Cube,Out for Delivery,1,0,8,AO763780,177,08:00,19:20,
2026-09-24,SA21YHN,Coventry,3.5 Tonne,Out for Delivery,1,4,16,AO480583,155,05:30,14:20,
2026-09-24,SA25OFL,Coventry,3.5 Tonne,Out for Delivery,1,1,22,AO393117,193,06:45,17:35,Sample Mate 031
2026-09-24,SA25GVF,Coventry,3.5 Tonne,Out for Delivery,1,2,8,AO790466,166,06:45,15:20,
2026-09-24,SA25HHH,Coventry,3.5 Tonne,Stood Not Utilised,0,0,0,,,,,
2026-09-24,SA22UNE,Coventry,3.5 Tonne,VOR,0,0,0,,,,,
2026-09-24,SA23JZS,Coventry,3.5 Tonne,Out for Delivery,1,0,12,AO108161,185,05:30,15:20,
2026-09-24,SA22BPB,Coventry,3.5 Tonne,Out for Delivery,1,0,9,AO894760,126,06:00,14:20,Sample Mate 100
2026-09-24,SA25ARM,Coventry,Hi-Cube,Out for Delivery,1,1,21,AO551963,143,06:00,13:50,Sample Mate 101
2026-09-24,SA22WDT,Coventry,Hi-Cube,Out for Delivery,1,3,21,AO577394,160,05:30,16:35,Sample Mate 102
2026-09-24,SA22MSC,Potters-Bar,Hi-Cube,RELOAD PT 2,1,2,14,AO372094,165,08:45,16:35,
2026-09-24,SA22ZWZ,Potters-Bar,3.5 Tonne,Out for Delivery,1,2,15,AO120796,152,07:30,15:05,Sample Mate 097
2026-09-24,SA23RZJ,Potters-Bar,3.5 Tonne,Out for Delivery,1,1,16,AO438100,198,07:45,16:50,
2026-09-24,SA22OTU,Potters-Bar,3.5 Tonne,Out for Delivery,1,1,21,AO858820,155,07:00,16:20,Sample Mate 036
2026-09-24,SA21FCH,Potters-Bar,3.5 Tonne,VOR,0,0,0,,,,,
2026-09-24,SA20PCO,Potters-Bar,3.5 Tonne,Out for Delivery,1,1,10,AO625789,185,06:30,15:35,Sample Mate 106
2026-09-24,SA25BFB,Potters-Bar,3.5 Tonne,Out for Delivery,1,2,19,AO868150,102,06:00,16:35,Sample Mate 098
2026-09-24,SA19DRJ,Potters-Bar,3.5 Tonne,Out for Delivery,1,4,16,AO750065,126,08:30,18:50,Sample Mate 074
2026-09-24,SA23EWM,Potters-Bar,Hi-Cube,Out for Delivery,1,1,20,AO789618,133,07:00,14:05,Sample Mate 029
2026-09-24,SA20UTN,Potters-Bar,Hi-Cube,Out for Delivery,1,2,14,AO347366,190,06:00,16:35,Sample Mate 029
2026-09-24,SA21VHW,Potters-Bar,Hi-Cube,Out for Delivery,1,4,20,AO730910,129,07:45,16:05,
2026-09-24,SA24EGM,Gravesend,3.5 Tonne,RELOAD PT 2,1,4,9,AO222983,194,05:45,13:50,
2026-09-24,SA20USA,Gravesend,3.5 Tonne,Out for Delivery,1,0,17,AO803314,115,08:45,18:50,
2026-09-24,SA21DKO,Gravesend,3.5 Tonne,Out for Delivery,1,2,14,AO604984,193,05:00,15:20,
2026-09-24,SA21VKR,Gravesend,3.5 Tonne,RELOAD PT 2,1,0,15,AO448908,108,08:30,15:20,
2026-09-24,SA24WSV,Gravesend,3.5 Tonne,Out for Delivery,1,4,19,AO706105,158,07:15,18:05,Sample Mate 069
2026-09-24,SA22TVT,Gravesend,3.5 Tonne,Out for Delivery,1,3,11,AO172307,108,05:15,12:05,Sample Mate 064
2026-09-24,SA22OKR,Gravesend,3.5 Tonne,Out for Delivery,1,0,18,AO946246,104,05:30,16:05,Sample Mate 098
2026-09-24,SA24YXV,Gravesend,Hi-Cube,Out for Delivery,1,2,21,AO644795,196,06:30,13:50,Sample Mate 049
2026-09-24,SA23ZEG,Gravesend,Hi-Cube,Out for Delivery,1,4,11,AO859136,111,06:15,13:05,
2026-09-24,SA25HWN,Gravesend,Hi-Cube,Out for Delivery,1,1,22,AO838227,155,06:30,17:50,Sample Mate 061
2026-09-24,SA23HXN,Gravesend,3.5 Tonne,Out for Delivery,1,0,14,AO262617,129,07:45,18:50,
2026-09-24,SA20CKP,Yaxley,3.5 Tonne,Out for Delivery,1,2,18,AO733767,126,05:45,16:35,Sample Mate 105
2026-09-24,SA22NUY,Yaxley,3.5 Tonne,Out for Delivery,1,1,20,AO696163,190,08:45,16:50,
2026-09-24,SA25DXX,Yaxley,3.5 Tonne,Stood,0,0,0,,,,,
2026-09-24,SA20TPF,Yaxley,3.5 Tonne,Out for Delivery,1,2,9,AO218044,156,07:30,14:50,
2026-09-24,SA20JNS,Yaxley,3.5 Tonne,Out for Delivery,1,3,13,AO798500,190,06:15,17:35,
2026-09-24,SA21LKC,Yaxley,3.5 Tonne,VOR,0,0,0,,,,,
2026-09-24,SA23CEV,Yaxley,Hi-Cube,Out for Delivery,1,0,14,AO373775,176,06:15,13:05,Sample Mate 051
2026-09-24,SA19TEY,Yaxley,Hi-Cube,Out for Delivery,1,0,19,AO268484,169,05:30,12:50,Sample Mate 109
2026-09-24,SA23VWZ,Yaxley,Hi-Cube,Out for Delivery,1,2,10,AO619938,103,06:00,15:50,
2026-09-24,SA23YPM,Yaxley,3.5 Tonne,Out for Delivery,1,1,11,AO168242,169,05:15,12:50,
2026-09-24,SA21CTP,Luton,3.5 Tonne,Stood Not Utilised,0,0,0,,,,,
2026-09-24,SA20HOW,Luton,3.5 Tonne,RELOAD PT 2,1,3,17,AO702696,118,08:30,15:05,Sample Mate 078
2026-09-24,SA23XGS,Luton,3.5 Tonne,VOR,0,0,0,,,,,
2026-09-24,SA25FZR,Luton,3.5 Tonne,Out for Delivery,1,3,8,AO218714,196,06:45,14:35,
2026-09-24,SA24TBJ,Luton,3.5 Tonne,Stood Not Utilised,0,0,0,,,,,
2026-09-24,SA21RWX,Luton,3.5 Tonne,Out for Delivery,1,4,18,AO374341,118,06:45,15:35,Sample Mate 033
2026-09-24,SA25ZDS,Luton,Hi-Cube,Out for Delivery,1,4,17,AO750806,158,06:30,13:50,Sample Mate 026
2026-09-24,SA21BSM,Luton,Hi-Cube,Out for Delivery,1,1,16,AO856337,124,05:45,13:50,Sample Mate 075
2026-09-24,SA21LYC,Luton,Hi-Cube,Stood Not Utilised,0,0,0,,,,,
2026-09-24,SA23UUX,Luton,3.5 Tonne,Out for Delivery,1,0,11,AO558457,151,05:00,16:50,
2026-09-24,SA25HTE,Newport,3.5 Tonne,Out for Delivery,1,3,15,AO737190,115,08:15,19:05,Sample Mate 105
2026-09-24,SA20YYE,Newport,3.5 Tonne,Out for Delivery,1,4,22,AO833342,198,08:45,19:35,
2026-09-24,SA25HKJ,Newport,3.5 Tonne,Out for Delivery,1,3,17,AO451665,131,06:15,16:05,
2026-09-24,SA23EPZ,Newport,3.5 Tonne,Out for Delivery,1,2,8,AO875212,173,06:15,13:35,
2026-09-24,SA21NVS,Newport,3.5 Tonne,Stood Not Utilised,0,0,0,,,,,
2026-09-24,SA20TYO,Newport,3.5 Tonne,VOR,0,0,0,,,,,
2026-09-24,SA19MCG,Newport,Hi-Cube,Out for Delivery,1,4,13,AO457265,131,05:15,14:05,Sample Mate 063
2026-09-24,SA25BMC,Newport,Hi-Cube,VOR,0,0,0,,,,,
2026-09-24,SA21KRA,Newport,Hi-Cube,Out for Delivery,1,2,8,AO167966,172,07:45,14:50,
2026-09-24,SA19DRA,Newport,3.5 Tonne,Stood,0,0,0,,,,,
2026-09-24,SA20GDO,Spennymoor,3.5 Tonne,Out for Delivery,1,1,15,AO554240,185,08:30,16:50,Sample Mate 050
2026-09-24,SA20PDC,Spennymoor,3.5 Tonne,Stood Not Utilised,0,0,0,,,,,
2026-09-24,SA20XTS,Spennymoor,3.5 Tonne,Out for Delivery,1,0,16,AO101613,147,05:00,16:35,Sample Mate 024
2026-09-24,SA21MOH,Spennymoor,3.5 Tonne,Out for Delivery,1,0,17,AO659174,159,06:15,13:05,
2026-09-24,SA23SYT,Spennymoor,3.5 Tonne,Out for Delivery,1,0,20,AO992282,198,05:15,15:05,Sample Mate 015
2026-09-24,SA23HWK,Spennymoor,3.5 Tonne,Stood Not Utilised,0,0,0,,,,,
2026-09-24,SA23KYB,Spennymoor,Hi-Cube,Out for Delivery,1,0,15,AO997708,165,06:00,15:20,Sample Mate 052
2026-09-24,SA24VPW,Crewe,18 Tonne,Out for Delivery,1,1,21,AO446954,126,07:30,18:35,
2026-09-24,SA19DSG,Crewe,18 Tonne,Stood,0,0,0,,,,,
2026-09-24,SA24SHG,Crewe,18 Tonne,Out for Delivery,1,2,14,AO374834,189,07:00,18:50,
2026-09-24,SA23MDE,Crewe,18 Tonne,Out for Delivery,1,1,19,AO433366,142,07:15,14:20,Sample Mate 006
2026-09-24,SA25ZDT,Crewe,18 Tonne,Out for Delivery,1,1,17,AO334878,197,06:30,16:35,Sample Mate 009
2026-09-24,SA23SWO,Crewe,18 Tonne,Stood,0,0,0,,,,,
2026-09-24,SA24RVH,Crewe,18 Tonne,Out for Delivery,1,1,10,AO388157,191,06:30,14:20,Sample Mate 109
2026-09-24,SA20NEV,Crewe,18 Tonne,Out for Delivery,1,2,9,AO185143,161,06:00,15:20,Sample Mate 050
2026-09-24,SA21XVA,Crewe,18 Tonne,Out for Delivery,1,1,11,AO711730,196,07:45,14:20,
2026-09-24,SA22LYH,Crewe,18 Tonne,Out for Delivery,1,1,10,AO432310,196,05:45,14:20,
2026-09-24,SA21JTW,Crewe,18 Tonne,Stood Not Utilised,0,0,0,,,,,
2026-09-24,SA21XVX,Crewe,18 Tonne,Stood Not Utilised,0,0,0,,,,,
2026-09-24,SA23RCF,Crewe,18 Tonne,Stood Not Utilised,0,0,0,,,,,
2026-09-24,SA25RMO,Crewe,18 Tonne,Stood Not Utilised,0,0,0,,,,,
2026-09-24,SA24LJW,Crewe,18 Tonne,Out for Delivery,1,3,10,AO710326,179,06:30,17:20,
2026-09-24,SA20OWC,Crewe,18 Tonne,Out for Delivery,1,3,13,AO810513,158,06:15,14:35,
2026-09-24,SA19DBD,Crewe,18 Tonne,Stood Not Utilised,0,0,0,,,,,
2026-09-24,SA24LDP,Crewe,18 Tonne,Out for Delivery,1,4,19,AO148842,190,08:15,16:05,
2026-09-24,SA23KXZ,Crewe,18 Tonne,Out for Delivery,1,2,15,AO662737,197,07:30,14:20,Sample Mate 072
2026-09-24,SA21ODB,Crewe,18 Tonne,VOR,0,0,0,,,,,
2026-09-24,SA24FBZ,Crewe,18 Tonne,Out for Delivery,1,3,9,AO791134,119,06:00,17:05,Sample Mate 068
2026-09-24,SA21TMJ,Crewe,18 Tonne,Stood,0,0,0,,,,,
2026-09-24,SA24HBV,Crewe,18 Tonne,Out for Delivery,1,2,22,AO770545,145,07:00,18:50,Sample Mate 005
2026-09-24,SA24OKB,Crewe,18 Tonne,Out for Delivery,1,3,19,AO795893,164,06:15,17:05,Sample Mate 037
2026-09-24,SA24VYR,Crewe,18 Tonne,Out for Delivery,1,1,8,AO689891,199,06:00,14:20,
2026-09-24,SA24MCW,Crewe,18 Tonne,Out for Delivery,1,3,20,AO769432,119,08:15,16:05,Sample Mate 107
2026-09-24,SA20RLP,Crewe,18 Tonne,RELOAD PT 2,1,0,18,AO229077,127,08:15,18:05,
2026-09-24,SA19CBG,Crewe,18 Tonne,Stood Not Utilised,0,0,0,,,,,
2026-09-24,SA19PMX,Crewe,18 Tonne,Out for Delivery,1,3,22,AO145200,151,05:45,15:50,
2026-09-24,SA21LXC,Crewe,18 Tonne,VOR,0,0,0,,,,,
2026-09-24,SA25TBJ,Crewe,18 Tonne,VOR,0,0,0,,,,,
2026-09-24,SA22PJY,Crewe,18 Tonne,VOR,0,0,0,,,,,
2026-09-24,SA21TOM,Crossgreen,18 Tonne,VOR,0,0,0,,,,,
2026-09-24,SA24KJN,Crossgreen,18 Tonne,Out for Delivery,1,0,12,AO818227,187,06:30,13:50,
2026-09-24,SA21KTM,Crossgreen,18 Tonne,Out for Delivery,1,4,22,AO875037,102,08:45,18:05,Sample Mate 068
2026-09-24,SA23NYF,Crossgreen,18 Tonne,VOR,0,0,0,,,,,
2026-09-24,SA21VPR,Crossgreen,18 Tonne,Out for Delivery,1,4,11,AO676573,175,08:15,19:35,Sample Mate 025
2026-09-24,SA19UCD,Crossgreen,18 Tonne,VOR,0,0,0,,,,,
2026-09-24,SA19KFZ,Crossgreen,18 Tonne,Out for Delivery,1,2,17,AO661896,180,07:00,18:35,Sample Mate 027
2026-09-24,SA22PNW,Crossgreen,18 Tonne,Out for Delivery,1,1,10,AO693338,109,05:15,16:50,
2026-09-24,SA20GGO,Crossgreen,18 Tonne,Out for Delivery,1,1,14,AO943328,133,05:30,13:35,
2026-09-24,SA24KNV,Crossgreen,18 Tonne,Out for Delivery,1,1,22,AO761154,118,06:00,15:50,Sample Mate 055
2026-09-24,SA23UJX,Crossgreen,18 Tonne,Out for Delivery,1,3,14,AO919934,137,07:15,16:05,Sample Mate 108
2026-09-24,SA24ZDJ,Crossgreen,18 Tonne,Stood Not Utilised,0,0,0,,,,,
2026-09-24,SA24CYO,Crossgreen,18 Tonne,VOR,0,0,0,,,,,
2026-09-24,SA19GCZ,Crossgreen,18 Tonne,Out for Delivery,1,1,16,AO105072,110,06:45,14:50,Sample Mate 053
2026-09-24,SA24XKP,Crossgreen,18 Tonne,Out for Delivery,1,4,10,AO878049,162,06:45,13:35,Sample Mate 004
2026-09-24,SA20MNW,Stoke,18 Tonne,VOR,0,0,0,,,,,
2026-09-24,SA21LTS,Stoke,18 Tonne,Out for Delivery,1,3,12,AO999626,177,08:15,19:20,Sample Mate 083
2026-09-24,SA21JWU,Stoke,18 Tonne,Out for Delivery,1,0,14,AO321195,177,05:00,16:50,Sample Mate 052
2026-09-24,SA22MPO,Stoke,18 Tonne,Out for Delivery,1,4,18,AO134158,124,06:15,14:20,Sample Mate 029
2026-09-24,SA23FGZ,Stoke,18 Tonne,Out for Delivery,1,0,13,AO104204,136,06:45,17:35,Sample Mate 050
2026-09-24,SA19AHK,Stoke,18 Tonne,Out for Delivery,1,3,21,AO324798,164,07:00,17:20,
2026-09-24,SA22PLL,Stoke,18 Tonne,Out for Delivery,1,0,21,AO852962,163,05:00,16:05,Sample Mate 003
2026-09-24,SA25ZSG,Stoke,18 Tonne,Out for Delivery,1,1,12,AO937263,126,06:30,13:35,
2026-09-24,SA25GNY,Stoke,18 Tonne,Out for Delivery,1,1,21,AO248372,116,07:15,15:35,
2026-09-24,SA19STN,Stoke,18 Tonne,Stood,0,0,0,,,,,
2026-09-24,SA24VMA,Stoke,18 Tonne,Out for Delivery,1,2,8,AO692145,181,08:15,17:20,
2026-09-24,SA20KVE,Stoke,18 Tonne,Out for Delivery,1,0,14,AO837037,115,06:15,13:35,
2026-09-24,SA25XBH,Stoke,18 Tonne,Out for Delivery,1,0,11,AO888843,176,06:00,17:20,
2026-09-24,SA22ECK,Exeter,18 Tonne,Out for Delivery,1,4,18,AO159560,151,06:45,17:50,
2026-09-24,SA23XWV,Exeter,18 Tonne,VOR,0,0,0,,,,,
2026-09-24,SA24BVV,Exeter,18 Tonne,Out for Delivery,1,3,17,AO527465,172,08:45,16:20,
2026-09-24,SA22GKH,Exeter,18 Tonne,Out for Delivery,1,4,9,AO628108,160,07:15,14:35,
2026-09-24,SA23KXY,Exeter,18 Tonne,Out for Delivery,1,2,14,AO354928,156,07:30,15:50,
2026-09-24,SA24SGK,Exeter,18 Tonne,Out for Delivery,1,4,15,AO718283,115,06:45,17:05,Sample Mate 081
2026-09-24,SA25VWR,Exeter,18 Tonne,Stood,0,0,0,,,,,
2026-09-24,SA19UUP,Exeter,18 Tonne,Out for Delivery,1,3,9,AO389109,108,07:30,16:50,
2026-09-24,SA23GVU,Exeter,18 Tonne,Stood,0,0,0,,,,,
2026-09-24,SA19NLA,Exeter,18 Tonne,Out for Delivery,1,3,13,AO245113,119,05:00,12:20,
2026-09-24,SA23ALA,Exeter,18 Tonne,Out for Delivery,1,1,18,AO718773,168,06:00,14:20,Sample Mate 060
2026-09-24,SA19OYK,Exeter,18 Tonne,Stood Not Utilised,0,0,0,,,,,
2026-09-24,SA24KOK,Coventry,18 Tonne,Out for Delivery,1,3,10,AO557395,150,06:45,13:35,
2026-09-24,SA22YJZ,Coventry,18 Tonne,Out for Delivery,1,4,9,AO834126,173,06:45,15:20,Sample Mate 065
2026-09-24,SA22BHS,Coventry,18 Tonne,Out for Delivery,1,1,14,AO448795,184,05:00,12:05,
2026-09-24,SA24SEK,Coventry,18 Tonne,Out for Delivery,1,1,17,AO617086,151,05:00,15:20,Sample Mate 065
2026-09-24,SA22XYU,Coventry,18 Tonne,Stood Not Utilised,0,0,0,,,,,
2026-09-24,SA24TRA,Coventry,18 Tonne,Stood Not Utilised,0,0,0,,,,,
2026-09-24,SA20EMJ,Coventry,18 Tonne,Stood,0,0,0,,,,,
2026-09-24,SA22XTZ,Coventry,18 Tonne,Out for Delivery,1,3,8,AO278890,167,06:15,14:20,
2026-09-24,SA25JMV,Coventry,18 Tonne,Out for Delivery,1,2,13,AO473796,136,07:00,15:50,
2026-09-24,SA23OFT,Coventry,18 Tonne,Out for Delivery,1,3,11,AO144988,155,08:00,16:50,Sample Mate 107
2026-09-24,SA24MFS,Coventry,18 Tonne,Stood Not Utilised,0,0,0,,,,,
2026-09-24,SA24NEL,Potters-Bar,18 Tonne,Out for Delivery,1,4,9,AO510352,165,06:45,17:20,Sample Mate 095
2026-09-24,SA21ERL,Potters-Bar,18 Tonne,RELOAD PT 2,1,4,10,AO120365,116,06:30,16:50,Sample Mate 033
2026-09-24,SA25UXF,Potters-Bar,18 Tonne,Out for Delivery,1,2,14,AO994421,116,05:30,13:35,Sample Mate 101
2026-09-24,SA25BTB,Potters-Bar,18 Tonne,Out for Delivery,1,1,18,AO452935,170,06:15,16:20,
2026-09-24,SA20YDC,Potters-Bar,18 Tonne,Out for Delivery,1,1,11,AO858881,118,06:45,17:05,Sample Mate 028
2026-09-24,SA19EXF,Potters-Bar,18 Tonne,Stood,0,0,0,,,,,
2026-09-24,SA25CLX,Potters-Bar,18 Tonne,Out for Delivery,1,3,10,AO567990,167,06:30,14:20,
2026-09-24,SA22PGP,Potters-Bar,18 Tonne,Out for Delivery,1,1,15,AO930025,123,07:45,15:05,
2026-09-24,SA21KZG,Potters-Bar,18 Tonne,Out for Delivery,1,2,18,AO277179,104,05:30,13:50,
2026-09-24,SA19TOJ,Potters-Bar,18 Tonne,Out for Delivery,1,3,18,AO634548,162,07:30,14:50,
2026-09-24,SA21ZLW,Potters-Bar,18 Tonne,Stood Not Utilised,0,0,0,,,,,
2026-09-24,SA23TER,Gravesend,18 Tonne,Stood Not Utilised,0,0,0,,,,,
2026-09-24,SA24GBN,Gravesend,18 Tonne,Out for Delivery,1,0,9,AO447165,109,05:30,13:20,
2026-09-24,SA19YVJ,Gravesend,18 Tonne,Out for Delivery,1,0,18,AO233364,101,06:45,17:50,
2026-09-24,SA24PTO,Gravesend,18 Tonne,Out for Delivery,1,0,12,AO823464,172,07:45,17:50,Sample Mate 067
2026-09-24,SA22SAD,Gravesend,18 Tonne,Out for Delivery,1,3,19,AO102728,129,07:45,18:35,Sample Mate 069
2026-09-24,SA20LGB,Gravesend,18 Tonne,VOR,0,0,0,,,,,
2026-09-24,SA22DNE,Gravesend,18 Tonne,Stood,0,0,0,,,,,
2026-09-24,SA24OLT,Gravesend,18 Tonne,Out for Delivery,1,1,14,AO624630,120,08:15,16:35,Sample Mate 039
2026-09-24,SA19JZN,Gravesend,18 Tonne,Out for Delivery,1,0,11,AO352261,148,08:30,18:50,Sample Mate 009
2026-09-24,SA22MOL,Gravesend,18 Tonne,Stood,0,0,0,,,,,
2026-09-24,SA25MPS,Gravesend,18 Tonne,Stood Not Utilised,0,0,0,,,,,
2026-09-24,SA23OPY,Yaxley,18 Tonne,RELOAD PT 2,1,4,9,AO470515,177,08:30,15:50,Sample Mate 002
2026-09-24,SA20ATG,Yaxley,18 Tonne,Out for Delivery,1,1,20,AO287877,192,05:45,13:35,
2026-09-24,SA23MME,Yaxley,18 Tonne,Stood Not Utilised,0,0,0,,,,,
2026-09-24,SA21TSL,Yaxley,18 Tonne,Out for Delivery,1,0,17,AO536041,109,05:30,13:20,Sample Mate 046
2026-09-24,SA21FDE,Yaxley,18 Tonne,Out for Delivery,1,1,22,AO540342,194,08:30,17:35,
2026-09-24,SA25LMC,Yaxley,18 Tonne,Stood,0,0,0,,,,,
2026-09-24,SA20HEP,Yaxley,18 Tonne,Out for Delivery,1,1,21,AO363570,161,05:00,15:50,Sample Mate 119
2026-09-24,SA24BEW,Yaxley,18 Tonne,Out for Delivery,1,4,17,AO886764,196,06:00,17:50,Sample Mate 054
2026-09-24,SA22FUD,Yaxley,18 Tonne,Out for Delivery,1,2,13,AO153163,170,07:15,14:20,
2026-09-24,SA19XKR,Yaxley,18 Tonne,VOR,0,0,0,,,,,
2026-09-24,SA20CLC,Luton,18 Tonne,Out for Delivery,1,0,18,AO137997,131,06:15,17:35,Sample Mate 119
2026-09-24,SA21YYZ,Luton,18 Tonne,Out for Delivery,1,1,20,AO301362,147,06:00,16:50,Sample Mate 039
2026-09-24,SA20PTN,Luton,18 Tonne,Out for Delivery,1,0,22,AO219160,159,06:45,14:20,Sample Mate 015
2026-09-24,SA19ZVG,Luton,18 Tonne,Stood Not Utilised,0,0,0,,,,,
2026-09-24,SA23DMW,Luton,18 Tonne,Stood Not Utilised,0,0,0,,,,,
2026-09-24,SA25NDT,Luton,18 Tonne,Out for Delivery,1,2,8,AO342648,177,06:00,16:05,Sample Mate 010
2026-09-24,SA19MLK,Luton,18 Tonne,Out for Delivery,1,4,17,AO795733,126,05:45,12:50,Sample Mate 030
2026-09-24,SA22DYV,Luton,18 Tonne,Out for Delivery,1,2,12,AO903727,128,07:15,14:20,Sample Mate 007
2026-09-24,SA25NUR,Luton,18 Tonne,Out for Delivery,1,2,16,AO120281,178,07:30,14:20,
2026-09-24,SA23XJU,Luton,18 Tonne,Stood,0,0,0,,,,,
2026-09-24,SA21XEB,Newport,18 Tonne,VOR,0,0,0,,,,,
2026-09-24,SA22FFM,Newport,18 Tonne,Out for Delivery,1,3,15,AO971912,191,05:45,14:50,Sample Mate 060
2026-09-24,SA21EKH,Newport,18 Tonne,Out for Delivery,1,1,9,AO110142,110,06:30,16:50,
2026-09-24,SA22ULC,Newport,18 Tonne,Out for Delivery,1,0,13,AO323362,185,07:00,16:05,Sample Mate 116
2026-09-24,SA24AVF,Newport,18 Tonne,Stood,0,0,0,,,,,
2026-09-24,SA23SWN,Newport,18 Tonne,Stood Not Utilised,0,0,0,,,,,
2026-09-24,SA23UCW,Newport,18 Tonne,Out for Delivery,1,3,11,AO395300,178,06:30,13:50,Sample Mate 035
2026-09-24,SA23GLU,Newport,18 Tonne,Out for Delivery,1,2,10,AO998387,118,07:45,16:20,Sample Mate 001
2026-09-24,SA24LHH,Newport,18 Tonne,Stood Not Utilised,0,0,0,,,,,
2026-09-24,SA21DOM,Newport,18 Tonne,VOR,0,0,0,,,,,
2026-09-24,SA20AGS,Spennymoor,18 Tonne,Out for Delivery,1,4,15,AO262650,141,07:15,18:05,Sample Mate 085
2026-09-24,SA20MVR,Spennymoor,18 Tonne,RELOAD PT 2,1,1,22,AO569632,112,05:00,12:50,
2026-09-24,SA24GNS,Spennymoor,18 Tonne,Out for Delivery,1,3,21,AO978207,184,06:00,15:20,
2026-09-24,SA19PVX,Spennymoor,18 Tonne,Out for Delivery,1,4,9,AO844797,135,08:45,16:35,
2026-09-24,SA21FCG,Spennymoor,18 Tonne,Stood Not Utilised,0,0,0,,,,,
2026-09-24,SA21FTL,Spennymoor,18 Tonne,Stood Not Utilised,0,0,0,,,,,
2026-09-24,SA22XNK,Spennymoor,18 Tonne,Stood Not Utilised,0,0,0,,,,,
2026-09-24,SA21JCW,Spennymoor,18 Tonne,Stood Not Utilised,0,0,0,,,,,
2026-09-24,SA25AYD,Spennymoor,18 Tonne,Out for Delivery,1,0,9,AO529165,105,05:45,13:20,
2026-09-24,SA21PLX,Spennymoor,18 Tonne,RELOAD PT 2,1,3,18,AO571238,135,08:45,15:20,Sample Mate 039
2026-09-24,SA21VDP,Dundee,18 Tonne,Out for Delivery,1,1,20,AO575879,188,06:30,13:50,
2026-09-24,SA19PXJ,Dundee,18 Tonne,Out for Delivery,1,3,20,AO318511,137,08:45,16:50,
2026-09-24,SA19ERR,Dundee,18 Tonne,Out for Delivery,1,4,14,AO371770,180,07:00,14:05,
2026-09-24,SA25MCD,Dundee,18 Tonne,Out for Delivery,1,4,9,AO188714,183,06:00,16:35,
2026-09-24,SA23BFC,Dundee,18 Tonne,Out for Delivery,1,3,20,AO956926,170,06:00,15:50,Sample Mate 052
2026-09-24,SA20ENJ,Dundee,18 Tonne,Stood Not Utilised,0,0,0,,,,,
2026-09-24,SA24GLE,Dundee,18 Tonne,Stood Not Utilised,0,0,0,,,,,
2026-09-24,SA23XPJ,Dundee,18 Tonne,VOR,0,0,0,,,,,
2026-09-24,SA23HRO,Dundee,18 Tonne,Out for Delivery,1,1,18,AO697098,113,05:30,13:20,Sample Mate 006
2026-09-24,SA23MCX,Crawley,18 Tonne,Out for Delivery,1,3,18,AO169734,175,08:45,16:20,
2026-09-24,SA24COE,Crawley,18 Tonne,Out for Delivery,1,4,19,AO620162,172,05:45,15:50,
2026-09-24,SA23RVC,Crawley,18 Tonne,Stood Not Utilised,0,0,0,,,,,
2026-09-24,SA25SCH,Crawley,18 Tonne,Stood,0,0,0,,,,,
2026-09-24,SA22MSZ,Crawley,18 Tonne,Out for Delivery,1,2,17,AO159561,180,07:45,16:20,Sample Mate 057
2026-09-24,SA21NSP,Crawley,18 Tonne,VOR,0,0,0,,,,,
2026-09-24,SA19EWH,Crawley,18 Tonne,Stood Not Utilised,0,0,0,,,,,
2026-09-24,SA22YNN,Crawley,18 Tonne,VOR,0,0,0,,,,,
2026-09-24,SA23PKA,Heywood,18 Tonne,Out for Delivery,1,3,15,AO130185,152,05:45,14:20,Sample Mate 096
2026-09-24,SA23EAU,Heywood,18 Tonne,Out for Delivery,1,4,18,AO544342,183,06:00,16:35,
2026-09-24,SA20NON,Heywood,18 Tonne,Stood Not Utilised,0,0,0,,,,,
2026-09-24,SA21GLB,Heywood,18 Tonne,Stood Not Utilised,0,0,0,,,,,
2026-09-24,SA21FTY,Heywood,18 Tonne,Out for Delivery,1,3,16,AO333471,156,07:30,18:50,
2026-09-24,SA23ENV,Heywood,18 Tonne,Out for Delivery,1,2,20,AO385648,179,06:30,13:05,
2026-09-24,SA24OWT,Heywood,18 Tonne,Out for Delivery,1,0,22,AO355829,170,07:00,18:35,
2026-09-24,SA22UPK,Heywood,18 Tonne,Out for Delivery,1,2,20,AO443962,162,08:15,17:50,Sample Mate 021
2026-09-24,SA19SVY,Larkhall,18 Tonne,Out for Delivery,1,3,13,AO106618,153,06:30,13:50,Sample Mate 022
2026-09-24,SA22NUC,Larkhall,18 Tonne,Stood Not Utilised,0,0,0,,,,,
2026-09-24,SA24TVA,Larkhall,18 Tonne,Out for Delivery,1,2,17,AO715123,146,07:00,16:35,
2026-09-24,SA21EVZ,Larkhall,18 Tonne,Out for Delivery,1,2,19,AO390505,194,08:15,17:05,
2026-09-24,SA24BKV,Larkhall,18 Tonne,VOR,0,0,0,,,,,
2026-09-24,SA20BEY,Larkhall,18 Tonne,Stood,0,0,0,,,,,
2026-09-24,SA19YXV,Larkhall,18 Tonne,Stood Not Utilised,0,0,0,,,,,
2026-09-24,SA20VUH,Basildon,18 Tonne,Out for Delivery,1,3,8,AO227795,122,06:00,13:20,
2026-09-24,SA25LMD,Basildon,18 Tonne,Out for Delivery,1,4,14,AO845414,186,08:00,15:05,
2026-09-24,SA25PEK,Basildon,18 Tonne,Out for Delivery,1,0,22,AO742233,121,07:30,16:50,
2026-09-24,SA25ZHN,Basildon,18 Tonne,Out for Delivery,1,3,11,AO116210,121,05:15,16:50,Sample Mate 105
2026-09-24,SA19DJO,Basildon,18 Tonne,Out for Delivery,1,1,11,AO852022,143,06:45,14:05,
2026-09-24,SA21ZCU,Basildon,18 Tonne,RELOAD PT 2,1,0,16,AO271737,126,07:45,18:50,
2026-09-24,SA23UKX,Outside HDV Network,18 Tonne,Stood,0,0,0,,,,,
2026-09-24,SA20WMN,Outside HDV Network,18 Tonne,Out for Delivery,1,3,8,AO360864,136,06:15,14:20,
2026-09-24,SA24KCG,Outside HDV Network,18 Tonne,Out for Delivery,1,4,9,AO409588,129,08:30,17:20,Sample Mate 074
2026-09-24,SA25FFS,Outside HDV Network,18 Tonne,Out for Delivery,1,0,21,AO406496,127,06:00,14:50,Sample Mate 047
2026-09-24,SA21PEF,Fareham,18 Tonne,Stood,0,0,0,,,,,
2026-09-24,SA25OVW,Fareham,18 Tonne,Stood Not Utilised,0,0,0,,,,,
2026-09-24,SA23DDN,Fareham,18 Tonne,Out for Delivery,1,0,17,AO372262,118,06:00,16:50,
2026-09-24,SA19SJE,Fareham,18 Tonne,Out for Delivery,1,4,22,AO967342,118,08:45,17:35,
2026-09-24,SA24RVO,Avonmouth,18 Tonne,RELOAD PT 2,1,2,13,AO895277,179,08:45,18:20,Sample Mate 003
2026-09-24,SA24VGC,Avonmouth,18 Tonne,VOR,0,0,0,,,,,
2026-09-24,SA25VME,Avonmouth,18 Tonne,Out for Delivery,1,3,8,AO669983,169,07:45,17:35,Sample Mate 069
2026-09-24,SA24SFH,Crewe,18 Tonne,Out for Delivery,1,1,16,AO231002,116,05:00,12:50,
2026-09-24,SA19DVW,Crewe,18 Tonne,Out for Delivery,1,3,13,AO434688,116,06:15,14:35,Sample Mate 067
2026-09-24,SA20KZF,Crewe,18 Tonne,Out for Delivery,1,0,16,AO997735,178,07:45,16:35,Sample Mate 103
2026-09-24,SA23BLN,Crewe,18 Tonne,Out for Delivery,1,0,16,AO318572,112,06:15,13:50,Sample Mate 072
2026-09-24,SA25FGJ,Crewe,18 Tonne,Out for Delivery,1,0,9,AO812237,168,05:15,16:50,
2026-09-24,SA20UPV,Crewe,18 Tonne,Stood Not Utilised,0,0,0,,,,,
2026-09-24,SA24ZLC,Crewe,18 Tonne,Stood Not Utilised,0,0,0,,,,,
2026-09-24,SA22PRW,Crewe,18 Tonne,Out for Delivery,1,3,8,AO499617,198,05:30,14:50,
2026-09-24,SA22XEG,Crewe,18 Tonne,Out for Delivery,1,0,8,AO310325,145,06:00,13:05,
2026-09-24,SA21TGN,Crewe,18 Tonne,Out for Delivery,1,1,8,AO471753,178,06:45,14:50,
2026-09-24,SA21VES,Crewe,18 Tonne,Stood Not Utilised,0,0,0,,,,,
2026-09-24,SA19OJB,Crewe,18 Tonne,Out for Delivery,1,1,11,AO158957,195,06:45,15:05,Sample Mate 085
2026-09-24,SA21WRZ,Crewe,18 Tonne,Out for Delivery,1,0,18,AO186082,139,05:00,16:20,
2026-09-24,SA24GMA,Crewe,18 Tonne,Stood Not Utilised,0,0,0,,,,,
2026-09-24,SA23OGF,Crewe,18 Tonne,Out for Delivery,1,2,10,AO206864,112,05:30,12:05,
2026-09-24,SA22PGB,Crewe,18 Tonne,Stood,0,0,0,,,,,
2026-09-24,SA23XBN,Crewe,18 Tonne,Stood Not Utilised,0,0,0,,,,,
2026-09-24,SA25JZF,Crewe,18 Tonne,Out for Delivery,1,2,10,AO187909,179,05:30,13:50,Sample Mate 047
2026-09-24,SA21WJU,Crewe,18 Tonne,Stood,0,0,0,,,,,
2026-09-24,SA23SZG,Crewe,18 Tonne,Stood Not Utilised,0,0,0,,,,,
2026-09-24,SA24LFW,Crewe,18 Tonne,Out for Delivery,1,4,11,AO174827,123,06:30,16:50,Sample Mate 018
2026-09-24,SA24BGW,Crewe,18 Tonne,Out for Delivery,1,2,20,AO927161,133,05:30,14:20,
2026-09-24,SA20HDT,Crewe,18 Tonne,Out for Delivery,1,2,11,AO942792,168,08:30,18:05,
2026-09-24,SA24ZOC,Crewe,18 Tonne,Out for Delivery,1,3,18,AO172558,124,06:45,17:35,
2026-09-24,SA21WAF,Crewe,18 Tonne,VOR,0,0,0,,,,,
2026-09-24,SA19PHM,Crewe,18 Tonne,Out for Delivery,1,0,22,AO802626,124,05:30,16:35,Sample Mate 086
2026-09-24,SA23HKU,Crewe,18 Tonne,VOR,0,0,0,,,,,
2026-09-24,SA24JXK,Crewe,18 Tonne,Out for Delivery,1,2,13,AO324077,180,06:30,17:20,Sample Mate 042
2026-09-24,SA20NYE,Crewe,18 Tonne,Out for Delivery,1,1,16,AO494922,154,07:30,15:35,Sample Mate 038
2026-09-24,SA22EPR,Crewe,18 Tonne,Stood Not Utilised,0,0,0,,,,,
2026-09-24,SA19KPE,Crewe,18 Tonne,Out for Delivery,1,3,18,AO940934,117,07:30,18:35,Sample Mate 102
2026-09-24,SA24NCV,Crewe,18 Tonne,Stood Not Utilised,0,0,0,,,,,
2026-09-24,SA22HMV,Crewe,18 Tonne,VOR,0,0,0,,,,,
2026-09-24,SA20ELG,Crewe,18 Tonne,Stood Not Utilised,0,0,0,,,,,
2026-09-24,SA24TDY,Crewe,18 Tonne,Out for Delivery,1,1,21,AO496695,150,06:00,17:20,
2026-09-24,SA19ACJ,Crewe,18 Tonne,Stood Not Utilised,0,0,0,,,,,
2026-09-24,SA24BXM,Crewe,18 Tonne,VOR,0,0,0,,,,,
2026-09-24,SA19VRB,Crewe,18 Tonne,Out for Delivery,1,4,15,AO348491,115,06:30,16:20,
2026-09-24,SA21CUB,Crossgreen,18 Tonne,Out for Delivery,1,2,12,AO704222,183,08:15,15:35,
2026-09-24,SA20YCJ,Crossgreen,18 Tonne,Stood Not Utilised,0,0,0,,,,,
2026-09-24,SA23KDV,Crossgreen,18 Tonne,Out for Delivery,1,2,20,AO519546,147,06:30,17:05,
2026-09-24,SA22RWZ,Crossgreen,18 Tonne,Out for Delivery,1,3,13,AO915015,134,07:30,16:50,
2026-09-24,SA22YLB,Crossgreen,18 Tonne,Out for Delivery,1,3,16,AO885085,193,07:00,16:05,Sample Mate 109
2026-09-24,SA19POX,Crossgreen,18 Tonne,RELOAD PT 2,1,3,21,AO232395,150,05:00,16:50,
2026-09-24,SA20BXX,Crossgreen,18 Tonne,VOR,0,0,0,,,,,
2026-09-24,SA19HYA,Crossgreen,18 Tonne,Out for Delivery,1,0,19,AO636973,199,08:45,18:35,Sample Mate 003
2026-09-24,SA19SSO,Crossgreen,18 Tonne,Out for Delivery,1,2,10,AO501331,163,06:45,13:20,
2026-09-24,SA23PCT,Crossgreen,18 Tonne,Stood Not Utilised,0,0,0,,,,,
2026-09-24,SA21NFS,Crossgreen,18 Tonne,Out for Delivery,1,3,13,AO530356,121,07:00,15:20,
2026-09-24,SA20JNH,Crossgreen,18 Tonne,VOR,0,0,0,,,,,
2026-09-24,SA25XAV,Crossgreen,18 Tonne,Out for Delivery,1,4,9,AO685236,155,06:15,15:50,Sample Mate 021
2026-09-24,SA21PAJ,Crossgreen,18 Tonne,VOR,0,0,0,,,,,
2026-09-24,SA22DFO,Crossgreen,18 Tonne,Out for Delivery,1,4,17,AO355133,113,08:15,19:50,Sample Mate 015
2026-09-24,SA19SJL,Stoke,18 Tonne,Stood,0,0,0,,,,,
2026-09-24,SA24FEH,Stoke,18 Tonne,Out for Delivery,1,0,16,AO514568,191,05:00,12:05,Sample Mate 090
2026-09-24,SA23ROA,Stoke,18 Tonne,Out for Delivery,1,4,20,AO521116,104,06:45,16:50,Sample Mate 079
2026-09-24,SA19SWS,Stoke,18 Tonne,Out for Delivery,1,3,10,AO953836,179,08:00,15:35,
2026-09-24,SA20BTE,Stoke,18 Tonne,Stood Not Utilised,0,0,0,,,,,
2026-09-24,SA25SMM,Stoke,18 Tonne,Out for Delivery,1,4,15,AO312637,182,06:30,14:50,
