reg,depot,vehicle_type,source_vehicle_type,make,model,ownership,fleet_group,supplier,registration_year,status,hire_lease_start_date,lease_term_months,lease_cost,weekly_hire_charge,odometer_reading,odometer_unit,inspection_due_date,inspection_frequency_weeks,mot_due_date,mot_frequency_weeks,loler_frequency_weeks,service_due_date,service_frequency_weeks,service_cost,tacho_frequency_weeks,payload_kg,fuel,gearbox_type,livery,rm_cover,telematics,telematics_provider,cctv,trailer_tracker,insurance_database,dart_charge_registered,congestion_zone_registered,merseyflow_registered,three_seater,front_tyre_size,back_tyre_size,date_added,tacho_due_date,middle_tyre_size,loler_due_date
SA22FEL,Crewe,3.5 Tonne,Panel Van,Example Automotive,Cargo Van 100,Hire,Delivery Fleet,Illustration Rentals,2022,Active,2022-10-09,0,0,650,213250,M,2026-08-13,12,2027-04-22,52,0,2026-10-15,26,0,0,1100,Diesel,Manual,Blue,0,1,DemoTrack,1,0,1,0,1,1,1,225/65R16C,225/65R16C,2022-10-09,,,
SA21BEC,Crewe,3.5 Tonne,Panel Van,Example Automotive,Cargo Van 100,Owned,Delivery Fleet,,2021,VOR,2021-07-25,0,0,0,236500,M,2026-11-12,12,2026-10-15,52,0,2026-12-31,26,650,0,1100,Diesel,Manual,White / Sample Branding,1,1,DemoTrack,1,0,0,1,1,0,1,225/65R16C,225/65R16C,2021-07-25,,,
SA23FNN,Crewe,3.5 Tonne,Panel Van,Example Automotive,Cargo Van 100,Lease,Delivery Fleet,Sample Leasing Ltd,2023,Active,2023-12-12,60,323,0,72500,M,2026-12-03,12,2027-09-16,52,0,2026-11-12,26,0,0,1100,Diesel,Manual,Silver,1,0,,0,0,0,1,0,0,1,225/65R16C,225/65R16C,2023-12-12,,,
SA21EVW,Crewe,3.5 Tonne,Panel Van,Example Automotive,Cargo Van 100,Owned,Delivery Fleet,,2021,Active,2021-04-08,0,0,0,149000,M,2026-11-26,12,2026-10-29,52,0,2026-12-24,26,0,0,1100,Diesel,Manual,Blue,0,1,SampleConnect,0,0,1,1,1,1,1,225/65R16C,225/65R16C,2021-04-08,,,
SA24GSA,Crewe,3.5 Tonne,Panel Van,Example Automotive,Cargo Van 100,Lease,Delivery Fleet,Demo Hire Services,2024,VOR,2024-07-03,48,238,0,136250,M,2026-12-10,12,2027-08-12,52,0,2026-11-19,26,650,0,1100,Diesel,Manual,Silver,0,1,SampleConnect,0,0,1,1,1,0,1,225/65R16C,225/65R16C,2024-07-03,,,
SA25PMJ,Crewe,3.5 Tonne,Panel Van,Example Automotive,Cargo Van 100,Owned,Delivery Fleet,,2025,Active,2025-06-15,0,0,0,72250,M,2026-11-12,12,2026-12-24,52,0,2027-03-04,26,400,0,1100,Diesel,Manual,Green / Sample Branding,0,1,FleetExample,0,0,1,1,0,1,0,225/65R16C,225/65R16C,2025-06-15,,,
SA23XMW,Crewe,3.5 Tonne,Panel Van,Example Automotive,Cargo Van 100,Hire,Delivery Fleet,Sample Leasing Ltd,2023,VOR,2023-10-02,0,0,650,68250,M,2026-12-03,12,2027-01-07,52,0,2026-11-26,26,650,0,1100,Diesel,Manual,Blue,0,1,DemoTrack,0,0,0,1,0,1,1,225/65R16C,225/65R16C,2023-10-02,,,
SA24PZB,Crewe,Hi-Cube,Panel Van,Example Automotive,Cargo Van 100,Hire,Delivery Fleet,Illustration Rentals,2024,Active,2024-01-22,0,0,650,168750,M,2026-11-19,12,2027-08-26,52,0,2026-10-01,26,0,0,1100,Diesel,Manual,White / Sample Branding,1,1,FleetExample,0,0,1,1,0,0,1,225/65R16C,225/65R16C,2024-01-22,,,
SA25FSF,Crewe,Hi-Cube,Panel Van,Example Automotive,Cargo Van 100,Owned,Delivery Fleet,,2025,Active,2025-09-02,0,0,0,165250,M,2026-11-12,12,2027-06-24,52,0,2027-02-18,26,250,0,1100,Diesel,Manual,Blue,0,1,SampleConnect,1,0,0,1,0,1,1,225/65R16C,225/65R16C,2025-09-02,,,
SA25CZS,Crewe,Hi-Cube,Panel Van,Example Automotive,Cargo Van 100,Lease,Delivery Fleet,Illustration Rentals,2025,Active,2025-05-02,36,274,0,206500,M,2026-10-08,12,2027-06-10,52,0,2027-03-25,26,0,0,1100,Diesel,Manual,Silver,1,1,DemoTrack,1,0,0,1,1,0,1,225/65R16C,225/65R16C,2025-05-02,,,
SA19MMT,Crewe,3.5 Tonne,Panel Van,Example Automotive,Cargo Van 100,Lease,Delivery Fleet,Example Fleet Partners,2019,Active,2019-08-10,24,389,0,200250,M,2026-10-22,12,2027-02-18,52,0,2026-12-10,26,150,0,1100,Diesel,Manual,White / Sample Branding,1,0,,1,0,0,1,1,0,1,225/65R16C,225/65R16C,2019-08-10,,,
SA21ESV,Crewe,3.5 Tonne,Panel Van,Example Automotive,Cargo Van 100,Lease,Delivery Fleet,Illustration Rentals,2021,Active,2021-07-20,24,215,0,197500,M,2026-11-05,12,2027-02-18,52,0,2027-01-14,26,400,0,1100,Diesel,Manual,Blue,0,1,SampleConnect,0,0,1,1,1,0,0,225/65R16C,225/65R16C,2021-07-20,,,
SA20NSO,Crewe,3.5 Tonne,Panel Van,Example Automotive,Cargo Van 100,Owned,Delivery Fleet,,2020,VOR,2020-02-10,0,0,0,62500,M,2026-11-26,12,2027-07-22,52,0,2026-11-19,26,150,0,1100,Diesel,Manual,Green / Sample Branding,1,1,DemoTrack,0,0,1,1,1,0,1,225/65R16C,225/65R16C,2020-02-10,,,
SA21BXZ,Crewe,3.5 Tonne,Panel Van,Example Automotive,Cargo Van 100,Owned,Delivery Fleet,,2021,Active,2021-09-19,0,0,0,76750,M,2026-11-19,12,2025-10-02,52,0,2026-12-17,26,250,0,1100,Diesel,Manual,White / Sample Branding,0,1,DemoTrack,0,0,1,1,0,0,1,225/65R16C,225/65R16C,2021-09-19,,,
SA23UTA,Crewe,3.5 Tonne,Panel Van,Example Automotive,Cargo Van 100,Lease,Delivery Fleet,Sample Leasing Ltd,2023,Active,2023-12-03,36,359,0,170250,M,2026-11-19,12,2027-07-22,52,0,2026-11-26,26,250,0,1100,Diesel,Manual,White / Sample Branding,0,1,DemoTrack,0,0,1,1,1,0,1,225/65R16C,225/65R16C,2023-12-03,,,
SA23COL,Crewe,3.5 Tonne,Panel Van,Example Automotive,Cargo Van 100,Owned,Delivery Fleet,,2023,Active,2023-10-24,0,0,0,59500,M,2026-12-03,12,2026-11-26,52,0,2026-12-03,26,150,0,1100,Diesel,Manual,Blue,1,0,,1,0,1,1,0,1,1,225/65R16C,225/65R16C,2023-10-24,,,
SA25UXO,Crewe,3.5 Tonne,Panel Van,Example Automotive,Cargo Van 100,Owned,Delivery Fleet,,2025,Active,2025-03-09,0,0,0,89500,M,2026-11-12,12,2027-07-01,52,0,2027-02-11,26,250,0,1100,Diesel,Manual,White,1,0,,1,0,1,1,1,0,1,225/65R16C,225/65R16C,2025-03-09,,,
SA20RUO,Crewe,Hi-Cube,Panel Van,Example Automotive,Cargo Van 100,Hire,Delivery Fleet,Sample Leasing Ltd,2020,Active,2020-06-24,0,0,145,144750,M,2026-12-03,12,2027-04-15,52,0,2027-03-18,26,250,0,1100,Diesel,Manual,Green / Sample Branding,0,1,SampleConnect,0,0,0,1,0,0,1,225/65R16C,225/65R16C,2020-06-24,,,
SA24SKP,Crewe,Hi-Cube,Panel Van,Example Automotive,Cargo Van 100,Hire,Delivery Fleet,Example Fleet Partners,2024,Active,2024-08-04,0,0,650,78500,M,2026-12-17,12,2027-09-09,52,0,2026-12-31,26,150,0,1100,Diesel,Manual,White,0,0,,0,0,0,0,0,0,1,225/65R16C,225/65R16C,2024-08-04,,,
SA19FFM,Crewe,Hi-Cube,Panel Van,Example Automotive,Cargo Van 100,Lease,Delivery Fleet,Illustration Rentals,2019,Active,2019-02-15,36,300,0,163250,M,2026-10-08,12,2026-10-15,52,0,2026-09-24,26,400,0,1100,Diesel,Manual,White,0,0,,1,0,1,0,1,1,1,225/65R16C,225/65R16C,2019-02-15,,,
SA25YOG,Crewe,3.5 Tonne,Panel Van,Example Automotive,Cargo Van 100,Lease,Delivery Fleet,Example Fleet Partners,2025,Active,2025-02-17,24,329,0,152250,M,2026-09-24,12,2027-04-15,52,0,2026-10-22,26,400,0,1100,Diesel,Manual,Blue,0,0,,0,0,1,1,1,0,0,225/65R16C,225/65R16C,2025-02-17,,,
SA22POR,Crewe,3.5 Tonne,Panel Van,Example Automotive,Cargo Van 100,Hire,Delivery Fleet,Sample Leasing Ltd,2022,Active,2022-01-13,0,0,145,107750,M,2026-10-22,12,2027-08-05,52,0,2026-12-10,26,0,0,1100,Diesel,Manual,White / Sample Branding,0,0,,0,0,0,1,0,1,0,225/65R16C,225/65R16C,2022-01-13,,,
SA23TKP,Crewe,3.5 Tonne,Panel Van,Example Automotive,Cargo Van 100,Hire,Delivery Fleet,Illustration Rentals,2023,Active,2023-01-05,0,0,145,148000,M,2026-11-26,12,2027-03-18,52,0,2026-12-03,26,650,0,1100,Diesel,Manual,White / Sample Branding,0,0,,0,0,0,1,0,1,1,225/65R16C,225/65R16C,2023-01-05,,,
SA20PKF,Crewe,3.5 Tonne,Panel Van,Example Automotive,Cargo Van 100,Lease,Delivery Fleet,Illustration Rentals,2020,Active,2020-02-12,36,342,0,237000,M,2026-10-01,12,2027-07-29,52,0,2027-03-18,26,650,0,1100,Diesel,Manual,Blue,0,1,SampleConnect,0,0,0,1,1,0,0,225/65R16C,225/65R16C,2020-02-12,,,
SA22YRV,Crewe,3.5 Tonne,Panel Van,Example Automotive,Cargo Van 100,Hire,Delivery Fleet,Illustration Rentals,2022,Active,2022-07-10,0,0,650,125000,M,2026-12-03,12,2027-04-22,52,0,2027-02-04,26,400,0,1100,Diesel,Manual,Silver,0,1,FleetExample,1,0,1,0,1,1,1,225/65R16C,225/65R16C,2022-07-10,,,
SA23SXC,Crewe,3.5 Tonne,Panel Van,Example Automotive,Cargo Van 100,Lease,Delivery Fleet,Demo Hire Services,2023,VOR,2023-05-26,36,461,0,57500,M,2026-10-22,12,2027-05-06,52,0,2026-10-08,26,150,0,1100,Diesel,Manual,Silver,0,1,FleetExample,0,0,1,1,1,0,1,225/65R16C,225/65R16C,2023-05-26,,,
SA20AFW,Crewe,3.5 Tonne,Panel Van,Example Automotive,Cargo Van 100,Lease,Delivery Fleet,Sample Leasing Ltd,2020,Active,2020-01-03,48,480,0,42000,M,2026-11-19,12,2027-02-18,52,0,2027-03-11,26,0,0,1100,Diesel,Manual,Green / Sample Branding,1,1,SampleConnect,0,0,0,1,1,0,0,225/65R16C,225/65R16C,2020-01-03,,,
SA25ADF,Crewe,Hi-Cube,Panel Van,Example Automotive,Cargo Van 100,Lease,Delivery Fleet,Illustration Rentals,2025,Active,2025-10-28,36,370,0,55250,M,2026-10-22,12,2026-12-10,52,0,2026-11-12,26,0,0,1100,Diesel,Manual,Blue,0,0,,0,0,0,1,0,0,1,225/65R16C,225/65R16C,2025-10-28,,,
SA24AMJ,Crewe,Hi-Cube,Panel Van,Example Automotive,Cargo Van 100,Owned,Delivery Fleet,,2024,Active,2024-04-25,0,0,0,162250,M,2026-10-29,12,2027-04-08,52,0,2026-12-31,26,250,0,1100,Diesel,Manual,Blue,1,1,DemoTrack,0,0,1,1,1,0,0,225/65R16C,225/65R16C,2024-04-25,,,
SA21FFU,Crewe,Hi-Cube,Panel Van,Example Automotive,Cargo Van 100,Owned,Delivery Fleet,,2021,Active,2021-09-21,0,0,0,55250,M,2026-12-10,12,2027-09-09,52,0,2027-01-28,26,650,0,1100,Diesel,Manual,White,0,1,DemoTrack,0,0,1,1,0,1,1,225/65R16C,225/65R16C,2021-09-21,,,
SA21BFL,Crewe,3.5 Tonne,Panel Van,Example Automotive,Cargo Van 100,Hire,Delivery Fleet,Illustration Rentals,2021,Active,2021-10-22,0,0,650,159000,M,2026-10-01,12,2027-01-28,52,0,2026-11-12,26,400,0,1100,Diesel,Manual,White,0,0,,0,0,0,1,1,1,1,225/65R16C,225/65R16C,2021-10-22,,,
SA21ESA,Crewe,3.5 Tonne,Panel Van,Example Automotive,Cargo Van 100,Lease,Delivery Fleet,Sample Leasing Ltd,2021,Active,2021-08-19,24,197,0,126250,M,2026-10-15,12,2026-11-26,52,0,2027-03-25,26,400,0,1100,Diesel,Manual,White,0,1,FleetExample,0,0,1,1,1,0,0,225/65R16C,225/65R16C,2021-08-19,,,
SA24WUV,Crewe,3.5 Tonne,Panel Van,Example Automotive,Cargo Van 100,Lease,Delivery Fleet,Sample Leasing Ltd,2024,VOR,2024-09-23,48,425,0,182000,M,2026-11-12,12,2027-04-08,52,0,2027-01-07,26,0,0,1100,Diesel,Manual,White,0,0,,0,0,0,1,1,0,1,225/65R16C,225/65R16C,2024-09-23,,,
SA19RJN,Crewe,3.5 Tonne,Panel Van,Example Automotive,Cargo Van 100,Lease,Delivery Fleet,Sample Leasing Ltd,2019,Active,2019-01-03,48,234,0,141500,M,2026-12-17,12,2026-04-30,52,0,2026-11-12,26,150,0,1100,Diesel,Manual,Silver,1,0,,1,0,0,1,0,0,1,225/65R16C,225/65R16C,2019-01-03,,,
SA19PLZ,Crewe,3.5 Tonne,Panel Van,Example Automotive,Cargo Van 100,Hire,Delivery Fleet,Sample Leasing Ltd,2019,Active,2019-02-11,0,0,145,90000,M,2026-10-08,12,2027-07-08,52,0,2027-01-07,26,250,0,1100,Diesel,Manual,White,1,0,,1,0,0,1,1,0,0,225/65R16C,225/65R16C,2019-02-11,,,
SA25EVK,Crewe,3.5 Tonne,Panel Van,Example Automotive,Cargo Van 100,Lease,Delivery Fleet,Sample Leasing Ltd,2025,Active,2025-05-19,36,546,0,189000,M,2026-10-22,12,2027-09-09,52,0,2026-11-12,26,150,0,1100,Diesel,Manual,Blue,1,0,,1,0,0,1,1,1,0,225/65R16C,225/65R16C,2025-05-19,,,
SA23UHR,Crewe,3.5 Tonne,Panel Van,Example Automotive,Cargo Van 100,Owned,Delivery Fleet,,2023,Active,2023-06-02,0,0,0,122250,M,2026-10-15,12,2026-12-31,52,0,2027-03-04,26,650,0,1100,Diesel,Manual,Silver,0,1,SampleConnect,0,0,1,1,0,1,1,225/65R16C,225/65R16C,2023-06-02,,,
SA25UOZ,Crewe,Hi-Cube,Panel Van,Example Automotive,Cargo Van 100,Lease,Delivery Fleet,Sample Leasing Ltd,2025,Active,2025-10-23,60,475,0,108750,M,2026-12-17,12,2027-04-01,52,0,2026-10-15,26,650,0,1100,Diesel,Manual,White,0,1,SampleConnect,0,0,0,1,0,0,1,225/65R16C,225/65R16C,2025-10-23,,,
SA22ZAP,Crossgreen,Hi-Cube,Panel Van,Example Automotive,Cargo Van 100,Lease,Delivery Fleet,Illustration Rentals,2022,VOR,2022-03-20,36,247,0,108750,M,2026-10-15,12,2027-02-18,52,0,2026-12-03,26,250,0,1100,Diesel,Manual,Green / Sample Branding,1,1,DemoTrack,0,0,0,1,1,1,0,225/65R16C,225/65R16C,2022-03-20,,,
SA20ZFK,Crossgreen,Hi-Cube,Panel Van,Example Automotive,Cargo Van 100,Owned,Delivery Fleet,,2020,Active,2020-04-06,0,0,0,217750,M,2026-12-10,12,2027-06-10,52,0,2026-05-07,26,150,0,1100,Diesel,Manual,Blue,1,0,,0,0,0,0,0,0,1,225/65R16C,225/65R16C,2020-04-06,,,
SA19USJ,Crossgreen,3.5 Tonne,Panel Van,Example Automotive,Cargo Van 100,Owned,Delivery Fleet,,2019,Active,2019-11-05,0,0,0,11750,M,2026-08-27,12,2026-10-08,52,0,2026-11-12,26,400,0,1100,Diesel,Manual,Blue,1,0,,0,0,0,1,0,1,1,225/65R16C,225/65R16C,2019-11-05,,,
SA19GOU,Crossgreen,3.5 Tonne,Panel Van,Example Automotive,Cargo Van 100,Owned,Delivery Fleet,,2019,Active,2019-09-15,0,0,0,153250,M,2026-10-22,12,2026-10-08,52,0,2027-01-21,26,150,0,1100,Diesel,Manual,Green / Sample Branding,1,0,,1,0,0,1,1,0,1,225/65R16C,225/65R16C,2019-09-15,,,
SA25UOT,Crossgreen,3.5 Tonne,Panel Van,Example Automotive,Cargo Van 100,Lease,Delivery Fleet,Demo Hire Services,2025,Active,2025-02-16,24,218,0,217500,M,2026-10-08,12,2027-08-12,52,0,2027-03-25,26,400,0,1100,Diesel,Manual,White,1,1,FleetExample,0,0,1,1,0,0,1,225/65R16C,225/65R16C,2025-02-16,,,
SA20PRE,Crossgreen,3.5 Tonne,Panel Van,Example Automotive,Cargo Van 100,Lease,Delivery Fleet,Illustration Rentals,2020,VOR,2020-07-16,36,365,0,198000,M,2026-10-15,12,2026-10-08,52,0,2026-12-24,26,250,0,1100,Diesel,Manual,White,1,1,DemoTrack,0,0,0,1,0,0,1,225/65R16C,225/65R16C,2020-07-16,,,
SA21AFW,Crossgreen,3.5 Tonne,Panel Van,Example Automotive,Cargo Van 100,Owned,Delivery Fleet,,2021,Active,2021-06-17,0,0,0,232500,M,2026-11-12,12,2026-12-10,52,0,2026-11-05,26,400,0,1100,Diesel,Manual,Silver,0,1,FleetExample,1,0,1,1,1,0,1,225/65R16C,225/65R16C,2021-06-17,,,
SA21JRF,Crossgreen,3.5 Tonne,Panel Van,Example Automotive,Cargo Van 100,Hire,Delivery Fleet,Sample Leasing Ltd,2021,Active,2021-04-08,0,0,145,25750,M,2026-11-12,12,2027-08-26,52,0,2026-11-05,26,0,0,1100,Diesel,Manual,Silver,1,0,,0,0,0,0,0,0,0,225/65R16C,225/65R16C,2021-04-08,,,
SA20VRD,Crossgreen,3.5 Tonne,Panel Van,Example Automotive,Cargo Van 100,Owned,Delivery Fleet,,2020,Active,2020-09-17,0,0,0,22250,M,2026-10-22,12,2027-06-03,52,0,2027-01-28,26,0,0,1100,Diesel,Manual,Green / Sample Branding,0,0,,0,0,1,1,1,0,0,225/65R16C,225/65R16C,2020-09-17,,,
SA22AHT,Crossgreen,Hi-Cube,Panel Van,Example Automotive,Cargo Van 100,Lease,Delivery Fleet,Sample Leasing Ltd,2022,Active,2022-08-17,60,371,0,82750,M,2026-12-03,12,2027-03-25,52,0,2026-12-24,26,250,0,1100,Diesel,Manual,Silver,0,1,FleetExample,1,0,0,0,1,0,1,225/65R16C,225/65R16C,2022-08-17,,,
SA23HJE,Crossgreen,Hi-Cube,Panel Van,Example Automotive,Cargo Van 100,Hire,Delivery Fleet,Sample Leasing Ltd,2023,Active,2023-09-09,0,0,145,50000,M,2026-11-26,12,2027-07-08,52,0,2027-02-11,26,0,0,1100,Diesel,Manual,Green / Sample Branding,0,1,FleetExample,0,0,0,0,0,0,1,225/65R16C,225/65R16C,2023-09-09,,,
SA22JOZ,Crossgreen,Hi-Cube,Panel Van,Example Automotive,Cargo Van 100,Hire,Delivery Fleet,Example Fleet Partners,2022,Active,2022-12-18,0,0,145,166250,M,2026-12-17,12,2026-12-31,52,0,2026-12-17,26,650,0,1100,Diesel,Manual,Silver,1,0,,1,0,1,1,0,1,1,225/65R16C,225/65R16C,2022-12-18,,,
SA19YDN,Crossgreen,3.5 Tonne,Panel Van,Example Automotive,Cargo Van 100,Owned,Delivery Fleet,,2019,Active,2019-01-03,0,0,0,117000,M,2026-12-03,12,2026-11-12,52,0,2026-11-05,26,650,0,1100,Diesel,Manual,White,1,1,FleetExample,1,0,0,1,1,0,1,225/65R16C,225/65R16C,2019-01-03,,,
SA24MMZ,Crossgreen,3.5 Tonne,Panel Van,Example Automotive,Cargo Van 100,Hire,Delivery Fleet,Illustration Rentals,2024,Active,2024-12-21,0,0,650,87750,M,2026-12-03,12,2027-01-21,52,0,2027-02-11,26,250,0,1100,Diesel,Manual,White / Sample Branding,0,0,,0,0,1,1,1,1,0,225/65R16C,225/65R16C,2024-12-21,,,
SA23ARK,Crossgreen,3.5 Tonne,Panel Van,Example Automotive,Cargo Van 100,Hire,Delivery Fleet,Illustration Rentals,2023,Active,2023-01-05,0,0,145,25000,M,2026-10-15,12,2027-02-18,52,0,2027-02-18,26,250,0,1100,Diesel,Manual,White,1,1,SampleConnect,1,0,1,1,0,1,1,225/65R16C,225/65R16C,2023-01-05,,,
SA21XRJ,Stoke,3.5 Tonne,Panel Van,Example Automotive,Cargo Van 100,Lease,Delivery Fleet,Example Fleet Partners,2021,Active,2021-10-09,36,456,0,22250,M,2026-10-22,12,2026-08-27,52,0,2027-01-28,26,650,0,1100,Diesel,Manual,White / Sample Branding,1,1,SampleConnect,0,0,0,1,1,0,0,225/65R16C,225/65R16C,2021-10-09,,,
SA23DRC,Stoke,3.5 Tonne,Panel Van,Example Automotive,Cargo Van 100,Hire,Delivery Fleet,Sample Leasing Ltd,2023,Active,2023-10-01,0,0,145,29500,M,2026-10-15,12,2026-12-31,52,0,2027-03-04,26,150,0,1100,Diesel,Manual,Blue,1,0,,1,0,0,0,1,0,0,225/65R16C,225/65R16C,2023-10-01,,,
SA23XXA,Stoke,3.5 Tonne,Panel Van,Example Automotive,Cargo Van 100,Owned,Delivery Fleet,,2023,Active,2023-08-24,0,0,0,171750,M,2026-12-10,12,2027-04-15,52,0,2027-02-11,26,0,0,1100,Diesel,Manual,White,1,1,FleetExample,0,0,0,0,0,1,1,225/65R16C,225/65R16C,2023-08-24,,,
SA19VAW,Stoke,3.5 Tonne,Panel Van,Example Automotive,Cargo Van 100,Owned,Delivery Fleet,,2019,Active,2019-04-06,0,0,0,175250,M,2026-10-22,12,2027-04-22,52,0,2026-10-22,26,650,0,1100,Diesel,Manual,Silver,1,1,FleetExample,0,0,0,1,1,0,0,225/65R16C,225/65R16C,2019-04-06,,,
SA23YNF,Stoke,Hi-Cube,Panel Van,Example Automotive,Cargo Van 100,Hire,Delivery Fleet,Example Fleet Partners,2023,Active,2023-07-17,0,0,650,129750,M,2026-11-26,12,2027-05-06,52,0,2026-11-26,26,650,0,1100,Diesel,Manual,Silver,1,0,,0,0,0,1,0,1,1,225/65R16C,225/65R16C,2023-07-17,,,
SA21FDL,Stoke,Hi-Cube,Panel Van,Example Automotive,Cargo Van 100,Lease,Delivery Fleet,Sample Leasing Ltd,2021,Active,2021-01-17,60,498,0,13500,M,2026-10-01,12,2026-10-29,52,0,2027-02-25,26,0,0,1100,Diesel,Manual,White / Sample Branding,1,1,FleetExample,0,0,0,1,0,0,0,225/65R16C,225/65R16C,2021-01-17,,,
SA22MHK,Stoke,Hi-Cube,Panel Van,Example Automotive,Cargo Van 100,Owned,Delivery Fleet,,2022,Active,2022-10-21,0,0,0,173500,M,2026-12-03,12,2026-10-08,52,0,2026-08-06,26,650,0,1100,Diesel,Manual,Silver,0,1,DemoTrack,0,0,0,1,0,0,0,225/65R16C,225/65R16C,2022-10-21,,,
SA25RNW,Stoke,3.5 Tonne,Panel Van,Example Automotive,Cargo Van 100,Hire,Delivery Fleet,Sample Leasing Ltd,2025,Active,2025-08-08,0,0,145,72250,M,2026-09-24,12,2026-12-17,52,0,2026-10-29,26,250,0,1100,Diesel,Manual,Green / Sample Branding,1,1,SampleConnect,0,0,0,1,0,0,0,225/65R16C,225/65R16C,2025-08-08,,,
SA25TSY,Stoke,3.5 Tonne,Panel Van,Example Automotive,Cargo Van 100,Lease,Delivery Fleet,Demo Hire Services,2025,Active,2025-02-26,60,444,0,171500,M,2026-10-08,12,2026-11-05,52,0,2026-12-31,26,650,0,1100,Diesel,Manual,White / Sample Branding,1,1,SampleConnect,1,0,1,1,1,1,1,225/65R16C,225/65R16C,2025-02-26,,,
SA24NPG,Stoke,3.5 Tonne,Panel Van,Example Automotive,Cargo Van 100,Lease,Delivery Fleet,Sample Leasing Ltd,2024,VOR,2024-10-20,24,450,0,14500,M,2026-12-17,12,2026-11-19,52,0,2026-10-08,26,650,0,1100,Diesel,Manual,Green / Sample Branding,0,1,FleetExample,0,0,1,1,1,0,1,225/65R16C,225/65R16C,2024-10-20,,,
SA21BRA,Stoke,3.5 Tonne,Panel Van,Example Automotive,Cargo Van 100,Lease,Delivery Fleet,Demo Hire Services,2021,Active,2021-10-21,48,339,0,136500,M,2026-10-15,12,2027-09-02,52,0,2027-03-11,26,150,0,1100,Diesel,Manual,White / Sample Branding,0,1,DemoTrack,0,0,0,1,1,0,0,225/65R16C,225/65R16C,2021-10-21,,,
SA25CSD,Stoke,3.5 Tonne,Panel Van,Example Automotive,Cargo Van 100,Lease,Delivery Fleet,Illustration Rentals,2025,Active,2025-09-03,36,286,0,157750,M,2026-10-08,12,2026-11-05,52,0,2026-11-05,26,400,0,1100,Diesel,Manual,Blue,0,0,,0,0,0,0,1,0,0,225/65R16C,225/65R16C,2025-09-03,,,
SA24GWT,Stoke,3.5 Tonne,Panel Van,Example Automotive,Cargo Van 100,Hire,Delivery Fleet,Demo Hire Services,2024,Active,2024-05-27,0,0,650,208000,M,2026-12-03,12,2026-10-29,52,0,2026-11-19,26,150,0,1100,Diesel,Manual,Green / Sample Branding,1,0,,0,0,0,1,1,1,1,225/65R16C,225/65R16C,2024-05-27,,,
SA24AMN,Exeter,3.5 Tonne,Panel Van,Example Automotive,Cargo Van 100,Hire,Delivery Fleet,Illustration Rentals,2024,Active,2024-08-06,0,0,145,177000,M,2026-11-26,12,2027-09-23,52,0,2027-02-25,26,0,0,1100,Diesel,Manual,White / Sample Branding,0,1,FleetExample,1,0,0,1,0,0,1,225/65R16C,225/65R16C,2024-08-06,,,
SA24SMX,Exeter,Hi-Cube,Panel Van,Example Automotive,Cargo Van 100,Lease,Delivery Fleet,Sample Leasing Ltd,2024,Active,2024-07-24,48,381,0,94000,M,2026-10-08,12,2027-09-02,52,0,2026-12-31,26,650,0,1100,Diesel,Manual,Blue,1,0,,1,0,0,0,0,1,1,225/65R16C,225/65R16C,2024-07-24,,,
SA24WMZ,Exeter,Hi-Cube,Panel Van,Example Automotive,Cargo Van 100,Lease,Delivery Fleet,Example Fleet Partners,2024,Active,2024-10-21,36,384,0,16750,M,2026-12-10,12,2027-02-11,52,0,2026-11-26,26,400,0,1100,Diesel,Manual,White / Sample Branding,1,1,DemoTrack,1,0,0,1,1,1,1,225/65R16C,225/65R16C,2024-10-21,,,
SA24UFV,Exeter,Hi-Cube,Panel Van,Example Automotive,Cargo Van 100,Lease,Delivery Fleet,Sample Leasing Ltd,2024,Active,2024-07-21,60,358,0,17500,M,2026-10-29,12,2027-07-29,52,0,2026-12-17,26,250,0,1100,Diesel,Manual,Silver,0,0,,1,0,0,1,1,1,1,225/65R16C,225/65R16C,2024-07-21,,,
SA25WDM,Exeter,3.5 Tonne,Panel Van,Example Automotive,Cargo Van 100,Owned,Delivery Fleet,,2025,Active,2025-03-10,0,0,0,225000,M,2026-11-12,12,2027-09-02,52,0,2027-02-11,26,150,0,1100,Diesel,Manual,Green / Sample Branding,0,1,SampleConnect,0,0,1,1,1,1,1,225/65R16C,225/65R16C,2025-03-10,,,
SA19DYL,Exeter,3.5 Tonne,Panel Van,Example Automotive,Cargo Van 100,Owned,Delivery Fleet,,2019,VOR,2019-04-12,0,0,0,199500,M,2026-10-29,12,2026-11-12,52,0,2027-01-07,26,400,0,1100,Diesel,Manual,Green / Sample Branding,0,0,,0,0,1,1,1,1,0,225/65R16C,225/65R16C,2019-04-12,,,
SA19OPM,Exeter,3.5 Tonne,Panel Van,Example Automotive,Cargo Van 100,Lease,Delivery Fleet,Example Fleet Partners,2019,Active,2019-03-09,36,557,0,227500,M,2026-12-17,12,2026-12-10,52,0,2026-10-22,26,150,0,1100,Diesel,Manual,White,1,0,,1,0,0,1,0,1,0,225/65R16C,225/65R16C,2019-03-09,,,
SA25SMG,Exeter,3.5 Tonne,Panel Van,Example Automotive,Cargo Van 100,Hire,Delivery Fleet,Illustration Rentals,2025,VOR,2025-07-20,0,0,145,63500,M,2026-12-10,12,2026-09-17,52,0,2026-10-08,26,250,0,1100,Diesel,Manual,Silver,0,1,DemoTrack,0,0,1,0,0,1,1,225/65R16C,225/65R16C,2025-07-20,,,
SA25WWS,Exeter,3.5 Tonne,Panel Van,Example Automotive,Cargo Van 100,Owned,Delivery Fleet,,2025,Active,2025-09-07,0,0,0,162750,M,2026-10-15,12,2026-10-22,52,0,2027-02-11,26,150,0,1100,Diesel,Manual,Silver,0,0,,0,0,1,1,0,1,1,225/65R16C,225/65R16C,2025-09-07,,,
SA23HNP,Exeter,3.5 Tonne,Panel Van,Example Automotive,Cargo Van 100,Owned,Delivery Fleet,,2023,Active,2023-06-27,0,0,0,199750,M,2026-11-12,12,2027-08-05,52,0,2027-01-21,26,650,0,1100,Diesel,Manual,Blue,1,1,FleetExample,0,0,1,1,0,1,1,225/65R16C,225/65R16C,2023-06-27,,,
SA19GFS,Exeter,3.5 Tonne,Panel Van,Example Automotive,Cargo Van 100,Hire,Delivery Fleet,Example Fleet Partners,2019,Active,2019-01-22,0,0,650,139000,M,2026-10-01,12,2027-06-17,52,0,2027-02-04,26,400,0,1100,Diesel,Manual,White,0,0,,0,0,1,1,1,0,1,225/65R16C,225/65R16C,2019-01-22,,,
SA24FJS,Exeter,Hi-Cube,Panel Van,Example Automotive,Cargo Van 100,Lease,Delivery Fleet,Demo Hire Services,2024,Active,2024-11-12,36,265,0,132250,M,2026-10-22,12,2027-06-10,52,0,2026-12-10,26,150,0,1100,Diesel,Manual,Blue,1,0,,1,0,1,1,0,1,1,225/65R16C,225/65R16C,2024-11-12,,,
SA22GUR,Coventry,Hi-Cube,Panel Van,Example Automotive,Cargo Van 100,Owned,Delivery Fleet,,2022,Active,2022-12-11,0,0,0,16250,M,2026-11-19,12,2027-03-11,52,0,2027-03-11,26,650,0,1100,Diesel,Manual,Green / Sample Branding,0,0,,1,0,1,1,0,0,1,225/65R16C,225/65R16C,2022-12-11,,,
SA19YFZ,Coventry,Hi-Cube,Panel Van,Example Automotive,Cargo Van 100,Owned,Delivery Fleet,,2019,Active,2019-06-15,0,0,0,22000,M,2026-11-05,12,2027-01-14,52,0,2026-04-09,26,650,0,1100,Diesel,Manual,Silver,1,0,,0,0,1,1,0,0,1,225/65R16C,225/65R16C,2019-06-15,,,
SA21GLC,Coventry,3.5 Tonne,Panel Van,Example Automotive,Cargo Van 100,Lease,Delivery Fleet,Demo Hire Services,2021,Active,2021-07-14,48,447,0,183750,M,2026-09-24,12,2027-08-19,52,0,2026-10-01,26,400,0,1100,Diesel,Manual,Green / Sample Branding,1,0,,0,0,0,1,1,1,0,225/65R16C,225/65R16C,2021-07-14,,,
SA24SCS,Coventry,3.5 Tonne,Panel Van,Example Automotive,Cargo Van 100,Hire,Delivery Fleet,Demo Hire Services,2024,Active,2024-06-02,0,0,145,168500,M,2026-10-22,12,2027-02-11,52,0,2027-02-04,26,250,0,1100,Diesel,Manual,White,1,0,,0,0,1,1,1,1,0,225/65R16C,225/65R16C,2024-06-02,,,
SA21SHH,Coventry,3.5 Tonne,Panel Van,Example Automotive,Cargo Van 100,Lease,Delivery Fleet,Illustration Rentals,2021,Active,2021-02-15,36,451,0,77250,M,2026-10-01,12,2026-10-22,52,0,2027-03-11,26,250,0,1100,Diesel,Manual,Blue,0,1,SampleConnect,0,0,0,1,0,1,1,225/65R16C,225/65R16C,2021-02-15,,,
SA25KHM,Coventry,3.5 Tonne,Panel Van,Example Automotive,Cargo Van 100,Hire,Delivery Fleet,Illustration Rentals,2025,Active,2025-06-21,0,0,145,116250,M,2026-10-01,12,2027-04-08,52,0,2027-01-14,26,400,0,1100,Diesel,Manual,Blue,0,1,DemoTrack,1,0,0,1,1,0,0,225/65R16C,225/65R16C,2025-06-21,,,
SA25GSY,Coventry,3.5 Tonne,Panel Van,Example Automotive,Cargo Van 100,Owned,Delivery Fleet,,2025,Active,2025-04-04,0,0,0,48500,M,2026-10-15,12,2027-05-20,52,0,2027-03-25,26,250,0,1100,Diesel,Manual,Silver,0,0,,1,0,1,1,1,1,1,225/65R16C,225/65R16C,2025-04-04,,,
SA25XLB,Coventry,3.5 Tonne,Panel Van,Example Automotive,Cargo Van 100,Hire,Delivery Fleet,Demo Hire Services,2025,Active,2025-04-15,0,0,145,188500,M,2026-11-26,12,2027-01-07,52,0,2027-03-04,26,150,0,1100,Diesel,Manual,White,0,0,,1,0,1,1,0,0,1,225/65R16C,225/65R16C,2025-04-15,,,
SA19OVF,Coventry,3.5 Tonne,Panel Van,Example Automotive,Cargo Van 100,Owned,Delivery Fleet,,2019,Active,2019-12-05,0,0,0,133250,M,2026-10-29,12,2026-10-01,52,0,2026-10-15,26,250,0,1100,Diesel,Manual,Blue,1,0,,0,0,1,1,0,0,0,225/65R16C,225/65R16C,2019-12-05,,,
SA20FYM,Coventry,Hi-Cube,Panel Van,Example Automotive,Cargo Van 100,Lease,Delivery Fleet,Demo Hire Services,2020,Active,2020-04-17,36,391,0,218500,M,2026-11-19,12,2026-11-19,52,0,2026-10-29,26,150,0,1100,Diesel,Manual,Green / Sample Branding,1,1,SampleConnect,1,0,0,1,0,1,0,225/65R16C,225/65R16C,2020-04-17,,,
SA23YCJ,Coventry,Hi-Cube,Panel Van,Example Automotive,Cargo Van 100,Lease,Delivery Fleet,Sample Leasing Ltd,2023,Active,2023-09-14,48,272,0,219250,M,2026-10-08,12,2026-10-08,52,0,2027-03-04,26,400,0,1100,Diesel,Manual,Blue,0,0,,1,0,0,1,0,1,1,225/65R16C,225/65R16C,2023-09-14,,,
SA25XHM,Potters-Bar,Hi-Cube,Panel Van,Example Automotive,Cargo Van 100,Lease,Delivery Fleet,Illustration Rentals,2025,Active,2025-02-23,48,271,0,91500,M,2026-10-08,12,2026-10-22,52,0,2027-03-18,26,400,0,1100,Diesel,Manual,Silver,1,0,,0,0,0,1,1,1,0,225/65R16C,225/65R16C,2025-02-23,,,
SA21PDJ,Potters-Bar,3.5 Tonne,Panel Van,Example Automotive,Cargo Van 100,Lease,Delivery Fleet,Demo Hire Services,2021,Active,2021-07-15,36,337,0,57250,M,2026-10-29,12,2026-12-31,52,0,2027-03-25,26,150,0,1100,Diesel,Manual,Silver,0,1,FleetExample,0,0,1,1,1,0,1,225/65R16C,225/65R16C,2021-07-15,,,
SA22YAV,Potters-Bar,3.5 Tonne,Panel Van,Example Automotive,Cargo Van 100,Owned,Delivery Fleet,,2022,VOR,2022-01-01,0,0,0,34750,M,2026-11-12,12,2027-08-19,52,0,2026-10-01,26,0,0,1100,Diesel,Manual,Green / Sample Branding,1,1,SampleConnect,1,0,0,1,1,0,1,225/65R16C,225/65R16C,2022-01-01,,,
SA24THH,Potters-Bar,3.5 Tonne,Panel Van,Example Automotive,Cargo Van 100,Hire,Delivery Fleet,Example Fleet Partners,2024,Active,2024-04-03,0,0,650,66750,M,2026-12-17,12,2027-09-02,52,0,2027-02-11,26,400,0,1100,Diesel,Manual,Blue,0,0,,0,0,0,1,1,0,1,225/65R16C,225/65R16C,2024-04-03,,,
SA23LVT,Potters-Bar,3.5 Tonne,Panel Van,Example Automotive,Cargo Van 100,Owned,Delivery Fleet,,2023,Active,2023-10-06,0,0,0,31500,M,2026-12-17,12,2026-09-17,52,0,2027-03-25,26,250,0,1100,Diesel,Manual,Blue,0,1,FleetExample,1,0,0,1,0,1,1,225/65R16C,225/65R16C,2023-10-06,,,
SA19KZK,Potters-Bar,3.5 Tonne,Panel Van,Example Automotive,Cargo Van 100,Hire,Delivery Fleet,Illustration Rentals,2019,Active,2019-04-18,0,0,650,126500,M,2026-11-19,12,2027-01-21,52,0,2027-01-28,26,650,0,1100,Diesel,Manual,Blue,1,0,,1,0,0,1,1,1,1,225/65R16C,225/65R16C,2019-04-18,,,
SA25AEV,Potters-Bar,3.5 Tonne,Panel Van,Example Automotive,Cargo Van 100,Hire,Delivery Fleet,Illustration Rentals,2025,Active,2025-01-18,0,0,650,215250,M,2026-10-08,12,2026-12-24,52,0,2026-10-01,26,650,0,1100,Diesel,Manual,Blue,1,1,SampleConnect,0,0,1,1,1,0,1,225/65R16C,225/65R16C,2025-01-18,,,
SA23ZPM,Potters-Bar,3.5 Tonne,Panel Van,Example Automotive,Cargo Van 100,Owned,Delivery Fleet,,2023,Active,2023-01-22,0,0,0,94000,M,2026-11-26,12,2027-01-21,52,0,2026-11-05,26,250,0,1100,Diesel,Manual,Green / Sample Branding,1,1,FleetExample,1,0,0,1,1,0,0,225/65R16C,225/65R16C,2023-01-22,,,
SA19ACC,Potters-Bar,Hi-Cube,Panel Van,Example Automotive,Cargo Van 100,Hire,Delivery Fleet,Sample Leasing Ltd,2019,Active,2019-04-19,0,0,650,138250,M,2026-10-29,12,2027-03-04,52,0,2026-11-05,26,0,0,1100,Diesel,Manual,White / Sample Branding,1,1,DemoTrack,0,0,0,1,1,0,0,225/65R16C,225/65R16C,2019-04-19,,,
SA22NVA,Potters-Bar,Hi-Cube,Panel Van,Example Automotive,Cargo Van 100,Hire,Delivery Fleet,Sample Leasing Ltd,2022,Active,2022-04-08,0,0,650,189000,M,2026-11-26,12,2027-09-02,52,0,2027-03-04,26,400,0,1100,Diesel,Manual,Silver,1,0,,0,0,0,1,0,0,1,225/65R16C,225/65R16C,2022-04-08,,,
SA20DXH,Potters-Bar,Hi-Cube,Panel Van,Example Automotive,Cargo Van 100,Lease,Delivery Fleet,Sample Leasing Ltd,2020,Active,2020-09-25,48,276,0,72250,M,2026-10-15,12,2027-04-15,52,0,2026-04-09,26,150,0,1100,Diesel,Manual,White / Sample Branding,0,0,,1,0,0,1,1,1,1,225/65R16C,225/65R16C,2020-09-25,,,
SA24UHX,Gravesend,3.5 Tonne,Panel Van,Example Automotive,Cargo Van 100,Owned,Delivery Fleet,,2024,Active,2024-10-16,0,0,0,239250,M,2026-09-03,12,2027-09-23,52,0,2026-10-08,26,150,0,1100,Diesel,Manual,Green / Sample Branding,1,0,,1,0,1,1,1,1,0,225/65R16C,225/65R16C,2024-10-16,,,
SA22LMX,Gravesend,3.5 Tonne,Panel Van,Example Automotive,Cargo Van 100,Hire,Delivery Fleet,Demo Hire Services,2022,VOR,2022-06-28,0,0,650,42500,M,2026-12-10,12,2026-10-15,52,0,2026-11-26,26,650,0,1100,Diesel,Manual,White,0,1,FleetExample,1,0,0,1,1,0,1,225/65R16C,225/65R16C,2022-06-28,,,
SA19XZP,Gravesend,3.5 Tonne,Panel Van,Example Automotive,Cargo Van 100,Lease,Delivery Fleet,Example Fleet Partners,2019,Active,2019-12-11,60,485,0,234750,M,2026-11-19,12,2027-02-25,52,0,2026-12-17,26,650,0,1100,Diesel,Manual,Green / Sample Branding,0,1,SampleConnect,1,0,0,1,0,0,1,225/65R16C,225/65R16C,2019-12-11,,,
SA24FRA,Gravesend,3.5 Tonne,Panel Van,Example Automotive,Cargo Van 100,Lease,Delivery Fleet,Demo Hire Services,2024,Active,2024-10-10,48,335,0,239250,M,2026-12-10,12,2027-08-19,52,0,2026-11-05,26,250,0,1100,Diesel,Manual,Silver,0,1,DemoTrack,1,0,0,1,1,1,1,225/65R16C,225/65R16C,2024-10-10,,,
SA20OTF,Gravesend,3.5 Tonne,Panel Van,Example Automotive,Cargo Van 100,Hire,Delivery Fleet,Sample Leasing Ltd,2020,Active,2020-04-25,0,0,650,218000,M,2026-12-10,12,2027-08-19,52,0,2027-02-25,26,400,0,1100,Diesel,Manual,White,1,0,,0,0,0,1,0,0,1,225/65R16C,225/65R16C,2020-04-25,,,
SA25PHP,Gravesend,3.5 Tonne,Panel Van,Example Automotive,Cargo Van 100,Lease,Delivery Fleet,Sample Leasing Ltd,2025,Active,2025-03-02,60,482,0,189250,M,2026-10-08,12,2026-12-24,52,0,2027-01-07,26,0,0,1100,Diesel,Manual,White,1,0,,0,0,1,1,1,0,1,225/65R16C,225/65R16C,2025-03-02,,,
SA19PHZ,Gravesend,3.5 Tonne,Panel Van,Example Automotive,Cargo Van 100,Hire,Delivery Fleet,Sample Leasing Ltd,2019,Active,2019-06-01,0,0,650,88750,M,2026-12-17,12,2027-06-10,52,0,2026-11-26,26,0,0,1100,Diesel,Manual,Silver,0,0,,0,0,1,0,1,1,0,225/65R16C,225/65R16C,2019-06-01,,,
SA24MXA,Gravesend,Hi-Cube,Panel Van,Example Automotive,Cargo Van 100,Owned,Delivery Fleet,,2024,Active,2024-06-17,0,0,0,195500,M,2026-12-10,12,2027-08-12,52,0,2027-01-14,26,650,0,1100,Diesel,Manual,Silver,0,1,SampleConnect,0,0,1,1,0,1,1,225/65R16C,225/65R16C,2024-06-17,,,
SA21YAK,Gravesend,Hi-Cube,Panel Van,Example Automotive,Cargo Van 100,Hire,Delivery Fleet,Sample Leasing Ltd,2021,Active,2021-08-25,0,0,145,51500,M,2026-11-05,12,2027-07-29,52,0,2026-10-08,26,650,0,1100,Diesel,Manual,Blue,0,1,DemoTrack,0,0,0,0,1,1,1,225/65R16C,225/65R16C,2021-08-25,,,
SA21SAN,Gravesend,Hi-Cube,Panel Van,Example Automotive,Cargo Van 100,Hire,Delivery Fleet,Example Fleet Partners,2021,Active,2021-05-04,0,0,650,67750,M,2026-10-15,12,2026-10-01,52,0,2027-01-28,26,400,0,1100,Diesel,Manual,Green / Sample Branding,1,1,FleetExample,0,0,0,0,0,0,1,225/65R16C,225/65R16C,2021-05-04,,,
SA19MMF,Gravesend,3.5 Tonne,Panel Van,Example Automotive,Cargo Van 100,Owned,Delivery Fleet,,2019,Active,2019-11-11,0,0,0,152250,M,2026-10-22,12,2027-04-01,52,0,2026-12-31,26,250,0,1100,Diesel,Manual,Silver,0,1,FleetExample,1,0,1,1,1,0,0,225/65R16C,225/65R16C,2019-11-11,,,
SA25CYG,Yaxley,3.5 Tonne,Panel Van,Example Automotive,Cargo Van 100,Hire,Delivery Fleet,Sample Leasing Ltd,2025,Active,2025-09-26,0,0,145,86000,M,2026-10-29,12,2027-04-22,52,0,2026-11-05,26,150,0,1100,Diesel,Manual,White / Sample Branding,1,1,FleetExample,0,0,1,1,0,1,1,225/65R16C,225/65R16C,2025-09-26,,,
SA19RBJ,Yaxley,3.5 Tonne,Panel Van,Example Automotive,Cargo Van 100,Hire,Delivery Fleet,Demo Hire Services,2019,Active,2019-08-02,0,0,650,113250,M,2026-11-26,12,2027-06-24,52,0,2026-12-03,26,650,0,1100,Diesel,Manual,Silver,1,1,SampleConnect,1,0,0,0,0,0,0,225/65R16C,225/65R16C,2019-08-02,,,
SA23OLT,Yaxley,3.5 Tonne,Panel Van,Example Automotive,Cargo Van 100,Lease,Delivery Fleet,Example Fleet Partners,2023,Active,2023-12-07,36,448,0,44000,M,2026-10-01,12,2025-10-16,52,0,2026-11-05,26,0,0,1100,Diesel,Manual,White / Sample Branding,1,0,,0,0,1,1,0,0,1,225/65R16C,225/65R16C,2023-12-07,,,
SA21RES,Yaxley,3.5 Tonne,Panel Van,Example Automotive,Cargo Van 100,Lease,Delivery Fleet,Sample Leasing Ltd,2021,Active,2021-03-09,60,534,0,221000,M,2026-11-05,12,2027-08-19,52,0,2027-01-07,26,250,0,1100,Diesel,Manual,White / Sample Branding,1,1,DemoTrack,0,0,0,1,0,1,0,225/65R16C,225/65R16C,2021-03-09,,,
SA25DNN,Yaxley,3.5 Tonne,Panel Van,Example Automotive,Cargo Van 100,Hire,Delivery Fleet,Sample Leasing Ltd,2025,Active,2025-02-14,0,0,145,44250,M,2026-11-05,12,2027-07-29,52,0,2026-10-08,26,400,0,1100,Diesel,Manual,White / Sample Branding,0,0,,1,0,0,1,1,0,1,225/65R16C,225/65R16C,2025-02-14,,,
SA20SHU,Yaxley,3.5 Tonne,Panel Van,Example Automotive,Cargo Van 100,Hire,Delivery Fleet,Illustration Rentals,2020,Active,2020-08-16,0,0,650,38250,M,2026-12-17,12,2027-09-16,52,0,2027-02-25,26,150,0,1100,Diesel,Manual,Silver,1,1,DemoTrack,0,0,1,1,0,0,1,225/65R16C,225/65R16C,2020-08-16,,,
SA19BBM,Yaxley,Hi-Cube,Panel Van,Example Automotive,Cargo Van 100,Owned,Delivery Fleet,,2019,Active,2019-02-25,0,0,0,108500,M,2026-12-17,12,2027-07-01,52,0,2027-02-04,26,250,0,1100,Diesel,Manual,Green / Sample Branding,1,0,,1,0,1,0,1,1,0,225/65R16C,225/65R16C,2019-02-25,,,
SA25GYJ,Yaxley,Hi-Cube,Panel Van,Example Automotive,Cargo Van 100,Lease,Delivery Fleet,Sample Leasing Ltd,2025,Active,2025-05-28,24,237,0,94750,M,2026-10-29,12,2027-04-22,52,0,2026-12-10,26,150,0,1100,Diesel,Manual,White,1,1,DemoTrack,1,0,0,1,1,1,1,225/65R16C,225/65R16C,2025-05-28,,,
SA24WTN,Yaxley,Hi-Cube,Panel Van,Example Automotive,Cargo Van 100,Lease,Delivery Fleet,Sample Leasing Ltd,2024,Active,2024-04-04,24,466,0,59750,M,2026-11-19,12,2027-05-20,52,0,2026-07-23,26,0,0,1100,Diesel,Manual,Green / Sample Branding,1,0,,0,0,1,1,1,0,1,225/65R16C,225/65R16C,2024-04-04,,,
SA24TKC,Yaxley,3.5 Tonne,Panel Van,Example Automotive,Cargo Van 100,Owned,Delivery Fleet,,2024,Active,2024-05-27,0,0,0,64750,M,2026-07-16,12,2027-04-29,52,0,2026-10-15,26,650,0,1100,Diesel,Manual,Silver,0,0,,0,0,1,1,1,0,1,225/65R16C,225/65R16C,2024-05-27,,,
SA25PNC,Luton,3.5 Tonne,Panel Van,Example Automotive,Cargo Van 100,Lease,Delivery Fleet,Illustration Rentals,2025,Active,2025-07-09,36,209,0,214000,M,2026-10-15,12,2026-10-15,52,0,2027-02-25,26,650,0,1100,Diesel,Manual,White,1,1,FleetExample,0,0,0,1,1,0,0,225/65R16C,225/65R16C,2025-07-09,,,
SA24VEA,Luton,3.5 Tonne,Panel Van,Example Automotive,Cargo Van 100,Lease,Delivery Fleet,Example Fleet Partners,2024,VOR,2024-02-05,36,373,0,142000,M,2026-12-10,12,2027-07-22,52,0,2026-10-15,26,650,0,1100,Diesel,Manual,White / Sample Branding,1,0,,0,0,1,1,1,1,1,225/65R16C,225/65R16C,2024-02-05,,,
SA25DWU,Luton,3.5 Tonne,Panel Van,Example Automotive,Cargo Van 100,Hire,Delivery Fleet,Sample Leasing Ltd,2025,Active,2025-01-10,0,0,145,79500,M,2026-10-22,12,2026-11-05,52,0,2026-11-05,26,650,0,1100,Diesel,Manual,Green / Sample Branding,0,1,DemoTrack,0,0,0,1,0,0,0,225/65R16C,225/65R16C,2025-01-10,,,
SA21COD,Luton,3.5 Tonne,Panel Van,Example Automotive,Cargo Van 100,Hire,Delivery Fleet,Demo Hire Services,2021,Active,2021-05-20,0,0,650,210500,M,2026-10-15,12,2027-02-25,52,0,2026-11-19,26,250,0,1100,Diesel,Manual,White,1,0,,0,0,1,1,0,1,1,225/65R16C,225/65R16C,2021-05-20,,,
SA23JZM,Luton,3.5 Tonne,Panel Van,Example Automotive,Cargo Van 100,Hire,Delivery Fleet,Demo Hire Services,2023,Active,2023-04-02,0,0,145,6250,M,2026-11-05,12,2027-08-12,52,0,2027-02-25,26,400,0,1100,Diesel,Manual,White / Sample Branding,1,0,,0,0,0,1,1,0,1,225/65R16C,225/65R16C,2023-04-02,,,
SA24WRX,Luton,3.5 Tonne,Panel Van,Example Automotive,Cargo Van 100,Hire,Delivery Fleet,Example Fleet Partners,2024,Active,2024-03-17,0,0,650,185750,M,2026-10-29,12,2027-09-23,52,0,2026-10-15,26,650,0,1100,Diesel,Manual,Green / Sample Branding,1,1,DemoTrack,1,0,1,1,1,0,1,225/65R16C,225/65R16C,2024-03-17,,,
SA24YRO,Luton,Hi-Cube,Panel Van,Example Automotive,Cargo Van 100,Hire,Delivery Fleet,Sample Leasing Ltd,2024,Active,2024-01-09,0,0,145,101000,M,2026-10-08,12,2027-05-27,52,0,2027-03-11,26,150,0,1100,Diesel,Manual,White / Sample Branding,1,1,FleetExample,1,0,1,1,0,0,1,225/65R16C,225/65R16C,2024-01-09,,,
SA24JAR,Luton,Hi-Cube,Panel Van,Example Automotive,Cargo Van 100,Owned,Delivery Fleet,,2024,Active,2024-06-27,0,0,0,52000,M,2026-10-22,12,2027-08-19,52,0,2027-01-28,26,250,0,1100,Diesel,Manual,Green / Sample Branding,1,0,,1,0,0,1,1,1,0,225/65R16C,225/65R16C,2024-06-27,,,
SA21ZOF,Luton,Hi-Cube,Panel Van,Example Automotive,Cargo Van 100,Lease,Delivery Fleet,Illustration Rentals,2021,Active,2021-03-21,60,541,0,60250,M,2026-11-12,12,2027-01-14,52,0,2027-02-04,26,650,0,1100,Diesel,Manual,Green / Sample Branding,0,1,SampleConnect,0,0,1,1,1,0,1,225/65R16C,225/65R16C,2021-03-21,,,
SA22UKH,Luton,3.5 Tonne,Panel Van,Example Automotive,Cargo Van 100,Hire,Delivery Fleet,Sample Leasing Ltd,2022,Active,2022-06-15,0,0,650,210500,M,2026-12-10,12,2026-10-29,52,0,2026-12-03,26,0,0,1100,Diesel,Manual,White / Sample Branding,1,0,,1,0,0,1,0,0,1,225/65R16C,225/65R16C,2022-06-15,,,
SA24UPH,Newport,3.5 Tonne,Panel Van,Example Automotive,Cargo Van 100,Owned,Delivery Fleet,,2024,Active,2024-04-01,0,0,0,230500,M,2026-10-01,12,2027-03-04,52,0,2027-02-04,26,400,0,1100,Diesel,Manual,White,1,1,SampleConnect,0,0,1,0,1,0,1,225/65R16C,225/65R16C,2024-04-01,,,
SA20JBR,Newport,3.5 Tonne,Panel Van,Example Automotive,Cargo Van 100,Owned,Delivery Fleet,,2020,Active,2020-01-18,0,0,0,66500,M,2026-12-10,12,2027-09-16,52,0,2026-10-08,26,150,0,1100,Diesel,Manual,Silver,0,0,,1,0,0,1,1,0,1,225/65R16C,225/65R16C,2020-01-18,,,
SA21HEE,Newport,3.5 Tonne,Panel Van,Example Automotive,Cargo Van 100,Owned,Delivery Fleet,,2021,VOR,2021-11-10,0,0,0,116750,M,2026-10-15,12,2026-01-01,52,0,2027-01-28,26,0,0,1100,Diesel,Manual,White / Sample Branding,0,0,,0,0,0,1,1,1,0,225/65R16C,225/65R16C,2021-11-10,,,
SA22DKA,Newport,3.5 Tonne,Panel Van,Example Automotive,Cargo Van 100,Hire,Delivery Fleet,Example Fleet Partners,2022,Active,2022-06-12,0,0,650,190500,M,2026-12-17,12,2027-04-29,52,0,2026-10-22,26,400,0,1100,Diesel,Manual,White,0,0,,1,0,0,1,1,0,1,225/65R16C,225/65R16C,2022-06-12,,,
SA23RTM,Newport,3.5 Tonne,Panel Van,Example Automotive,Cargo Van 100,Hire,Delivery Fleet,Sample Leasing Ltd,2023,Active,2023-07-07,0,0,145,189750,M,2026-12-03,12,2027-07-29,52,0,2026-12-17,26,400,0,1100,Diesel,Manual,Silver,1,0,,0,0,1,1,1,0,0,225/65R16C,225/65R16C,2023-07-07,,,
SA21ZWR,Newport,3.5 Tonne,Panel Van,Example Automotive,Cargo Van 100,Hire,Delivery Fleet,Sample Leasing Ltd,2021,VOR,2021-02-10,0,0,145,196500,M,2026-11-19,12,2026-11-26,52,0,2027-02-25,26,250,0,1100,Diesel,Manual,White / Sample Branding,0,0,,1,0,0,1,1,0,1,225/65R16C,225/65R16C,2021-02-10,,,
SA25PPX,Newport,Hi-Cube,Panel Van,Example Automotive,Cargo Van 100,Owned,Delivery Fleet,,2025,Active,2025-03-06,0,0,0,22000,M,2026-10-08,12,2026-12-03,52,0,2026-12-03,26,400,0,1100,Diesel,Manual,White,1,1,SampleConnect,1,0,0,0,1,0,0,225/65R16C,225/65R16C,2025-03-06,,,
SA25EXC,Newport,Hi-Cube,Panel Van,Example Automotive,Cargo Van 100,Hire,Delivery Fleet,Example Fleet Partners,2025,Active,2025-12-24,0,0,650,168000,M,2026-10-01,12,2027-01-21,52,0,2027-03-25,26,650,0,1100,Diesel,Manual,Blue,0,1,DemoTrack,1,0,1,1,1,0,0,225/65R16C,225/65R16C,2025-12-24,,,
SA22CFE,Newport,Hi-Cube,Panel Van,Example Automotive,Cargo Van 100,Hire,Delivery Fleet,Illustration Rentals,2022,Active,2022-11-13,0,0,145,184000,M,2026-10-01,12,2027-05-20,52,0,2026-09-03,26,0,0,1100,Diesel,Manual,Silver,1,0,,1,0,1,1,1,1,1,225/65R16C,225/65R16C,2022-11-13,,,
SA25XMM,Newport,3.5 Tonne,Panel Van,Example Automotive,Cargo Van 100,Owned,Delivery Fleet,,2025,VOR,2025-10-14,0,0,0,18000,M,2026-07-16,12,2027-04-08,52,0,2027-03-25,26,0,0,1100,Diesel,Manual,Green / Sample Branding,1,1,FleetExample,0,0,0,1,1,1,1,225/65R16C,225/65R16C,2025-10-14,,,
SA24NGE,Spennymoor,3.5 Tonne,Panel Van,Example Automotive,Cargo Van 100,Hire,Delivery Fleet,Illustration Rentals,2024,Active,2024-02-18,0,0,650,141750,M,2026-10-08,12,2026-10-15,52,0,2027-01-21,26,400,0,1100,Diesel,Manual,Silver,0,1,SampleConnect,0,0,0,1,0,0,1,225/65R16C,225/65R16C,2024-02-18,,,
SA23LNH,Spennymoor,3.5 Tonne,Panel Van,Example Automotive,Cargo Van 100,Owned,Delivery Fleet,,2023,Active,2023-07-26,0,0,0,189750,M,2026-10-22,12,2027-03-11,52,0,2027-03-04,26,650,0,1100,Diesel,Manual,White,1,1,SampleConnect,1,0,1,1,0,1,1,225/65R16C,225/65R16C,2023-07-26,,,
SA19BPJ,Spennymoor,3.5 Tonne,Panel Van,Example Automotive,Cargo Van 100,Hire,Delivery Fleet,Demo Hire Services,2019,Active,2019-04-08,0,0,650,190500,M,2026-11-19,12,2027-09-02,52,0,2027-03-04,26,250,0,1100,Diesel,Manual,White / Sample Branding,1,0,,0,0,0,1,1,0,1,225/65R16C,225/65R16C,2019-04-08,,,
SA25ZKJ,Spennymoor,3.5 Tonne,Panel Van,Example Automotive,Cargo Van 100,Lease,Delivery Fleet,Demo Hire Services,2025,Active,2025-02-14,60,394,0,93000,M,2026-10-08,12,2027-03-11,52,0,2026-11-26,26,0,0,1100,Diesel,Manual,White,0,1,DemoTrack,0,0,0,1,1,0,1,225/65R16C,225/65R16C,2025-02-14,,,
SA20WKR,Spennymoor,3.5 Tonne,Panel Van,Example Automotive,Cargo Van 100,Hire,Delivery Fleet,Sample Leasing Ltd,2020,Active,2020-07-05,0,0,650,190250,M,2026-10-08,12,2027-04-08,52,0,2027-01-07,26,250,0,1100,Diesel,Manual,White,1,0,,0,0,0,0,1,0,1,225/65R16C,225/65R16C,2020-07-05,,,
SA23OJS,Spennymoor,3.5 Tonne,Panel Van,Example Automotive,Cargo Van 100,Lease,Delivery Fleet,Example Fleet Partners,2023,Active,2023-01-15,60,532,0,25500,M,2026-10-08,12,2027-08-26,52,0,2026-11-05,26,150,0,1100,Diesel,Manual,White,1,1,DemoTrack,0,0,0,0,1,0,0,225/65R16C,225/65R16C,2023-01-15,,,
SA25EED,Spennymoor,Hi-Cube,Panel Van,Example Automotive,Cargo Van 100,Hire,Delivery Fleet,Sample Leasing Ltd,2025,Active,2025-11-23,0,0,145,34250,M,2026-12-03,12,2026-10-22,52,0,2027-03-18,26,250,0,1100,Diesel,Manual,Green / Sample Branding,1,0,,0,0,1,1,0,0,0,225/65R16C,225/65R16C,2025-11-23,,,
SA22SNJ,Spennymoor,Hi-Cube,Panel Van,Example Automotive,Cargo Van 100,Lease,Delivery Fleet,Example Fleet Partners,2022,Active,2022-08-14,48,508,0,184250,M,2026-12-03,12,2026-11-19,52,0,2026-11-12,26,250,0,1100,Diesel,Manual,White / Sample Branding,1,1,FleetExample,0,0,0,1,1,0,0,225/65R16C,225/65R16C,2022-08-14,,,
SA23ELF,Spennymoor,Hi-Cube,Panel Van,Example Automotive,Cargo Van 100,Lease,Delivery Fleet,Demo Hire Services,2023,Active,2023-11-07,48,552,0,9750,M,2026-11-26,12,2027-06-17,52,0,2026-10-01,26,250,0,1100,Diesel,Manual,Blue,1,1,SampleConnect,0,0,1,1,1,1,1,225/65R16C,225/65R16C,2023-11-07,,,
SA22YHZ,Spennymoor,3.5 Tonne,Panel Van,Example Automotive,Cargo Van 100,Lease,Delivery Fleet,Illustration Rentals,2022,Active,2022-04-27,48,333,0,138250,M,2026-10-01,12,2027-08-26,52,0,2027-03-18,26,150,0,1100,Diesel,Manual,Silver,1,1,DemoTrack,1,0,0,1,0,1,1,225/65R16C,225/65R16C,2022-04-27,,,
SA21GKN,Dundee,3.5 Tonne,Panel Van,Example Automotive,Cargo Van 100,Hire,Delivery Fleet,Example Fleet Partners,2021,Active,2021-10-15,0,0,145,209750,M,2026-10-01,12,2027-09-23,52,0,2026-10-29,26,250,0,1100,Diesel,Manual,White / Sample Branding,0,0,,0,0,0,1,1,0,1,225/65R16C,225/65R16C,2021-10-15,,,
SA25EAJ,Dundee,3.5 Tonne,Panel Van,Example Automotive,Cargo Van 100,Lease,Delivery Fleet,Demo Hire Services,2025,Active,2025-07-18,24,279,0,19250,M,2026-11-26,12,2027-03-25,52,0,2026-10-22,26,0,0,1100,Diesel,Manual,White,1,1,SampleConnect,0,0,0,1,1,0,1,225/65R16C,225/65R16C,2025-07-18,,,
SA19JDA,Dundee,3.5 Tonne,Panel Van,Example Automotive,Cargo Van 100,Hire,Delivery Fleet,Sample Leasing Ltd,2019,Active,2019-11-19,0,0,145,59750,M,2026-12-10,12,2026-05-07,52,0,2026-12-24,26,400,0,1100,Diesel,Manual,White,0,1,SampleConnect,0,0,0,1,1,0,1,225/65R16C,225/65R16C,2019-11-19,,,
SA22ROJ,Dundee,3.5 Tonne,Panel Van,Example Automotive,Cargo Van 100,Owned,Delivery Fleet,,2022,Active,2022-12-03,0,0,0,162000,M,2026-10-15,12,2027-03-11,52,0,2027-01-28,26,0,0,1100,Diesel,Manual,White / Sample Branding,1,1,SampleConnect,1,0,0,1,1,0,1,225/65R16C,225/65R16C,2022-12-03,,,
SA22DKF,Dundee,3.5 Tonne,Panel Van,Example Automotive,Cargo Van 100,Lease,Delivery Fleet,Illustration Rentals,2022,Active,2022-10-01,36,426,0,36000,M,2026-11-19,12,2026-12-31,52,0,2027-01-14,26,0,0,1100,Diesel,Manual,Blue,1,1,FleetExample,0,0,1,1,0,1,0,225/65R16C,225/65R16C,2022-10-01,,,
SA21BZA,Dundee,3.5 Tonne,Panel Van,Example Automotive,Cargo Van 100,Lease,Delivery Fleet,Example Fleet Partners,2021,Active,2021-08-03,48,447,0,87750,M,2026-10-01,12,2027-03-18,52,0,2026-12-17,26,0,0,1100,Diesel,Manual,Green / Sample Branding,0,0,,1,0,1,0,0,0,1,225/65R16C,225/65R16C,2021-08-03,,,
SA23RHZ,Dundee,Hi-Cube,Panel Van,Example Automotive,Cargo Van 100,Owned,Delivery Fleet,,2023,Active,2023-11-05,0,0,0,174250,M,2026-11-12,12,2026-10-29,52,0,2026-10-08,26,150,0,1100,Diesel,Manual,Green / Sample Branding,0,0,,0,0,1,1,0,1,1,225/65R16C,225/65R16C,2023-11-05,,,
SA24HUJ,Dundee,Hi-Cube,Panel Van,Example Automotive,Cargo Van 100,Hire,Delivery Fleet,Illustration Rentals,2024,Active,2024-11-07,0,0,145,49250,M,2026-12-17,12,2026-11-26,52,0,2026-12-31,26,0,0,1100,Diesel,Manual,White,0,1,FleetExample,0,0,0,1,0,0,1,225/65R16C,225/65R16C,2024-11-07,,,
SA24XPF,Dundee,Hi-Cube,Panel Van,Example Automotive,Cargo Van 100,Hire,Delivery Fleet,Sample Leasing Ltd,2024,Active,2024-07-04,0,0,145,55000,M,2026-12-17,12,2027-03-04,52,0,2026-06-04,26,250,0,1100,Diesel,Manual,White,0,1,DemoTrack,0,0,1,1,1,1,1,225/65R16C,225/65R16C,2024-07-04,,,
SA21CCO,Crawley,3.5 Tonne,Panel Van,Example Automotive,Cargo Van 100,Hire,Delivery Fleet,Example Fleet Partners,2021,Active,2021-12-28,0,0,145,166250,M,2026-08-20,12,2027-06-17,52,0,2026-12-03,26,650,0,1100,Diesel,Manual,White,0,0,,0,0,0,1,0,1,1,225/65R16C,225/65R16C,2021-12-28,,,
SA22YMS,Crawley,3.5 Tonne,Panel Van,Example Automotive,Cargo Van 100,Owned,Delivery Fleet,,2022,Active,2022-04-02,0,0,0,123250,M,2026-11-19,12,2027-04-08,52,0,2027-03-25,26,150,0,1100,Diesel,Manual,Green / Sample Branding,0,0,,0,0,0,1,0,0,1,225/65R16C,225/65R16C,2022-04-02,,,
SA23TCW,Crawley,3.5 Tonne,Panel Van,Example Automotive,Cargo Van 100,Lease,Delivery Fleet,Sample Leasing Ltd,2023,Active,2023-11-12,60,411,0,27000,M,2026-12-03,12,2027-04-15,52,0,2027-02-11,26,650,0,1100,Diesel,Manual,Green / Sample Branding,1,1,FleetExample,0,0,1,1,0,1,0,225/65R16C,225/65R16C,2023-11-12,,,
SA23LTT,Crawley,3.5 Tonne,Panel Van,Example Automotive,Cargo Van 100,Lease,Delivery Fleet,Demo Hire Services,2023,Active,2023-03-02,60,449,0,89500,M,2026-10-22,12,2027-01-28,52,0,2027-02-25,26,150,0,1100,Diesel,Manual,Blue,1,0,,1,0,1,1,0,1,1,225/65R16C,225/65R16C,2023-03-02,,,
SA20CXC,Crawley,3.5 Tonne,Panel Van,Example Automotive,Cargo Van 100,Owned,Delivery Fleet,,2020,Active,2020-03-06,0,0,0,60000,M,2026-10-29,12,2026-11-05,52,0,2026-12-31,26,250,0,1100,Diesel,Manual,Blue,1,1,SampleConnect,0,0,1,1,0,0,0,225/65R16C,225/65R16C,2020-03-06,,,
SA22KZH,Crawley,3.5 Tonne,Panel Van,Example Automotive,Cargo Van 100,Lease,Delivery Fleet,Illustration Rentals,2022,Active,2022-10-15,36,274,0,68250,M,2026-10-08,12,2027-04-22,52,0,2027-02-25,26,400,0,1100,Diesel,Manual,Silver,1,1,DemoTrack,1,0,1,1,1,0,1,225/65R16C,225/65R16C,2022-10-15,,,
SA24SVW,Crawley,3.5 Tonne,Panel Van,Example Automotive,Cargo Van 100,Lease,Delivery Fleet,Sample Leasing Ltd,2024,Active,2024-10-09,36,472,0,201500,M,2026-11-19,12,2027-04-22,52,0,2027-03-25,26,400,0,1100,Diesel,Manual,Silver,1,0,,0,0,1,1,0,1,1,225/65R16C,225/65R16C,2024-10-09,,,
SA22CFJ,Crawley,Hi-Cube,Panel Van,Example Automotive,Cargo Van 100,Hire,Delivery Fleet,Illustration Rentals,2022,Active,2022-04-28,0,0,145,58500,M,2026-12-10,12,2027-09-02,52,0,2027-02-04,26,250,0,1100,Diesel,Manual,White,1,1,DemoTrack,0,0,1,1,0,0,1,225/65R16C,225/65R16C,2022-04-28,,,
SA21CEN,Heywood,Hi-Cube,Panel Van,Example Automotive,Cargo Van 100,Lease,Delivery Fleet,Demo Hire Services,2021,Active,2021-01-05,60,378,0,112500,M,2026-11-05,12,2026-12-10,52,0,2026-12-17,26,400,0,1100,Diesel,Manual,Green / Sample Branding,1,1,SampleConnect,0,0,1,1,1,0,0,225/65R16C,225/65R16C,2021-01-05,,,
SA23SWZ,Heywood,Hi-Cube,Panel Van,Example Automotive,Cargo Van 100,Hire,Delivery Fleet,Example Fleet Partners,2023,Active,2023-08-20,0,0,650,75000,M,2026-12-10,12,2027-06-17,52,0,2026-12-03,26,400,0,1100,Diesel,Manual,White / Sample Branding,1,0,,0,0,0,0,0,1,1,225/65R16C,225/65R16C,2023-08-20,,,
SA22LUM,Heywood,3.5 Tonne,Panel Van,Example Automotive,Cargo Van 100,Owned,Delivery Fleet,,2022,Active,2022-01-21,0,0,0,59250,M,2026-10-22,12,2026-12-10,52,0,2026-12-24,26,250,0,1100,Diesel,Manual,Blue,1,0,,0,0,1,1,1,0,0,225/65R16C,225/65R16C,2022-01-21,,,
SA25KXF,Heywood,3.5 Tonne,Panel Van,Example Automotive,Cargo Van 100,Owned,Delivery Fleet,,2025,Active,2025-04-25,0,0,0,186250,M,2026-11-12,12,2027-02-18,52,0,2027-01-07,26,400,0,1100,Diesel,Manual,Green / Sample Branding,0,1,SampleConnect,0,0,0,1,1,0,1,225/65R16C,225/65R16C,2025-04-25,,,
SA24WUX,Heywood,3.5 Tonne,Panel Van,Example Automotive,Cargo Van 100,Owned,Delivery Fleet,,2024,Active,2024-06-02,0,0,0,201000,M,2026-12-10,12,2027-05-13,52,0,2026-12-10,26,650,0,1100,Diesel,Manual,White,1,0,,0,0,1,1,0,1,0,225/65R16C,225/65R16C,2024-06-02,,,
SA19GHF,Heywood,3.5 Tonne,Panel Van,Example Automotive,Cargo Van 100,Owned,Delivery Fleet,,2019,Active,2019-11-11,0,0,0,5750,M,2026-10-01,12,2026-01-29,52,0,2027-02-18,26,400,0,1100,Diesel,Manual,Green / Sample Branding,1,1,FleetExample,0,0,1,0,1,1,1,225/65R16C,225/65R16C,2019-11-11,,,
SA21VAL,Heywood,3.5 Tonne,Panel Van,Example Automotive,Cargo Van 100,Owned,Delivery Fleet,,2021,Active,2021-07-13,0,0,0,131750,M,2026-10-01,12,2026-10-15,52,0,2026-10-22,26,150,0,1100,Diesel,Manual,Silver,1,1,SampleConnect,1,0,0,1,0,0,1,225/65R16C,225/65R16C,2021-07-13,,,
SA23BVR,Heywood,3.5 Tonne,Panel Van,Example Automotive,Cargo Van 100,Hire,Delivery Fleet,Sample Leasing Ltd,2023,Active,2023-10-01,0,0,650,120250,M,2026-10-29,12,2026-11-12,52,0,2026-11-19,26,400,0,1100,Diesel,Manual,Green / Sample Branding,0,0,,0,0,1,1,1,0,1,225/65R16C,225/65R16C,2023-10-01,,,
SA24UTB,Larkhall,3.5 Tonne,Panel Van,Example Automotive,Cargo Van 100,Hire,Delivery Fleet,Illustration Rentals,2024,Active,2024-07-07,0,0,650,147500,M,2026-11-05,12,2026-11-19,52,0,2027-01-21,26,150,0,1100,Diesel,Manual,Blue,1,1,FleetExample,0,0,0,1,1,1,0,225/65R16C,225/65R16C,2024-07-07,,,
SA19AAK,Larkhall,Hi-Cube,Panel Van,Example Automotive,Cargo Van 100,Lease,Delivery Fleet,Example Fleet Partners,2019,Active,2019-03-03,48,234,0,103250,M,2026-12-03,12,2027-09-23,52,0,2026-10-29,26,650,0,1100,Diesel,Manual,Blue,1,1,FleetExample,0,0,1,0,1,0,0,225/65R16C,225/65R16C,2019-03-03,,,
SA19FOW,Larkhall,Hi-Cube,Panel Van,Example Automotive,Cargo Van 100,Lease,Delivery Fleet,Illustration Rentals,2019,Active,2019-08-10,60,340,0,122750,M,2026-10-08,12,2026-11-12,52,0,2026-11-05,26,250,0,1100,Diesel,Manual,Silver,1,1,FleetExample,1,0,1,1,1,1,1,225/65R16C,225/65R16C,2019-08-10,,,
SA19MYE,Larkhall,Hi-Cube,Panel Van,Example Automotive,Cargo Van 100,Lease,Delivery Fleet,Example Fleet Partners,2019,Active,2019-03-07,60,553,0,157250,M,2026-10-08,12,2027-07-22,52,0,2026-09-24,26,250,0,1100,Diesel,Manual,White,1,1,DemoTrack,0,0,1,1,1,1,1,225/65R16C,225/65R16C,2019-03-07,,,
SA19SSR,Larkhall,3.5 Tonne,Panel Van,Example Automotive,Cargo Van 100,Hire,Delivery Fleet,Illustration Rentals,2019,Active,2019-11-03,0,0,650,181500,M,2026-09-17,12,2027-04-29,52,0,2027-01-14,26,650,0,1100,Diesel,Manual,White,1,1,SampleConnect,1,0,1,1,0,1,0,225/65R16C,225/65R16C,2019-11-03,,,
SA20SBV,Larkhall,3.5 Tonne,Panel Van,Example Automotive,Cargo Van 100,Lease,Delivery Fleet,Illustration Rentals,2020,Active,2020-12-21,36,186,0,105750,M,2026-11-05,12,2027-07-01,52,0,2027-03-04,26,150,0,1100,Diesel,Manual,Blue,1,0,,0,0,1,1,0,0,0,225/65R16C,225/65R16C,2020-12-21,,,
SA21JDG,Larkhall,3.5 Tonne,Panel Van,Example Automotive,Cargo Van 100,Hire,Delivery Fleet,Illustration Rentals,2021,Active,2021-08-23,0,0,650,31250,M,2026-11-19,12,2027-09-23,52,0,2026-12-24,26,150,0,1100,Diesel,Manual,White / Sample Branding,1,0,,1,0,0,1,1,1,0,225/65R16C,225/65R16C,2021-08-23,,,
SA25OEB,Basildon,3.5 Tonne,Panel Van,Example Automotive,Cargo Van 100,Lease,Delivery Fleet,Demo Hire Services,2025,Active,2025-06-04,36,189,0,91000,M,2026-11-26,12,2027-07-08,52,0,2026-10-29,26,650,0,1100,Diesel,Manual,Blue,0,0,,1,0,0,1,1,0,1,225/65R16C,225/65R16C,2025-06-04,,,
SA20DZU,Basildon,3.5 Tonne,Panel Van,Example Automotive,Cargo Van 100,Lease,Delivery Fleet,Demo Hire Services,2020,Active,2020-01-24,60,426,0,216000,M,2026-12-17,12,2027-04-29,52,0,2026-12-17,26,650,0,1100,Diesel,Manual,Green / Sample Branding,1,0,,1,0,1,1,1,0,1,225/65R16C,225/65R16C,2020-01-24,,,
SA19XOT,Basildon,3.5 Tonne,Panel Van,Example Automotive,Cargo Van 100,Hire,Delivery Fleet,Sample Leasing Ltd,2019,Active,2019-01-28,0,0,145,23000,M,2026-11-12,12,2026-11-19,52,0,2027-03-18,26,0,0,1100,Diesel,Manual,Green / Sample Branding,1,0,,0,0,1,0,0,0,1,225/65R16C,225/65R16C,2019-01-28,,,
SA21FMO,Basildon,3.5 Tonne,Panel Van,Example Automotive,Cargo Van 100,Owned,Delivery Fleet,,2021,VOR,2021-03-07,0,0,0,111000,M,2026-10-22,12,2027-03-11,52,0,2027-02-25,26,0,0,1100,Diesel,Manual,Green / Sample Branding,0,1,DemoTrack,1,0,0,1,1,0,0,225/65R16C,225/65R16C,2021-03-07,,,
SA24GBF,Basildon,Hi-Cube,Panel Van,Example Automotive,Cargo Van 100,Owned,Delivery Fleet,,2024,Active,2024-07-17,0,0,0,121500,M,2026-10-22,12,2027-05-13,52,0,2027-02-11,26,0,0,1100,Diesel,Manual,White / Sample Branding,0,1,DemoTrack,0,0,1,1,1,0,1,225/65R16C,225/65R16C,2024-07-17,,,
SA25RNO,Basildon,Hi-Cube,Panel Van,Example Automotive,Cargo Van 100,Lease,Delivery Fleet,Demo Hire Services,2025,Active,2025-12-17,36,519,0,128750,M,2026-12-17,12,2027-01-14,52,0,2026-10-15,26,150,0,1100,Diesel,Manual,White / Sample Branding,1,1,DemoTrack,0,0,0,1,0,1,1,225/65R16C,225/65R16C,2025-12-17,,,
SA19XZU,Outside HDV Network,Hi-Cube,Panel Van,Example Automotive,Cargo Van 100,Owned,Delivery Fleet,,2019,Active,2019-12-05,0,0,0,183500,M,2026-10-29,12,2027-06-24,52,0,2027-03-04,26,150,0,1100,Diesel,Manual,White / Sample Branding,0,0,,0,0,0,1,1,1,1,225/65R16C,225/65R16C,2019-12-05,,,
SA19LMO,Outside HDV Network,3.5 Tonne,Panel Van,Example Automotive,Cargo Van 100,Owned,Delivery Fleet,,2019,Active,2019-10-27,0,0,0,144500,M,2026-11-12,12,2027-02-11,52,0,2027-01-28,26,150,0,1100,Diesel,Manual,Blue,1,0,,1,0,1,0,1,1,1,225/65R16C,225/65R16C,2019-10-27,,,
SA24CXH,Outside HDV Network,3.5 Tonne,Panel Van,Example Automotive,Cargo Van 100,Lease,Delivery Fleet,Illustration Rentals,2024,Active,2024-01-05,48,357,0,146500,M,2026-10-22,12,2027-04-01,52,0,2026-10-01,26,0,0,1100,Diesel,Manual,White,0,1,FleetExample,0,0,1,0,0,0,1,225/65R16C,225/65R16C,2024-01-05,,,
SA24ACZ,Outside HDV Network,3.5 Tonne,Panel Van,Example Automotive,Cargo Van 100,Hire,Delivery Fleet,Sample Leasing Ltd,2024,Active,2024-07-04,0,0,650,204000,M,2026-12-17,12,2027-09-16,52,0,2027-02-11,26,250,0,1100,Diesel,Manual,White / Sample Branding,1,1,FleetExample,0,0,1,1,1,0,1,225/65R16C,225/65R16C,2024-07-04,,,
SA20EXZ,Fareham,3.5 Tonne,Panel Van,Example Automotive,Cargo Van 100,Lease,Delivery Fleet,Example Fleet Partners,2020,Active,2020-03-24,24,388,0,137750,M,2026-12-17,12,2025-12-04,52,0,2027-01-14,26,250,0,1100,Diesel,Manual,White,0,0,,0,0,1,1,1,1,0,225/65R16C,225/65R16C,2020-03-24,,,
SA21GBX,Fareham,3.5 Tonne,Panel Van,Example Automotive,Cargo Van 100,Owned,Delivery Fleet,,2021,Active,2021-07-21,0,0,0,184000,M,2026-10-29,12,2027-09-23,52,0,2027-02-25,26,0,0,1100,Diesel,Manual,Silver,0,0,,1,0,0,1,0,1,0,225/65R16C,225/65R16C,2021-07-21,,,
SA19LNB,Fareham,3.5 Tonne,Panel Van,Example Automotive,Cargo Van 100,Lease,Delivery Fleet,Sample Leasing Ltd,2019,VOR,2019-01-15,48,215,0,39750,M,2026-10-08,12,2027-05-27,52,0,2026-12-03,26,250,0,1100,Diesel,Manual,Silver,0,1,DemoTrack,0,0,1,1,0,0,0,225/65R16C,225/65R16C,2019-01-15,,,
SA19PGR,Fareham,3.5 Tonne,Panel Van,Example Automotive,Cargo Van 100,Lease,Delivery Fleet,Illustration Rentals,2019,Active,2019-02-09,24,419,0,85750,M,2026-11-19,12,2027-08-19,52,0,2026-10-15,26,400,0,1100,Diesel,Manual,White,1,0,,0,0,1,1,1,0,0,225/65R16C,225/65R16C,2019-02-09,,,
SA19WEJ,Avonmouth,Hi-Cube,Panel Van,Example Automotive,Cargo Van 100,Lease,Delivery Fleet,Illustration Rentals,2019,Active,2019-09-17,36,486,0,113750,M,2026-12-03,12,2027-03-11,52,0,2026-10-01,26,400,0,1100,Diesel,Manual,Blue,0,0,,0,0,1,1,0,0,1,225/65R16C,225/65R16C,2019-09-17,,,
SA22DLG,Avonmouth,Hi-Cube,Panel Van,Example Automotive,Cargo Van 100,Hire,Delivery Fleet,Illustration Rentals,2022,Active,2022-12-16,0,0,650,40250,M,2026-10-15,12,2027-06-17,52,0,2026-11-26,26,150,0,1100,Diesel,Manual,White / Sample Branding,1,0,,0,0,1,1,1,0,1,225/65R16C,225/65R16C,2022-12-16,,,
SA24FWY,Avonmouth,Hi-Cube,Panel Van,Example Automotive,Cargo Van 100,Hire,Delivery Fleet,Example Fleet Partners,2024,Active,2024-04-20,0,0,145,214750,M,2026-11-12,12,2027-07-22,52,0,2026-09-24,26,150,0,1100,Diesel,Manual,White / Sample Branding,0,0,,1,0,1,1,1,0,1,225/65R16C,225/65R16C,2024-04-20,,,
SA23LBS,Crewe,3.5 Tonne,Panel Van,Example Automotive,Cargo Van 100,Hire,Delivery Fleet,Example Fleet Partners,2023,Active,2023-11-14,0,0,145,232750,M,2026-07-30,12,2026-12-24,52,0,2026-10-15,26,650,0,1100,Diesel,Manual,Green / Sample Branding,0,1,SampleConnect,1,0,1,0,0,0,1,225/65R16C,225/65R16C,2023-11-14,,,
SA25BSS,Crewe,3.5 Tonne,Panel Van,Example Automotive,Cargo Van 100,Hire,Delivery Fleet,Example Fleet Partners,2025,Active,2025-09-01,0,0,650,28000,M,2026-12-17,12,2026-12-24,52,0,2026-10-08,26,150,0,1100,Diesel,Manual,Silver,1,1,FleetExample,0,0,0,1,0,0,1,225/65R16C,225/65R16C,2025-09-01,,,
SA20FBH,Crewe,3.5 Tonne,Panel Van,Example Automotive,Cargo Van 100,Owned,Delivery Fleet,,2020,Active,2020-04-20,0,0,0,172750,M,2026-12-03,12,2027-01-07,52,0,2027-01-14,26,150,0,1100,Diesel,Manual,White / Sample Branding,1,0,,0,0,0,1,0,0,1,225/65R16C,225/65R16C,2020-04-20,,,
SA22TSZ,Crewe,3.5 Tonne,Panel Van,Example Automotive,Cargo Van 100,Owned,Delivery Fleet,,2022,Active,2022-05-28,0,0,0,225750,M,2026-10-22,12,2026-11-26,52,0,2027-03-11,26,0,0,1100,Diesel,Manual,Green / Sample Branding,0,0,,0,0,0,1,0,0,1,225/65R16C,225/65R16C,2022-05-28,,,
SA25DST,Crewe,3.5 Tonne,Panel Van,Example Automotive,Cargo Van 100,Owned,Delivery Fleet,,2025,Active,2025-08-06,0,0,0,31750,M,2026-11-26,12,2027-07-22,52,0,2026-12-10,26,150,0,1100,Diesel,Manual,White,0,0,,0,0,0,1,1,0,0,225/65R16C,225/65R16C,2025-08-06,,,
SA25XEN,Crewe,3.5 Tonne,Panel Van,Example Automotive,Cargo Van 100,Lease,Delivery Fleet,Demo Hire Services,2025,Active,2025-02-10,48,540,0,51500,M,2026-10-22,12,2027-06-17,52,0,2026-11-05,26,400,0,1100,Diesel,Manual,White,1,1,DemoTrack,0,0,0,1,1,1,1,225/65R16C,225/65R16C,2025-02-10,,,
SA23BYE,Crewe,3.5 Tonne,Panel Van,Example Automotive,Cargo Van 100,Owned,Delivery Fleet,,2023,VOR,2023-06-14,0,0,0,154250,M,2026-12-03,12,2027-02-11,52,0,2026-12-17,26,250,0,1100,Diesel,Manual,White / Sample Branding,1,1,SampleConnect,0,0,0,1,1,0,0,225/65R16C,225/65R16C,2023-06-14,,,
SA19MRR,Crewe,Hi-Cube,Panel Van,Example Automotive,Cargo Van 100,Lease,Delivery Fleet,Sample Leasing Ltd,2019,Active,2019-03-11,60,469,0,12750,M,2026-11-26,12,2027-05-06,52,0,2026-11-26,26,650,0,1100,Diesel,Manual,White,1,1,DemoTrack,0,0,1,1,1,0,1,225/65R16C,225/65R16C,2019-03-11,,,
SA24DLU,Crewe,Hi-Cube,Panel Van,Example Automotive,Cargo Van 100,Hire,Delivery Fleet,Sample Leasing Ltd,2024,Active,2024-08-17,0,0,650,96750,M,2026-11-26,12,2027-05-13,52,0,2026-10-22,26,150,0,1100,Diesel,Manual,White,1,0,,0,0,1,1,0,0,1,225/65R16C,225/65R16C,2024-08-17,,,
SA25YOS,Crewe,Hi-Cube,Panel Van,Example Automotive,Cargo Van 100,Hire,Delivery Fleet,Example Fleet Partners,2025,Active,2025-07-13,0,0,145,166000,M,2026-11-19,12,2027-08-05,52,0,2027-02-04,26,250,0,1100,Diesel,Manual,Green / Sample Branding,1,0,,1,0,1,1,0,1,1,225/65R16C,225/65R16C,2025-07-13,,,
SA19JFP,Crewe,3.5 Tonne,Panel Van,Example Automotive,Cargo Van 100,Lease,Delivery Fleet,Example Fleet Partners,2019,Active,2019-01-13,48,275,0,176750,M,2026-10-29,12,2026-10-08,52,0,2027-01-21,26,250,0,1100,Diesel,Manual,White / Sample Branding,1,1,DemoTrack,0,0,1,1,1,0,1,225/65R16C,225/65R16C,2019-01-13,,,
SA25VBZ,Crewe,3.5 Tonne,Panel Van,Example Automotive,Cargo Van 100,Lease,Delivery Fleet,Illustration Rentals,2025,Active,2025-09-04,36,468,0,126750,M,2026-11-05,12,2027-09-09,52,0,2026-10-29,26,250,0,1100,Diesel,Manual,Silver,0,0,,0,0,0,1,1,0,1,225/65R16C,225/65R16C,2025-09-04,,,
SA19CNH,Crewe,3.5 Tonne,Panel Van,Example Automotive,Cargo Van 100,Owned,Delivery Fleet,,2019,Active,2019-12-10,0,0,0,60250,M,2026-10-29,12,2027-02-04,52,0,2026-12-31,26,0,0,1100,Diesel,Manual,Green / Sample Branding,0,1,DemoTrack,1,0,1,1,1,0,0,225/65R16C,225/65R16C,2019-12-10,,,
SA21DSL,Crewe,3.5 Tonne,Panel Van,Example Automotive,Cargo Van 100,Hire,Delivery Fleet,Demo Hire Services,2021,Active,2021-01-15,0,0,650,171750,M,2026-10-08,12,2026-03-05,52,0,2026-12-03,26,650,0,1100,Diesel,Manual,Blue,1,1,SampleConnect,0,0,1,1,0,1,1,225/65R16C,225/65R16C,2021-01-15,,,
SA20UEE,Crewe,3.5 Tonne,Panel Van,Example Automotive,Cargo Van 100,Lease,Delivery Fleet,Example Fleet Partners,2020,VOR,2020-05-01,36,470,0,122500,M,2026-10-01,12,2027-06-17,52,0,2027-01-28,26,400,0,1100,Diesel,Manual,Silver,1,1,DemoTrack,0,0,1,0,1,1,1,225/65R16C,225/65R16C,2020-05-01,,,
SA19YDC,Crewe,3.5 Tonne,Panel Van,Example Automotive,Cargo Van 100,Owned,Delivery Fleet,,2019,Active,2019-02-25,0,0,0,206500,M,2026-10-15,12,2027-07-01,52,0,2026-10-01,26,0,0,1100,Diesel,Manual,Green / Sample Branding,0,0,,0,0,1,1,1,1,1,225/65R16C,225/65R16C,2019-02-25,,,
SA22BPZ,Crewe,3.5 Tonne,Panel Van,Example Automotive,Cargo Van 100,Lease,Delivery Fleet,Illustration Rentals,2022,Active,2022-10-08,60,523,0,156500,M,2026-10-01,12,2027-07-01,52,0,2026-11-26,26,150,0,1100,Diesel,Manual,Silver,0,0,,0,0,0,1,1,0,0,225/65R16C,225/65R16C,2022-10-08,,,
SA23JPZ,Crewe,Hi-Cube,Panel Van,Example Automotive,Cargo Van 100,Hire,Delivery Fleet,Demo Hire Services,2023,Active,2023-08-19,0,0,650,219500,M,2026-10-22,12,2027-08-05,52,0,2026-11-05,26,400,0,1100,Diesel,Manual,White / Sample Branding,0,1,SampleConnect,0,0,0,1,0,0,1,225/65R16C,225/65R16C,2023-08-19,,,
SA19ECR,Crewe,Hi-Cube,Panel Van,Example Automotive,Cargo Van 100,Hire,Delivery Fleet,Sample Leasing Ltd,2019,Active,2019-05-05,0,0,145,107250,M,2026-11-12,12,2026-10-01,52,0,2026-12-17,26,0,0,1100,Diesel,Manual,White,1,1,DemoTrack,1,0,0,1,1,0,0,225/65R16C,225/65R16C,2019-05-05,,,
SA21HCL,Crewe,Hi-Cube,Panel Van,Example Automotive,Cargo Van 100,Hire,Delivery Fleet,Demo Hire Services,2021,Active,2021-04-27,0,0,145,66000,M,2026-10-22,12,2026-10-29,52,0,2026-05-07,26,400,0,1100,Diesel,Manual,White,1,0,,0,0,0,1,1,0,1,225/65R16C,225/65R16C,2021-04-27,,,
SA25FMP,Crewe,3.5 Tonne,Panel Van,Example Automotive,Cargo Van 100,Hire,Delivery Fleet,Example Fleet Partners,2025,Active,2025-04-19,0,0,145,34250,M,2026-09-17,12,2026-10-22,52,0,2026-11-19,26,0,0,1100,Diesel,Manual,White / Sample Branding,0,0,,0,0,1,1,0,1,1,225/65R16C,225/65R16C,2025-04-19,,,
SA20CBD,Crewe,3.5 Tonne,Panel Van,Example Automotive,Cargo Van 100,Owned,Delivery Fleet,,2020,Active,2020-07-21,0,0,0,206500,M,2026-10-22,12,2027-08-05,52,0,2026-11-19,26,0,0,1100,Diesel,Manual,Green / Sample Branding,0,0,,0,0,1,1,0,1,0,225/65R16C,225/65R16C,2020-07-21,,,
SA22BVF,Crewe,3.5 Tonne,Panel Van,Example Automotive,Cargo Van 100,Lease,Delivery Fleet,Sample Leasing Ltd,2022,Active,2022-06-25,24,554,0,113500,M,2026-11-12,12,2026-10-08,52,0,2027-02-11,26,250,0,1100,Diesel,Manual,Blue,0,0,,0,0,1,1,1,1,1,225/65R16C,225/65R16C,2022-06-25,,,
SA24UTV,Crewe,3.5 Tonne,Panel Van,Example Automotive,Cargo Van 100,Owned,Delivery Fleet,,2024,Active,2024-06-02,0,0,0,10000,M,2026-11-26,12,2027-08-26,52,0,2026-10-15,26,400,0,1100,Diesel,Manual,Green / Sample Branding,0,0,,0,0,1,1,1,1,0,225/65R16C,225/65R16C,2024-06-02,,,
SA19UEA,Crewe,3.5 Tonne,Panel Van,Example Automotive,Cargo Van 100,Owned,Delivery Fleet,,2019,Active,2019-11-25,0,0,0,62500,M,2026-10-08,12,2027-07-29,52,0,2027-01-14,26,150,0,1100,Diesel,Manual,Silver,0,0,,0,0,0,1,1,0,1,225/65R16C,225/65R16C,2019-11-25,,,
SA19NNF,Crewe,3.5 Tonne,Panel Van,Example Automotive,Cargo Van 100,Hire,Delivery Fleet,Demo Hire Services,2019,Active,2019-04-28,0,0,145,217000,M,2026-10-29,12,2026-12-10,52,0,2027-03-04,26,400,0,1100,Diesel,Manual,Silver,0,0,,1,0,0,0,1,0,1,225/65R16C,225/65R16C,2019-04-28,,,
SA25GBJ,Crewe,3.5 Tonne,Panel Van,Example Automotive,Cargo Van 100,Owned,Delivery Fleet,,2025,Active,2025-11-06,0,0,0,104750,M,2026-12-03,12,2027-04-01,52,0,2027-01-14,26,400,0,1100,Diesel,Manual,Green / Sample Branding,1,0,,0,0,0,0,0,0,1,225/65R16C,225/65R16C,2025-11-06,,,
SA24DKG,Crewe,Hi-Cube,Panel Van,Example Automotive,Cargo Van 100,Hire,Delivery Fleet,Sample Leasing Ltd,2024,Active,2024-10-14,0,0,145,185500,M,2026-12-03,12,2027-08-12,52,0,2027-02-25,26,400,0,1100,Diesel,Manual,Green / Sample Branding,1,1,FleetExample,0,0,1,0,0,1,1,225/65R16C,225/65R16C,2024-10-14,,,
SA25FXR,Crewe,Hi-Cube,Panel Van,Example Automotive,Cargo Van 100,Lease,Delivery Fleet,Example Fleet Partners,2025,Active,2025-07-09,24,373,0,211250,M,2026-10-29,12,2027-04-01,52,0,2026-11-05,26,650,0,1100,Diesel,Manual,Green / Sample Branding,0,0,,0,0,1,1,1,0,1,225/65R16C,225/65R16C,2025-07-09,,,
SA25GPM,Crewe,Hi-Cube,Panel Van,Example Automotive,Cargo Van 100,Lease,Delivery Fleet,Sample Leasing Ltd,2025,Active,2025-08-14,60,380,0,180250,M,2026-10-15,12,2026-11-05,52,0,2026-12-17,26,250,0,1100,Diesel,Manual,Silver,1,1,SampleConnect,0,0,1,1,1,0,0,225/65R16C,225/65R16C,2025-08-14,,,
SA20NMS,Crewe,3.5 Tonne,Panel Van,Example Automotive,Cargo Van 100,Hire,Delivery Fleet,Illustration Rentals,2020,Active,2020-09-16,0,0,650,108750,M,2026-10-29,12,2026-12-31,52,0,2027-03-18,26,0,0,1100,Diesel,Manual,Blue,0,0,,0,0,1,1,0,1,0,225/65R16C,225/65R16C,2020-09-16,,,
SA21UZE,Crewe,3.5 Tonne,Panel Van,Example Automotive,Cargo Van 100,Hire,Delivery Fleet,Example Fleet Partners,2021,Active,2021-12-05,0,0,145,65000,M,2026-10-22,12,2027-06-17,52,0,2026-11-05,26,650,0,1100,Diesel,Manual,Silver,0,1,DemoTrack,0,0,1,0,1,1,1,225/65R16C,225/65R16C,2021-12-05,,,
SA19ZOT,Crewe,3.5 Tonne,Panel Van,Example Automotive,Cargo Van 100,Owned,Delivery Fleet,,2019,Active,2019-01-11,0,0,0,23000,M,2026-10-22,12,2027-04-01,52,0,2026-10-22,26,0,0,1100,Diesel,Manual,Green / Sample Branding,0,0,,0,0,0,1,0,1,0,225/65R16C,225/65R16C,2019-01-11,,,
SA21UZJ,Crewe,3.5 Tonne,Panel Van,Example Automotive,Cargo Van 100,Hire,Delivery Fleet,Example Fleet Partners,2021,Active,2021-04-17,0,0,145,164500,M,2026-12-10,12,2026-09-24,52,0,2027-02-18,26,150,0,1100,Diesel,Manual,Green / Sample Branding,0,0,,0,0,0,0,0,0,1,225/65R16C,225/65R16C,2021-04-17,,,
SA19TOW,Crewe,3.5 Tonne,Panel Van,Example Automotive,Cargo Van 100,Hire,Delivery Fleet,Sample Leasing Ltd,2019,Active,2019-08-20,0,0,145,96000,M,2026-12-10,12,2027-04-22,52,0,2026-10-08,26,250,0,1100,Diesel,Manual,Green / Sample Branding,0,1,DemoTrack,0,0,0,1,0,0,1,225/65R16C,225/65R16C,2019-08-20,,,
SA21DLX,Crewe,3.5 Tonne,Panel Van,Example Automotive,Cargo Van 100,Owned,Delivery Fleet,,2021,Active,2021-06-21,0,0,0,205000,M,2026-12-03,12,2027-06-10,52,0,2027-01-14,26,0,0,1100,Diesel,Manual,Silver,0,0,,0,0,0,1,0,1,1,225/65R16C,225/65R16C,2021-06-21,,,
SA22MAN,Crewe,3.5 Tonne,Panel Van,Example Automotive,Cargo Van 100,Hire,Delivery Fleet,Example Fleet Partners,2022,Active,2022-04-26,0,0,145,109500,M,2026-12-03,12,2026-11-26,52,0,2027-03-25,26,400,0,1100,Diesel,Manual,Blue,0,0,,0,0,0,1,0,1,1,225/65R16C,225/65R16C,2022-04-26,,,
SA20VGF,Crewe,Hi-Cube,Panel Van,Example Automotive,Cargo Van 100,Owned,Delivery Fleet,,2020,Active,2020-08-21,0,0,0,122250,M,2026-10-22,12,2027-02-11,52,0,2026-12-24,26,250,0,1100,Diesel,Manual,Blue,1,0,,0,0,0,0,1,0,0,225/65R16C,225/65R16C,2020-08-21,,,
SA19XLS,Crossgreen,Hi-Cube,Panel Van,Example Automotive,Cargo Van 100,Hire,Delivery Fleet,Sample Leasing Ltd,2019,Active,2019-01-13,0,0,145,27250,M,2026-10-22,12,2027-03-25,52,0,2026-11-05,26,400,0,1100,Diesel,Manual,White,1,1,DemoTrack,1,0,0,1,1,1,0,225/65R16C,225/65R16C,2019-01-13,,,
SA21ZDO,Crossgreen,Hi-Cube,Panel Van,Example Automotive,Cargo Van 100,Lease,Delivery Fleet,Sample Leasing Ltd,2021,VOR,2021-04-01,36,467,0,62500,M,2026-11-19,12,2027-07-01,52,0,2026-08-20,26,250,0,1100,Diesel,Manual,Blue,0,1,DemoTrack,1,0,0,1,0,0,1,225/65R16C,225/65R16C,2021-04-01,,,
SA21CHE,Crossgreen,3.5 Tonne,Panel Van,Example Automotive,Cargo Van 100,Lease,Delivery Fleet,Illustration Rentals,2021,Active,2021-10-23,48,255,0,77250,M,2026-09-17,12,2027-05-06,52,0,2026-10-15,26,650,0,1100,Diesel,Manual,White / Sample Branding,1,1,FleetExample,0,0,1,1,1,1,1,225/65R16C,225/65R16C,2021-10-23,,,
SA23DFF,Crossgreen,3.5 Tonne,Panel Van,Example Automotive,Cargo Van 100,Lease,Delivery Fleet,Example Fleet Partners,2023,VOR,2023-09-01,60,556,0,156750,M,2026-11-12,12,2027-06-17,52,0,2026-12-10,26,0,0,1100,Diesel,Manual,Blue,1,1,FleetExample,0,0,0,1,0,0,1,225/65R16C,225/65R16C,2023-09-01,,,
SA19NED,Crossgreen,3.5 Tonne,Panel Van,Example Automotive,Cargo Van 100,Lease,Delivery Fleet,Example Fleet Partners,2019,Active,2019-03-17,60,182,0,101750,M,2026-11-19,12,2027-02-04,52,0,2026-12-31,26,150,0,1100,Diesel,Manual,White,1,0,,1,0,1,1,0,0,0,225/65R16C,225/65R16C,2019-03-17,,,
SA19NWX,Crossgreen,3.5 Tonne,Panel Van,Example Automotive,Cargo Van 100,Hire,Delivery Fleet,Sample Leasing Ltd,2019,Active,2019-02-23,0,0,650,80000,M,2026-11-26,12,2027-04-08,52,0,2027-03-04,26,0,0,1100,Diesel,Manual,White / Sample Branding,0,1,SampleConnect,0,0,0,1,0,1,0,225/65R16C,225/65R16C,2019-02-23,,,
SA25CNY,Crossgreen,3.5 Tonne,Panel Van,Example Automotive,Cargo Van 100,Owned,Delivery Fleet,,2025,Active,2025-05-20,0,0,0,54500,M,2026-10-29,12,2027-04-08,52,0,2026-10-01,26,650,0,1100,Diesel,Manual,White / Sample Branding,1,0,,1,0,1,1,0,0,0,225/65R16C,225/65R16C,2025-05-20,,,
SA23CDN,Crossgreen,3.5 Tonne,Panel Van,Example Automotive,Cargo Van 100,Hire,Delivery Fleet,Demo Hire Services,2023,Active,2023-10-22,0,0,650,108500,M,2026-10-15,12,2027-04-15,52,0,2026-12-17,26,650,0,1100,Diesel,Manual,Green / Sample Branding,0,1,SampleConnect,1,0,0,1,1,1,1,225/65R16C,225/65R16C,2023-10-22,,,
SA19LOX,Crossgreen,3.5 Tonne,Panel Van,Example Automotive,Cargo Van 100,Hire,Delivery Fleet,Illustration Rentals,2019,Active,2019-04-10,0,0,145,32000,M,2026-11-05,12,2027-04-22,52,0,2026-12-31,26,250,0,1100,Diesel,Manual,Blue,0,1,SampleConnect,0,0,1,1,0,1,1,225/65R16C,225/65R16C,2019-04-10,,,
SA25CCF,Crossgreen,Hi-Cube,Panel Van,Example Automotive,Cargo Van 100,Owned,Delivery Fleet,,2025,VOR,2025-12-10,0,0,0,196750,M,2026-10-08,12,2026-11-12,52,0,2026-11-26,26,0,0,1100,Diesel,Manual,White / Sample Branding,1,1,DemoTrack,0,0,1,1,0,1,1,225/65R16C,225/65R16C,2025-12-10,,,
SA23PMY,Crossgreen,Hi-Cube,Panel Van,Example Automotive,Cargo Van 100,Lease,Delivery Fleet,Demo Hire Services,2023,VOR,2023-12-28,36,310,0,175000,M,2026-11-19,12,2027-06-24,52,0,2027-02-11,26,400,0,1100,Diesel,Manual,Blue,0,0,,0,0,0,1,1,1,1,225/65R16C,225/65R16C,2023-12-28,,,
SA20YRS,Crossgreen,Hi-Cube,Panel Van,Example Automotive,Cargo Van 100,Hire,Delivery Fleet,Illustration Rentals,2020,Active,2020-04-11,0,0,145,70750,M,2026-10-29,12,2027-07-15,52,0,2026-12-03,26,250,0,1100,Diesel,Manual,Blue,1,1,DemoTrack,0,0,0,1,0,1,1,225/65R16C,225/65R16C,2020-04-11,,,
SA23SMA,Crossgreen,3.5 Tonne,Panel Van,Example Automotive,Cargo Van 100,Lease,Delivery Fleet,Demo Hire Services,2023,VOR,2023-03-12,24,446,0,78500,M,2026-11-05,12,2027-02-11,52,0,2026-10-08,26,0,0,1100,Diesel,Manual,White,0,0,,0,0,0,1,1,0,0,225/65R16C,225/65R16C,2023-03-12,,,
SA19XKN,Crossgreen,3.5 Tonne,Panel Van,Example Automotive,Cargo Van 100,Lease,Delivery Fleet,Demo Hire Services,2019,Active,2019-01-18,48,280,0,169250,M,2026-10-29,12,2026-10-29,52,0,2026-10-01,26,250,0,1100,Diesel,Manual,Silver,1,0,,0,0,1,1,0,0,1,225/65R16C,225/65R16C,2019-01-18,,,
SA21VER,Crossgreen,3.5 Tonne,Panel Van,Example Automotive,Cargo Van 100,Lease,Delivery Fleet,Sample Leasing Ltd,2021,Active,2021-05-05,36,366,0,141750,M,2026-12-03,12,2027-01-07,52,0,2027-02-18,26,0,0,1100,Diesel,Manual,White / Sample Branding,1,0,,0,0,0,1,0,1,0,225/65R16C,225/65R16C,2021-05-05,,,
SA19TVB,Stoke,3.5 Tonne,Panel Van,Example Automotive,Cargo Van 100,Lease,Delivery Fleet,Sample Leasing Ltd,2019,Active,2019-01-08,60,482,0,208250,M,2026-11-26,12,2026-02-12,52,0,2026-11-12,26,250,0,1100,Diesel,Manual,White,0,0,,0,0,1,1,1,0,1,225/65R16C,225/65R16C,2019-01-08,,,
SA22UUP,Stoke,3.5 Tonne,Panel Van,Example Automotive,Cargo Van 100,Lease,Delivery Fleet,Demo Hire Services,2022,Active,2022-10-20,60,206,0,86000,M,2026-10-01,12,2027-04-15,52,0,2027-01-14,26,400,0,1100,Diesel,Manual,White / Sample Branding,1,1,SampleConnect,1,0,1,0,1,0,0,225/65R16C,225/65R16C,2022-10-20,,,
SA21UZD,Stoke,3.5 Tonne,Panel Van,Example Automotive,Cargo Van 100,Lease,Delivery Fleet,Illustration Rentals,2021,Active,2021-10-04,24,516,0,41000,M,2026-12-10,12,2027-07-29,52,0,2027-03-04,26,400,0,1100,Diesel,Manual,Green / Sample Branding,0,0,,1,0,0,1,1,1,1,225/65R16C,225/65R16C,2021-10-04,,,
SA21CDW,Stoke,3.5 Tonne,Panel Van,Example Automotive,Cargo Van 100,Hire,Delivery Fleet,Example Fleet Partners,2021,Active,2021-03-01,0,0,145,154000,M,2026-12-03,12,2027-02-18,52,0,2027-02-18,26,400,0,1100,Diesel,Manual,Green / Sample Branding,1,0,,0,0,1,1,1,0,1,225/65R16C,225/65R16C,2021-03-01,,,
SA21LRE,Stoke,Hi-Cube,Panel Van,Example Automotive,Cargo Van 100,Hire,Delivery Fleet,Demo Hire Services,2021,Active,2021-09-17,0,0,650,33000,M,2026-12-03,12,2027-09-09,52,0,2026-12-31,26,150,0,1100,Diesel,Manual,Green / Sample Branding,0,1,FleetExample,1,0,1,1,1,0,1,225/65R16C,225/65R16C,2021-09-17,,,
SA20WLB,Stoke,Hi-Cube,Panel Van,Example Automotive,Cargo Van 100,Hire,Delivery Fleet,Sample Leasing Ltd,2020,Active,2020-01-18,0,0,145,29750,M,2026-10-15,12,2027-02-11,52,0,2026-11-26,26,150,0,1100,Diesel,Manual,White / Sample Branding,1,0,,1,0,1,1,1,1,1,225/65R16C,225/65R16C,2020-01-18,,,
SA24NET,Stoke,Hi-Cube,Panel Van,Example Automotive,Cargo Van 100,Lease,Delivery Fleet,Illustration Rentals,2024,Active,2024-03-08,24,448,0,152250,M,2026-11-19,12,2026-11-05,52,0,2026-04-09,26,150,0,1100,Diesel,Manual,White,1,1,SampleConnect,0,0,1,0,0,1,1,225/65R16C,225/65R16C,2024-03-08,,,
SA23ZOM,Stoke,3.5 Tonne,Panel Van,Example Automotive,Cargo Van 100,Lease,Delivery Fleet,Example Fleet Partners,2023,Active,2023-07-28,60,481,0,30000,M,2026-07-09,12,2027-09-23,52,0,2027-03-25,26,400,0,1100,Diesel,Manual,White,0,0,,0,0,0,0,1,0,1,225/65R16C,225/65R16C,2023-07-28,,,
SA25WUH,Stoke,3.5 Tonne,Panel Van,Example Automotive,Cargo Van 100,Owned,Delivery Fleet,,2025,VOR,2025-05-24,0,0,0,199500,M,2026-10-29,12,2027-08-12,52,0,2027-03-25,26,250,0,1100,Diesel,Manual,White,1,0,,0,0,1,1,0,0,1,225/65R16C,225/65R16C,2025-05-24,,,
SA20GUD,Stoke,3.5 Tonne,Panel Van,Example Automotive,Cargo Van 100,Owned,Delivery Fleet,,2020,Active,2020-04-19,0,0,0,7000,M,2026-10-01,12,2027-01-28,52,0,2027-03-11,26,150,0,1100,Diesel,Manual,White / Sample Branding,1,0,,1,0,1,1,0,1,1,225/65R16C,225/65R16C,2020-04-19,,,
SA24ZYS,Stoke,3.5 Tonne,Panel Van,Example Automotive,Cargo Van 100,Owned,Delivery Fleet,,2024,VOR,2024-11-27,0,0,0,176750,M,2026-11-26,12,2026-10-22,52,0,2027-03-11,26,250,0,1100,Diesel,Manual,Green / Sample Branding,0,1,FleetExample,1,0,0,1,1,1,1,225/65R16C,225/65R16C,2024-11-27,,,
SA19LBV,Stoke,3.5 Tonne,Panel Van,Example Automotive,Cargo Van 100,Owned,Delivery Fleet,,2019,Active,2019-04-04,0,0,0,17250,M,2026-12-10,12,2026-10-08,52,0,2027-01-07,26,650,0,1100,Diesel,Manual,White,0,1,FleetExample,1,0,1,1,1,0,1,225/65R16C,225/65R16C,2019-04-04,,,
SA19KFD,Stoke,3.5 Tonne,Panel Van,Example Automotive,Cargo Van 100,Owned,Delivery Fleet,,2019,Active,2019-02-06,0,0,0,166500,M,2026-11-26,12,2027-06-17,52,0,2026-12-17,26,0,0,1100,Diesel,Manual,Green / Sample Branding,1,0,,0,0,1,1,1,0,1,225/65R16C,225/65R16C,2019-02-06,,,
SA23BZY,Exeter,3.5 Tonne,Panel Van,Example Automotive,Cargo Van 100,Owned,Delivery Fleet,,2023,Active,2023-12-16,0,0,0,44250,M,2026-11-26,12,2027-05-13,52,0,2027-01-28,26,650,0,1100,Diesel,Manual,Blue,0,0,,0,0,0,0,0,1,1,225/65R16C,225/65R16C,2023-12-16,,,
SA19ZDR,Exeter,Hi-Cube,Panel Van,Example Automotive,Cargo Van 100,Lease,Delivery Fleet,Sample Leasing Ltd,2019,Active,2019-02-17,60,375,0,44500,M,2026-12-17,12,2027-07-29,52,0,2027-03-11,26,250,0,1100,Diesel,Manual,Silver,1,1,FleetExample,1,0,0,1,0,0,1,225/65R16C,225/65R16C,2019-02-17,,,
SA19JLV,Exeter,Hi-Cube,Panel Van,Example Automotive,Cargo Van 100,Lease,Delivery Fleet,Example Fleet Partners,2019,Active,2019-01-19,36,440,0,87500,M,2026-10-08,12,2026-10-29,52,0,2027-02-18,26,250,0,1100,Diesel,Manual,Blue,0,0,,0,0,0,1,0,0,1,225/65R16C,225/65R16C,2019-01-19,,,
SA20HPY,Exeter,Hi-Cube,Panel Van,Example Automotive,Cargo Van 100,Lease,Delivery Fleet,Demo Hire Services,2020,Active,2020-05-07,24,273,0,95500,M,2026-12-03,12,2027-05-27,52,0,2026-10-22,26,650,0,1100,Diesel,Manual,Green / Sample Branding,1,1,SampleConnect,0,0,0,1,1,1,0,225/65R16C,225/65R16C,2020-05-07,,,
SA22EVO,Exeter,3.5 Tonne,Panel Van,Example Automotive,Cargo Van 100,Owned,Delivery Fleet,,2022,Active,2022-11-28,0,0,0,147000,M,2026-12-03,12,2027-08-19,52,0,2027-02-04,26,650,0,1100,Diesel,Manual,Green / Sample Branding,1,1,FleetExample,1,0,1,1,1,1,1,225/65R16C,225/65R16C,2022-11-28,,,
SA24CLV,Exeter,3.5 Tonne,Panel Van,Example Automotive,Cargo Van 100,Lease,Delivery Fleet,Demo Hire Services,2024,Active,2024-09-10,24,234,0,123000,M,2026-11-12,12,2027-09-23,52,0,2027-02-11,26,400,0,1100,Diesel,Manual,Silver,1,0,,0,0,1,1,0,1,1,225/65R16C,225/65R16C,2024-09-10,,,
SA22TYE,Exeter,3.5 Tonne,Panel Van,Example Automotive,Cargo Van 100,Lease,Delivery Fleet,Sample Leasing Ltd,2022,Active,2022-05-14,60,557,0,187250,M,2026-10-01,12,2027-08-05,52,0,2027-01-14,26,400,0,1100,Diesel,Manual,White / Sample Branding,0,1,FleetExample,1,0,1,0,1,0,0,225/65R16C,225/65R16C,2022-05-14,,,
SA21ALE,Exeter,3.5 Tonne,Panel Van,Example Automotive,Cargo Van 100,Hire,Delivery Fleet,Illustration Rentals,2021,Active,2021-07-13,0,0,145,176750,M,2026-10-01,12,2025-12-11,52,0,2027-03-04,26,0,0,1100,Diesel,Manual,Silver,1,1,SampleConnect,0,0,1,1,0,0,0,225/65R16C,225/65R16C,2021-07-13,,,
SA20DZV,Exeter,3.5 Tonne,Panel Van,Example Automotive,Cargo Van 100,Lease,Delivery Fleet,Illustration Rentals,2020,Active,2020-09-10,24,283,0,138000,M,2026-10-15,12,2027-09-09,52,0,2026-10-29,26,250,0,1100,Diesel,Manual,Green / Sample Branding,0,0,,0,0,0,1,1,0,0,225/65R16C,225/65R16C,2020-09-10,,,
SA19TKZ,Exeter,3.5 Tonne,Panel Van,Example Automotive,Cargo Van 100,Lease,Delivery Fleet,Sample Leasing Ltd,2019,Active,2019-03-20,60,512,0,70750,M,2026-12-03,12,2026-10-15,52,0,2026-10-01,26,650,0,1100,Diesel,Manual,White,1,1,FleetExample,0,0,0,1,1,0,0,225/65R16C,225/65R16C,2019-03-20,,,
SA24UBW,Exeter,3.5 Tonne,Panel Van,Example Automotive,Cargo Van 100,Lease,Delivery Fleet,Example Fleet Partners,2024,VOR,2024-07-13,60,371,0,122000,M,2026-11-12,12,2026-11-19,52,0,2027-03-11,26,150,0,1100,Diesel,Manual,White / Sample Branding,0,1,SampleConnect,0,0,1,1,0,1,1,225/65R16C,225/65R16C,2024-07-13,,,
SA22DLT,Exeter,Hi-Cube,Panel Van,Example Automotive,Cargo Van 100,Lease,Delivery Fleet,Illustration Rentals,2022,Active,2022-01-14,36,485,0,87250,M,2026-10-29,12,2027-09-16,52,0,2027-01-21,26,650,0,1100,Diesel,Manual,Silver,0,0,,0,0,1,1,0,1,1,225/65R16C,225/65R16C,2022-01-14,,,
SA20AMK,Coventry,Hi-Cube,Panel Van,Example Automotive,Cargo Van 100,Owned,Delivery Fleet,,2020,Active,2020-11-12,0,0,0,6250,M,2026-11-26,12,2027-09-09,52,0,2027-01-07,26,650,0,1100,Diesel,Manual,White,1,1,FleetExample,1,0,0,1,1,0,1,225/65R16C,225/65R16C,2020-11-12,,,
SA20TRB,Coventry,Hi-Cube,Panel Van,Example Automotive,Cargo Van 100,Lease,Delivery Fleet,Sample Leasing Ltd,2020,Active,2020-08-12,60,367,0,210250,M,2026-11-05,12,2027-05-06,52,0,2026-09-24,26,650,0,1100,Diesel,Manual,Blue,0,0,,1,0,0,1,1,0,1,225/65R16C,225/65R16C,2020-08-12,,,
SA21YHN,Coventry,3.5 Tonne,Panel Van,Example Automotive,Cargo Van 100,Owned,Delivery Fleet,,2021,Active,2021-09-06,0,0,0,230000,M,2026-08-13,12,2027-05-27,52,0,2027-03-04,26,250,0,1100,Diesel,Manual,White / Sample Branding,1,0,,0,0,1,1,0,0,1,225/65R16C,225/65R16C,2021-09-06,,,
SA25OFL,Coventry,3.5 Tonne,Panel Van,Example Automotive,Cargo Van 100,Lease,Delivery Fleet,Demo Hire Services,2025,Active,2025-06-24,60,509,0,148750,M,2026-10-29,12,2026-11-05,52,0,2026-10-15,26,250,0,1100,Diesel,Manual,Silver,0,1,FleetExample,1,0,0,1,1,0,1,225/65R16C,225/65R16C,2025-06-24,,,
SA25GVF,Coventry,3.5 Tonne,Panel Van,Example Automotive,Cargo Van 100,Lease,Delivery Fleet,Illustration Rentals,2025,Active,2025-07-21,48,492,0,73250,M,2026-11-12,12,2027-07-15,52,0,2026-12-03,26,150,0,1100,Diesel,Manual,Green / Sample Branding,0,1,SampleConnect,0,0,0,1,1,0,1,225/65R16C,225/65R16C,2025-07-21,,,
SA25HHH,Coventry,3.5 Tonne,Panel Van,Example Automotive,Cargo Van 100,Lease,Delivery Fleet,Demo Hire Services,2025,Active,2025-06-14,24,344,0,129000,M,2026-10-15,12,2027-03-18,52,0,2027-02-04,26,150,0,1100,Diesel,Manual,Green / Sample Branding,0,1,SampleConnect,0,0,1,1,1,0,0,225/65R16C,225/65R16C,2025-06-14,,,
SA22UNE,Coventry,3.5 Tonne,Panel Van,Example Automotive,Cargo Van 100,Lease,Delivery Fleet,Sample Leasing Ltd,2022,VOR,2022-09-14,48,469,0,18750,M,2026-10-29,12,2027-08-19,52,0,2026-12-03,26,400,0,1100,Diesel,Manual,Silver,0,0,,0,0,1,1,1,0,0,225/65R16C,225/65R16C,2022-09-14,,,
SA23JZS,Coventry,3.5 Tonne,Panel Van,Example Automotive,Cargo Van 100,Lease,Delivery Fleet,Example Fleet Partners,2023,Active,2023-05-01,24,466,0,20250,M,2026-12-17,12,2027-05-20,52,0,2026-10-22,26,150,0,1100,Diesel,Manual,Green / Sample Branding,0,0,,0,0,1,1,0,1,0,225/65R16C,225/65R16C,2023-05-01,,,
SA22BPB,Coventry,3.5 Tonne,Panel Van,Example Automotive,Cargo Van 100,Owned,Delivery Fleet,,2022,Active,2022-06-05,0,0,0,203750,M,2026-10-01,12,2027-03-25,52,0,2027-03-04,26,0,0,1100,Diesel,Manual,White,1,1,FleetExample,0,0,1,1,1,0,1,225/65R16C,225/65R16C,2022-06-05,,,
SA25ARM,Coventry,Hi-Cube,Panel Van,Example Automotive,Cargo Van 100,Owned,Delivery Fleet,,2025,Active,2025-06-26,0,0,0,147250,M,2026-11-26,12,2026-12-10,52,0,2026-12-03,26,0,0,1100,Diesel,Manual,White / Sample Branding,0,0,,1,0,1,1,1,1,1,225/65R16C,225/65R16C,2025-06-26,,,
SA22WDT,Coventry,Hi-Cube,Panel Van,Example Automotive,Cargo Van 100,Hire,Delivery Fleet,Example Fleet Partners,2022,Active,2022-06-15,0,0,650,106250,M,2026-12-10,12,2027-07-29,52,0,2027-01-14,26,0,0,1100,Diesel,Manual,Blue,1,1,DemoTrack,1,0,1,1,1,0,1,225/65R16C,225/65R16C,2022-06-15,,,
SA22MSC,Potters-Bar,Hi-Cube,Panel Van,Example Automotive,Cargo Van 100,Lease,Delivery Fleet,Illustration Rentals,2022,Active,2022-04-28,48,336,0,116000,M,2026-12-10,12,2027-08-12,52,0,2027-01-14,26,400,0,1100,Diesel,Manual,Green / Sample Branding,0,0,,0,0,0,1,0,1,0,225/65R16C,225/65R16C,2022-04-28,,,
SA22ZWZ,Potters-Bar,3.5 Tonne,Panel Van,Example Automotive,Cargo Van 100,Hire,Delivery Fleet,Example Fleet Partners,2022,Active,2022-07-21,0,0,145,217000,M,2026-10-08,12,2027-07-01,52,0,2026-12-17,26,250,0,1100,Diesel,Manual,White / Sample Branding,1,1,SampleConnect,0,0,1,1,0,0,0,225/65R16C,225/65R16C,2022-07-21,,,
SA23RZJ,Potters-Bar,3.5 Tonne,Panel Van,Example Automotive,Cargo Van 100,Lease,Delivery Fleet,Example Fleet Partners,2023,Active,2023-08-05,24,485,0,217000,M,2026-11-12,12,2026-12-17,52,0,2027-01-07,26,250,0,1100,Diesel,Manual,Blue,1,0,,0,0,1,1,1,0,1,225/65R16C,225/65R16C,2023-08-05,,,
SA22OTU,Potters-Bar,3.5 Tonne,Panel Van,Example Automotive,Cargo Van 100,Owned,Delivery Fleet,,2022,Active,2022-01-02,0,0,0,171500,M,2026-10-08,12,2027-05-06,52,0,2026-12-17,26,400,0,1100,Diesel,Manual,Green / Sample Branding,0,0,,0,0,1,1,0,0,1,225/65R16C,225/65R16C,2022-01-02,,,
SA21FCH,Potters-Bar,3.5 Tonne,Panel Van,Example Automotive,Cargo Van 100,Lease,Delivery Fleet,Demo Hire Services,2021,VOR,2021-07-15,48,253,0,209250,M,2026-10-29,12,2026-03-05,52,0,2026-12-31,26,0,0,1100,Diesel,Manual,Silver,0,1,FleetExample,0,0,1,1,0,0,1,225/65R16C,225/65R16C,2021-07-15,,,
SA20PCO,Potters-Bar,3.5 Tonne,Panel Van,Example Automotive,Cargo Van 100,Hire,Delivery Fleet,Illustration Rentals,2020,Active,2020-10-28,0,0,650,193750,M,2026-12-17,12,2027-02-25,52,0,2026-10-15,26,400,0,1100,Diesel,Manual,White,1,0,,1,0,1,1,1,1,1,225/65R16C,225/65R16C,2020-10-28,,,
SA25BFB,Potters-Bar,3.5 Tonne,Panel Van,Example Automotive,Cargo Van 100,Hire,Delivery Fleet,Example Fleet Partners,2025,Active,2025-09-24,0,0,650,14000,M,2026-12-03,12,2026-11-19,52,0,2026-10-15,26,0,0,1100,Diesel,Manual,Blue,1,0,,1,0,0,1,1,1,1,225/65R16C,225/65R16C,2025-09-24,,,
SA19DRJ,Potters-Bar,3.5 Tonne,Panel Van,Example Automotive,Cargo Van 100,Owned,Delivery Fleet,,2019,Active,2019-09-01,0,0,0,125250,M,2026-10-29,12,2027-04-08,52,0,2027-01-28,26,250,0,1100,Diesel,Manual,Green / Sample Branding,1,0,,1,0,1,0,1,1,1,225/65R16C,225/65R16C,2019-09-01,,,
SA23EWM,Potters-Bar,Hi-Cube,Panel Van,Example Automotive,Cargo Van 100,Lease,Delivery Fleet,Example Fleet Partners,2023,Active,2023-10-12,24,368,0,86500,M,2026-10-01,12,2027-03-04,52,0,2027-02-11,26,400,0,1100,Diesel,Manual,White / Sample Branding,1,1,FleetExample,0,0,1,1,0,0,0,225/65R16C,225/65R16C,2023-10-12,,,
SA20UTN,Potters-Bar,Hi-Cube,Panel Van,Example Automotive,Cargo Van 100,Lease,Delivery Fleet,Sample Leasing Ltd,2020,Active,2020-09-11,60,234,0,121250,M,2026-11-05,12,2026-10-01,52,0,2026-12-10,26,150,0,1100,Diesel,Manual,White,0,1,DemoTrack,0,0,0,1,1,1,1,225/65R16C,225/65R16C,2020-09-11,,,
SA21VHW,Potters-Bar,Hi-Cube,Panel Van,Example Automotive,Cargo Van 100,Hire,Delivery Fleet,Illustration Rentals,2021,Active,2021-08-13,0,0,145,146250,M,2026-12-03,12,2027-01-14,52,0,2026-08-13,26,650,0,1100,Diesel,Manual,Blue,0,1,DemoTrack,0,0,0,1,1,0,1,225/65R16C,225/65R16C,2021-08-13,,,
SA24EGM,Gravesend,3.5 Tonne,Panel Van,Example Automotive,Cargo Van 100,Lease,Delivery Fleet,Demo Hire Services,2024,Active,2024-08-12,48,480,0,149250,M,2026-07-16,12,2026-10-15,52,0,2026-10-29,26,400,0,1100,Diesel,Manual,White,1,0,,1,0,1,1,1,1,0,225/65R16C,225/65R16C,2024-08-12,,,
SA20USA,Gravesend,3.5 Tonne,Panel Van,Example Automotive,Cargo Van 100,Lease,Delivery Fleet,Illustration Rentals,2020,Active,2020-05-05,48,500,0,90750,M,2026-10-01,12,2027-01-28,52,0,2027-02-25,26,400,0,1100,Diesel,Manual,Green / Sample Branding,0,0,,0,0,1,0,0,0,1,225/65R16C,225/65R16C,2020-05-05,,,
SA21DKO,Gravesend,3.5 Tonne,Panel Van,Example Automotive,Cargo Van 100,Lease,Delivery Fleet,Example Fleet Partners,2021,Active,2021-12-19,48,560,0,112750,M,2026-10-01,12,2026-11-05,52,0,2026-11-19,26,250,0,1100,Diesel,Manual,White / Sample Branding,0,0,,1,0,0,1,1,0,0,225/65R16C,225/65R16C,2021-12-19,,,
SA21VKR,Gravesend,3.5 Tonne,Panel Van,Example Automotive,Cargo Van 100,Lease,Delivery Fleet,Demo Hire Services,2021,Active,2021-09-07,24,451,0,229000,M,2026-11-19,12,2027-08-05,52,0,2027-02-18,26,0,0,1100,Diesel,Manual,White / Sample Branding,1,0,,0,0,0,0,0,1,0,225/65R16C,225/65R16C,2021-09-07,,,
SA24WSV,Gravesend,3.5 Tonne,Panel Van,Example Automotive,Cargo Van 100,Hire,Delivery Fleet,Sample Leasing Ltd,2024,Active,2024-10-15,0,0,650,31750,M,2026-11-19,12,2027-06-10,52,0,2027-03-11,26,400,0,1100,Diesel,Manual,Silver,0,1,FleetExample,0,0,0,1,1,0,1,225/65R16C,225/65R16C,2024-10-15,,,
SA22TVT,Gravesend,3.5 Tonne,Panel Van,Example Automotive,Cargo Van 100,Hire,Delivery Fleet,Sample Leasing Ltd,2022,Active,2022-07-06,0,0,650,170750,M,2026-10-01,12,2027-08-19,52,0,2027-02-18,26,150,0,1100,Diesel,Manual,White,0,0,,0,0,0,1,1,0,1,225/65R16C,225/65R16C,2022-07-06,,,
SA22OKR,Gravesend,3.5 Tonne,Panel Van,Example Automotive,Cargo Van 100,Hire,Delivery Fleet,Example Fleet Partners,2022,Active,2022-09-26,0,0,145,113500,M,2026-11-19,12,2026-12-10,52,0,2026-11-05,26,400,0,1100,Diesel,Manual,Green / Sample Branding,1,1,FleetExample,0,0,0,1,1,0,1,225/65R16C,225/65R16C,2022-09-26,,,
SA24YXV,Gravesend,Hi-Cube,Panel Van,Example Automotive,Cargo Van 100,Lease,Delivery Fleet,Illustration Rentals,2024,Active,2024-04-21,36,321,0,228500,M,2026-10-08,12,2027-08-12,52,0,2026-12-10,26,150,0,1100,Diesel,Manual,Blue,1,1,FleetExample,1,0,0,0,0,0,0,225/65R16C,225/65R16C,2024-04-21,,,
SA23ZEG,Gravesend,Hi-Cube,Panel Van,Example Automotive,Cargo Van 100,Owned,Delivery Fleet,,2023,Active,2023-10-15,0,0,0,182750,M,2026-12-10,12,2027-02-18,52,0,2026-11-05,26,150,0,1100,Diesel,Manual,White / Sample Branding,0,1,DemoTrack,0,0,0,1,1,1,1,225/65R16C,225/65R16C,2023-10-15,,,
SA25HWN,Gravesend,Hi-Cube,Panel Van,Example Automotive,Cargo Van 100,Lease,Delivery Fleet,Example Fleet Partners,2025,Active,2025-09-03,36,472,0,37250,M,2026-10-29,12,2027-09-09,52,0,2026-11-19,26,250,0,1100,Diesel,Manual,White,0,0,,0,0,0,1,1,1,1,225/65R16C,225/65R16C,2025-09-03,,,
SA23HXN,Gravesend,3.5 Tonne,Panel Van,Example Automotive,Cargo Van 100,Hire,Delivery Fleet,Demo Hire Services,2023,Active,2023-09-21,0,0,145,92000,M,2026-12-17,12,2027-01-14,52,0,2026-12-03,26,650,0,1100,Diesel,Manual,Green / Sample Branding,1,0,,0,0,1,1,0,0,1,225/65R16C,225/65R16C,2023-09-21,,,
SA20CKP,Yaxley,3.5 Tonne,Panel Van,Example Automotive,Cargo Van 100,Lease,Delivery Fleet,Demo Hire Services,2020,Active,2020-01-18,24,237,0,185750,M,2026-11-12,12,2026-12-10,52,0,2027-02-11,26,250,0,1100,Diesel,Manual,Silver,0,1,DemoTrack,0,0,0,1,1,0,1,225/65R16C,225/65R16C,2020-01-18,,,
SA22NUY,Yaxley,3.5 Tonne,Panel Van,Example Automotive,Cargo Van 100,Hire,Delivery Fleet,Demo Hire Services,2022,Active,2022-12-24,0,0,145,204250,M,2026-10-01,12,2027-03-18,52,0,2026-12-24,26,150,0,1100,Diesel,Manual,Blue,1,1,FleetExample,1,0,0,1,1,1,1,225/65R16C,225/65R16C,2022-12-24,,,
SA25DXX,Yaxley,3.5 Tonne,Panel Van,Example Automotive,Cargo Van 100,Hire,Delivery Fleet,Sample Leasing Ltd,2025,Active,2025-01-03,0,0,650,26500,M,2026-12-03,12,2025-12-04,52,0,2027-03-25,26,250,0,1100,Diesel,Manual,White / Sample Branding,1,0,,1,0,0,1,1,1,1,225/65R16C,225/65R16C,2025-01-03,,,
SA20TPF,Yaxley,3.5 Tonne,Panel Van,Example Automotive,Cargo Van 100,Hire,Delivery Fleet,Demo Hire Services,2020,Active,2020-12-26,0,0,650,86000,M,2026-11-19,12,2026-10-29,52,0,2027-03-18,26,150,0,1100,Diesel,Manual,White,0,0,,0,0,1,1,1,0,0,225/65R16C,225/65R16C,2020-12-26,,,
SA20JNS,Yaxley,3.5 Tonne,Panel Van,Example Automotive,Cargo Van 100,Lease,Delivery Fleet,Demo Hire Services,2020,Active,2020-10-20,60,460,0,233500,M,2026-10-29,12,2027-09-16,52,0,2026-11-19,26,150,0,1100,Diesel,Manual,Silver,1,1,DemoTrack,0,0,0,1,1,1,1,225/65R16C,225/65R16C,2020-10-20,,,
SA21LKC,Yaxley,3.5 Tonne,Panel Van,Example Automotive,Cargo Van 100,Hire,Delivery Fleet,Demo Hire Services,2021,VOR,2021-06-06,0,0,650,111750,M,2026-11-05,12,2027-06-17,52,0,2026-10-15,26,0,0,1100,Diesel,Manual,Blue,0,1,FleetExample,1,0,1,1,1,0,1,225/65R16C,225/65R16C,2021-06-06,,,
SA23CEV,Yaxley,Hi-Cube,Panel Van,Example Automotive,Cargo Van 100,Lease,Delivery Fleet,Demo Hire Services,2023,Active,2023-02-18,24,398,0,9500,M,2026-12-17,12,2027-06-03,52,0,2026-12-10,26,0,0,1100,Diesel,Manual,White / Sample Branding,1,1,DemoTrack,0,0,0,1,0,0,1,225/65R16C,225/65R16C,2023-02-18,,,
SA19TEY,Yaxley,Hi-Cube,Panel Van,Example Automotive,Cargo Van 100,Owned,Delivery Fleet,,2019,Active,2019-09-25,0,0,0,134000,M,2026-12-10,12,2027-01-28,52,0,2026-10-08,26,0,0,1100,Diesel,Manual,Silver,0,1,DemoTrack,1,0,0,1,0,1,1,225/65R16C,225/65R16C,2019-09-25,,,
SA23VWZ,Yaxley,Hi-Cube,Panel Van,Example Automotive,Cargo Van 100,Hire,Delivery Fleet,Example Fleet Partners,2023,Active,2023-01-22,0,0,145,88500,M,2026-12-17,12,2026-12-31,52,0,2026-09-03,26,650,0,1100,Diesel,Manual,White,0,0,,0,0,0,1,0,0,1,225/65R16C,225/65R16C,2023-01-22,,,
SA23YPM,Yaxley,3.5 Tonne,Panel Van,Example Automotive,Cargo Van 100,Hire,Delivery Fleet,Sample Leasing Ltd,2023,Active,2023-12-10,0,0,145,110250,M,2026-08-06,12,2026-10-01,52,0,2026-10-08,26,250,0,1100,Diesel,Manual,Silver,0,1,SampleConnect,1,0,0,1,1,0,1,225/65R16C,225/65R16C,2023-12-10,,,
SA21CTP,Luton,3.5 Tonne,Panel Van,Example Automotive,Cargo Van 100,Owned,Delivery Fleet,,2021,Active,2021-02-25,0,0,0,161250,M,2026-11-26,12,2027-08-19,52,0,2027-03-04,26,250,0,1100,Diesel,Manual,Green / Sample Branding,0,0,,0,0,1,1,1,1,1,225/65R16C,225/65R16C,2021-02-25,,,
SA20HOW,Luton,3.5 Tonne,Panel Van,Example Automotive,Cargo Van 100,Lease,Delivery Fleet,Illustration Rentals,2020,Active,2020-03-08,24,292,0,27250,M,2026-11-12,12,2027-07-15,52,0,2026-12-24,26,400,0,1100,Diesel,Manual,White / Sample Branding,1,0,,0,0,0,0,0,1,1,225/65R16C,225/65R16C,2020-03-08,,,
SA23XGS,Luton,3.5 Tonne,Panel Van,Example Automotive,Cargo Van 100,Lease,Delivery Fleet,Example Fleet Partners,2023,VOR,2023-01-28,48,357,0,123500,M,2026-11-19,12,2027-05-06,52,0,2026-12-24,26,400,0,1100,Diesel,Manual,White,0,1,FleetExample,0,0,0,1,1,1,1,225/65R16C,225/65R16C,2023-01-28,,,
SA25FZR,Luton,3.5 Tonne,Panel Van,Example Automotive,Cargo Van 100,Hire,Delivery Fleet,Demo Hire Services,2025,Active,2025-01-12,0,0,145,113250,M,2026-12-10,12,2026-12-10,52,0,2026-12-03,26,150,0,1100,Diesel,Manual,White,0,0,,1,0,1,1,1,0,1,225/65R16C,225/65R16C,2025-01-12,,,
SA24TBJ,Luton,3.5 Tonne,Panel Van,Example Automotive,Cargo Van 100,Lease,Delivery Fleet,Sample Leasing Ltd,2024,Active,2024-04-15,24,289,0,77750,M,2026-11-19,12,2027-07-01,52,0,2026-12-31,26,650,0,1100,Diesel,Manual,Green / Sample Branding,0,0,,1,0,0,0,0,0,0,225/65R16C,225/65R16C,2024-04-15,,,
SA21RWX,Luton,3.5 Tonne,Panel Van,Example Automotive,Cargo Van 100,Owned,Delivery Fleet,,2021,Active,2021-03-16,0,0,0,38250,M,2026-11-12,12,2027-04-08,52,0,2026-11-26,26,250,0,1100,Diesel,Manual,Blue,1,1,DemoTrack,0,0,1,1,1,1,1,225/65R16C,225/65R16C,2021-03-16,,,
SA25ZDS,Luton,Hi-Cube,Panel Van,Example Automotive,Cargo Van 100,Hire,Delivery Fleet,Sample Leasing Ltd,2025,Active,2025-04-18,0,0,145,5250,M,2026-12-10,12,2026-10-29,52,0,2027-02-11,26,0,0,1100,Diesel,Manual,White / Sample Branding,0,0,,0,0,0,1,1,1,0,225/65R16C,225/65R16C,2025-04-18,,,
SA21BSM,Luton,Hi-Cube,Panel Van,Example Automotive,Cargo Van 100,Lease,Delivery Fleet,Example Fleet Partners,2021,Active,2021-10-22,60,493,0,131250,M,2026-11-26,12,2026-11-12,52,0,2026-11-12,26,150,0,1100,Diesel,Manual,White / Sample Branding,0,1,FleetExample,0,0,1,1,1,0,0,225/65R16C,225/65R16C,2021-10-22,,,
SA21LYC,Luton,Hi-Cube,Panel Van,Example Automotive,Cargo Van 100,Owned,Delivery Fleet,,2021,Active,2021-03-18,0,0,0,100250,M,2026-10-22,12,2027-09-09,52,0,2027-02-11,26,150,0,1100,Diesel,Manual,Silver,1,0,,1,0,1,1,1,0,1,225/65R16C,225/65R16C,2021-03-18,,,
SA23UUX,Luton,3.5 Tonne,Panel Van,Example Automotive,Cargo Van 100,Lease,Delivery Fleet,Sample Leasing Ltd,2023,Active,2023-12-12,36,324,0,43000,M,2026-10-08,12,2026-12-17,52,0,2026-12-17,26,0,0,1100,Diesel,Manual,Green / Sample Branding,1,0,,0,0,1,1,1,0,1,225/65R16C,225/65R16C,2023-12-12,,,
SA25HTE,Newport,3.5 Tonne,Panel Van,Example Automotive,Cargo Van 100,Lease,Delivery Fleet,Example Fleet Partners,2025,Active,2025-10-24,60,346,0,218750,M,2026-10-15,12,2027-07-15,52,0,2027-03-18,26,150,0,1100,Diesel,Manual,Silver,1,1,SampleConnect,0,0,1,1,0,0,1,225/65R16C,225/65R16C,2025-10-24,,,
SA20YYE,Newport,3.5 Tonne,Panel Van,Example Automotive,Cargo Van 100,Hire,Delivery Fleet,Sample Leasing Ltd,2020,Active,2020-04-07,0,0,145,136750,M,2026-10-15,12,2027-07-15,52,0,2026-11-19,26,150,0,1100,Diesel,Manual,Green / Sample Branding,1,0,,1,0,1,1,0,0,1,225/65R16C,225/65R16C,2020-04-07,,,
SA25HKJ,Newport,3.5 Tonne,Panel Van,Example Automotive,Cargo Van 100,Hire,Delivery Fleet,Sample Leasing Ltd,2025,Active,2025-08-17,0,0,145,173000,M,2026-12-17,12,2026-08-06,52,0,2026-12-31,26,400,0,1100,Diesel,Manual,Blue,0,0,,0,0,0,1,0,0,0,225/65R16C,225/65R16C,2025-08-17,,,
SA23EPZ,Newport,3.5 Tonne,Panel Van,Example Automotive,Cargo Van 100,Owned,Delivery Fleet,,2023,Active,2023-05-13,0,0,0,204500,M,2026-11-05,12,2027-09-09,52,0,2027-02-04,26,0,0,1100,Diesel,Manual,Blue,0,1,FleetExample,0,0,0,1,0,0,1,225/65R16C,225/65R16C,2023-05-13,,,
SA21NVS,Newport,3.5 Tonne,Panel Van,Example Automotive,Cargo Van 100,Owned,Delivery Fleet,,2021,Active,2021-04-17,0,0,0,62500,M,2026-12-03,12,2026-12-17,52,0,2026-11-19,26,0,0,1100,Diesel,Manual,Silver,1,0,,0,0,0,1,1,0,1,225/65R16C,225/65R16C,2021-04-17,,,
SA20TYO,Newport,3.5 Tonne,Panel Van,Example Automotive,Cargo Van 100,Lease,Delivery Fleet,Demo Hire Services,2020,VOR,2020-06-02,48,206,0,153500,M,2026-11-26,12,2027-01-21,52,0,2027-01-21,26,150,0,1100,Diesel,Manual,Green / Sample Branding,1,0,,1,0,1,1,0,1,1,225/65R16C,225/65R16C,2020-06-02,,,
SA19MCG,Newport,Hi-Cube,Panel Van,Example Automotive,Cargo Van 100,Hire,Delivery Fleet,Sample Leasing Ltd,2019,Active,2019-12-08,0,0,650,60750,M,2026-11-26,12,2027-08-26,52,0,2026-10-15,26,400,0,1100,Diesel,Manual,Blue,1,0,,1,0,0,1,0,1,1,225/65R16C,225/65R16C,2019-12-08,,,
SA25BMC,Newport,Hi-Cube,Panel Van,Example Automotive,Cargo Van 100,Lease,Delivery Fleet,Demo Hire Services,2025,VOR,2025-03-21,36,549,0,143000,M,2026-12-03,12,2027-07-15,52,0,2026-11-26,26,400,0,1100,Diesel,Manual,Green / Sample Branding,1,0,,0,0,0,1,0,0,1,225/65R16C,225/65R16C,2025-03-21,,,
SA21KRA,Newport,Hi-Cube,Panel Van,Example Automotive,Cargo Van 100,Hire,Delivery Fleet,Example Fleet Partners,2021,Active,2021-11-03,0,0,145,31500,M,2026-11-05,12,2027-09-02,52,0,2026-04-02,26,650,0,1100,Diesel,Manual,White / Sample Branding,0,1,FleetExample,0,0,0,1,1,0,1,225/65R16C,225/65R16C,2021-11-03,,,
SA19DRA,Newport,3.5 Tonne,Panel Van,Example Automotive,Cargo Van 100,Hire,Delivery Fleet,Sample Leasing Ltd,2019,Active,2019-07-06,0,0,650,147000,M,2026-08-13,12,2026-10-08,52,0,2026-11-12,26,650,0,1100,Diesel,Manual,Blue,0,0,,1,0,1,1,0,1,1,225/65R16C,225/65R16C,2019-07-06,,,
SA20GDO,Spennymoor,3.5 Tonne,Panel Van,Example Automotive,Cargo Van 100,Lease,Delivery Fleet,Illustration Rentals,2020,Active,2020-01-19,48,554,0,176750,M,2026-12-03,12,2026-10-15,52,0,2027-02-04,26,0,0,1100,Diesel,Manual,White / Sample Branding,0,1,SampleConnect,1,0,1,1,0,0,1,225/65R16C,225/65R16C,2020-01-19,,,
SA20PDC,Spennymoor,3.5 Tonne,Panel Van,Example Automotive,Cargo Van 100,Hire,Delivery Fleet,Illustration Rentals,2020,Active,2020-08-26,0,0,145,228000,M,2026-12-17,12,2027-06-03,52,0,2027-02-18,26,0,0,1100,Diesel,Manual,Silver,0,1,FleetExample,1,0,1,1,1,1,1,225/65R16C,225/65R16C,2020-08-26,,,
SA20XTS,Spennymoor,3.5 Tonne,Panel Van,Example Automotive,Cargo Van 100,Hire,Delivery Fleet,Example Fleet Partners,2020,Active,2020-05-09,0,0,650,116750,M,2026-11-05,12,2027-07-01,52,0,2026-12-03,26,650,0,1100,Diesel,Manual,White,0,1,FleetExample,0,0,0,1,1,0,1,225/65R16C,225/65R16C,2020-05-09,,,
SA21MOH,Spennymoor,3.5 Tonne,Panel Van,Example Automotive,Cargo Van 100,Hire,Delivery Fleet,Demo Hire Services,2021,Active,2021-09-07,0,0,145,218250,M,2026-11-19,12,2026-12-10,52,0,2027-01-14,26,250,0,1100,Diesel,Manual,Green / Sample Branding,1,1,SampleConnect,1,0,1,1,0,1,1,225/65R16C,225/65R16C,2021-09-07,,,
SA23SYT,Spennymoor,3.5 Tonne,Panel Van,Example Automotive,Cargo Van 100,Hire,Delivery Fleet,Illustration Rentals,2023,Active,2023-06-24,0,0,650,177000,M,2026-12-03,12,2026-10-01,52,0,2026-12-31,26,0,0,1100,Diesel,Manual,White,0,0,,1,0,1,1,0,0,1,225/65R16C,225/65R16C,2023-06-24,,,
SA23HWK,Spennymoor,3.5 Tonne,Panel Van,Example Automotive,Cargo Van 100,Owned,Delivery Fleet,,2023,Active,2023-08-16,0,0,0,77250,M,2026-10-01,12,2027-09-02,52,0,2027-03-11,26,0,0,1100,Diesel,Manual,Silver,1,1,DemoTrack,1,0,0,1,1,0,1,225/65R16C,225/65R16C,2023-08-16,,,
SA23KYB,Spennymoor,Hi-Cube,Panel Van,Example Automotive,Cargo Van 100,Owned,Delivery Fleet,,2023,Active,2023-06-08,0,0,0,54500,M,2026-10-01,12,2027-09-02,52,0,2027-03-18,26,400,0,1100,Diesel,Manual,Green / Sample Branding,0,1,FleetExample,1,0,0,1,1,0,1,225/65R16C,225/65R16C,2023-06-08,,,
SA19HNM,Spennymoor,Tractor Unit,Tractor Unit,Demo Trucks,TX 500,Hire,Trunking Network,Sample Leasing Ltd,2019,Active,2019-11-20,0,0,145,54500,KM,2026-10-15,6,2027-06-10,52,0,2026-10-01,12,150,104,12000,Diesel,Auto,White,0,0,,0,0,0,0,1,1,0,315/70R22.5,315/70R22.5,2019-11-20,2027-09-02,,
SA21BYB,Spennymoor,Tractor Unit,Tractor Unit,Demo Trucks,TX 500,Hire,Trunking Network,Sample Leasing Ltd,2021,Active,2021-02-28,0,0,650,215500,KM,2026-10-29,6,2026-11-12,52,0,2026-11-26,12,150,104,12000,Diesel,Auto,White,1,1,SampleConnect,1,0,0,1,0,1,0,315/70R22.5,315/70R22.5,2021-02-28,2027-11-11,,
SA21BRK,Spennymoor,Tractor Unit,Tractor Unit,Demo Trucks,TX 500,Owned,Trunking Network,,2021,VOR,2021-03-07,0,0,0,107500,KM,2026-11-05,6,2027-06-03,52,0,2026-12-17,12,250,104,12000,Diesel,Auto,White / Sample Branding,0,0,,0,0,0,1,0,1,0,315/70R22.5,315/70R22.5,2021-03-07,2028-08-17,,
SA21XLU,Dundee,Tractor Unit,Tractor Unit,Demo Trucks,TX 500,Hire,Trunking Network,Illustration Rentals,2021,Active,2021-12-10,0,0,145,162250,KM,2026-10-29,6,2027-07-15,52,0,2026-10-15,12,650,104,12000,Diesel,Auto,Blue,1,1,DemoTrack,0,0,0,1,0,1,0,315/70R22.5,315/70R22.5,2021-12-10,2028-04-27,,
SA24HUO,Dundee,Tractor Unit,Tractor Unit,Demo Trucks,TX 500,Owned,Trunking Network,,2024,Active,2024-07-23,0,0,0,213000,KM,2026-10-01,6,2026-11-26,52,0,2026-10-29,12,0,104,12000,Diesel,Auto,Silver,1,1,FleetExample,0,0,0,1,1,0,0,315/70R22.5,315/70R22.5,2024-07-23,2026-06-11,,
SA21OTD,Dundee,Tractor Unit,Tractor Unit,Demo Trucks,TX 500,Lease,Trunking Network,Illustration Rentals,2021,Active,2021-09-03,48,487,0,191000,KM,2026-10-22,6,2026-04-23,52,0,2026-12-10,12,250,104,12000,Diesel,Auto,White,1,1,DemoTrack,1,0,1,1,1,0,0,315/70R22.5,315/70R22.5,2021-09-03,2027-10-14,,
SA20AUO,Dundee,Tractor Unit,Tractor Unit,Demo Trucks,TX 500,Lease,Trunking Network,Illustration Rentals,2020,Active,2020-10-13,24,353,0,227500,KM,2026-10-08,6,2027-01-21,52,0,2026-12-17,12,150,104,12000,Diesel,Auto,White,1,0,,1,0,0,1,1,1,0,315/70R22.5,315/70R22.5,2020-10-13,2027-08-19,,
SA19ZAA,Dundee,Tractor Unit,Tractor Unit,Demo Trucks,TX 500,Lease,Trunking Network,Demo Hire Services,2019,VOR,2019-08-21,48,551,0,84250,KM,2026-10-22,6,2027-06-17,52,0,2026-12-10,12,650,104,12000,Diesel,Auto,Silver,1,0,,1,0,0,1,1,0,0,315/70R22.5,315/70R22.5,2019-08-21,2026-10-08,,
SA23PCJ,Dundee,Tractor Unit,Tractor Unit,Demo Trucks,TX 500,Hire,Trunking Network,Example Fleet Partners,2023,Active,2023-02-26,0,0,650,122250,KM,2026-10-15,6,2027-04-15,52,0,2026-10-01,12,150,104,12000,Diesel,Auto,White,1,0,,0,0,0,1,1,0,0,315/70R22.5,315/70R22.5,2023-02-26,2027-08-19,,
SA24XHH,Dundee,Tractor Unit,Tractor Unit,Demo Trucks,TX 500,Lease,Trunking Network,Sample Leasing Ltd,2024,Active,2024-08-12,24,495,0,11250,KM,2026-11-05,6,2027-06-03,52,0,2026-11-05,12,400,104,12000,Diesel,Auto,Green / Sample Branding,1,0,,0,0,0,1,0,1,0,315/70R22.5,315/70R22.5,2024-08-12,2028-09-07,,
SA19PFL,Dundee,Tractor Unit,Tractor Unit,Demo Trucks,TX 500,Hire,Trunking Network,Illustration Rentals,2019,Active,2019-08-13,0,0,145,76000,KM,2026-10-29,6,2027-07-08,52,0,2026-10-29,12,250,104,12000,Diesel,Auto,Blue,1,1,DemoTrack,0,0,1,1,1,1,0,315/70R22.5,315/70R22.5,2019-08-13,2028-06-22,,
SA23TVO,Dundee,Tractor Unit,Tractor Unit,Demo Trucks,TX 500,Hire,Trunking Network,Illustration Rentals,2023,Active,2023-11-14,0,0,650,43250,KM,2026-10-08,6,2027-06-17,52,0,2026-09-17,12,250,104,12000,Diesel,Auto,Blue,0,0,,0,0,1,1,1,1,0,315/70R22.5,315/70R22.5,2023-11-14,2027-02-25,,
SA24XJF,Crawley,Tractor Unit,Tractor Unit,Demo Trucks,TX 500,Owned,Trunking Network,,2024,Active,2024-05-25,0,0,0,200250,KM,2026-09-17,6,2026-12-10,52,0,2026-10-15,12,250,104,12000,Diesel,Auto,Silver,1,1,SampleConnect,0,0,0,1,0,0,0,315/70R22.5,315/70R22.5,2024-05-25,2027-04-29,,
SA23BSS,Crawley,Tractor Unit,Tractor Unit,Demo Trucks,TX 500,Hire,Trunking Network,Illustration Rentals,2023,Active,2023-04-15,0,0,650,133250,KM,2026-11-05,6,2027-06-10,52,0,2026-10-22,12,400,104,12000,Diesel,Auto,White / Sample Branding,0,0,,0,0,1,1,0,1,0,315/70R22.5,315/70R22.5,2023-04-15,2027-11-04,,
SA19HYF,Crawley,Tractor Unit,Tractor Unit,Demo Trucks,TX 500,Lease,Trunking Network,Demo Hire Services,2019,Active,2019-02-12,24,475,0,168000,KM,2026-10-08,6,2027-08-26,52,0,2026-12-17,12,0,104,12000,Diesel,Auto,Silver,1,0,,0,0,0,1,1,1,0,315/70R22.5,315/70R22.5,2019-02-12,2027-02-18,,
SA21EYS,Crawley,Tractor Unit,Tractor Unit,Demo Trucks,TX 500,Hire,Trunking Network,Sample Leasing Ltd,2021,Active,2021-04-23,0,0,145,89500,KM,2026-11-05,6,2027-04-15,52,0,2026-12-10,12,0,104,12000,Diesel,Auto,Blue,1,1,SampleConnect,0,0,0,1,0,1,0,315/70R22.5,315/70R22.5,2021-04-23,2028-04-27,,
SA20HPD,Crawley,Tractor Unit,Tractor Unit,Demo Trucks,TX 500,Hire,Trunking Network,Example Fleet Partners,2020,Active,2020-04-18,0,0,650,80500,KM,2026-10-29,6,2027-01-28,52,0,2026-10-29,12,0,104,12000,Diesel,Auto,Silver,0,0,,1,0,0,0,1,0,0,315/70R22.5,315/70R22.5,2020-04-18,2027-10-21,,
SA19BGU,Crawley,Tractor Unit,Tractor Unit,Demo Trucks,TX 500,Lease,Trunking Network,Demo Hire Services,2019,Active,2019-01-23,48,404,0,149250,KM,2026-10-29,6,2026-10-22,52,0,2026-11-26,12,250,104,12000,Diesel,Auto,White,0,1,DemoTrack,0,0,0,1,0,0,0,315/70R22.5,315/70R22.5,2019-01-23,2027-05-06,,
SA20PPB,Crawley,Tractor Unit,Tractor Unit,Demo Trucks,TX 500,Lease,Trunking Network,Sample Leasing Ltd,2020,Active,2020-01-18,24,209,0,174250,KM,2026-10-15,6,2026-12-03,52,0,2026-11-12,12,150,104,12000,Diesel,Auto,Silver,1,0,,0,0,0,1,0,0,0,315/70R22.5,315/70R22.5,2020-01-18,2028-05-11,,
SA21LFM,Crawley,Tractor Unit,Tractor Unit,Demo Trucks,TX 500,Hire,Trunking Network,Illustration Rentals,2021,Active,2021-10-25,0,0,650,198500,KM,2026-10-15,6,2027-07-22,52,0,2026-11-12,12,0,104,12000,Diesel,Auto,Blue,1,0,,0,0,0,1,0,0,0,315/70R22.5,315/70R22.5,2021-10-25,2027-02-04,,
SA19JAL,Heywood,Tractor Unit,Tractor Unit,Demo Trucks,TX 500,Lease,Trunking Network,Example Fleet Partners,2019,Active,2019-11-10,24,308,0,5250,KM,2026-10-08,6,2027-03-11,52,0,2026-12-10,12,150,104,12000,Diesel,Auto,Green / Sample Branding,0,1,SampleConnect,0,0,0,1,1,1,0,315/70R22.5,315/70R22.5,2019-11-10,2027-07-15,,
SA24ZEC,Heywood,Tractor Unit,Tractor Unit,Demo Trucks,TX 500,Lease,Trunking Network,Illustration Rentals,2024,Active,2024-01-10,48,428,0,239250,KM,2026-11-05,6,2027-04-01,52,0,2026-10-08,12,400,104,12000,Diesel,Auto,Silver,0,1,DemoTrack,1,0,1,1,1,0,0,315/70R22.5,315/70R22.5,2024-01-10,2027-05-27,,
SA21HXJ,Heywood,Tractor Unit,Tractor Unit,Demo Trucks,TX 500,Hire,Trunking Network,Example Fleet Partners,2021,Active,2021-03-22,0,0,650,24500,KM,2026-10-22,6,2027-07-01,52,0,2026-10-22,12,0,104,12000,Diesel,Auto,Green / Sample Branding,1,1,SampleConnect,0,0,0,1,0,0,0,315/70R22.5,315/70R22.5,2021-03-22,2027-02-25,,
SA22ARM,Heywood,Tractor Unit,Tractor Unit,Demo Trucks,TX 500,Owned,Trunking Network,,2022,Active,2022-06-21,0,0,0,47750,KM,2026-10-08,6,2027-03-04,52,0,2026-11-05,12,0,104,12000,Diesel,Auto,White,0,1,DemoTrack,0,0,1,1,1,1,0,315/70R22.5,315/70R22.5,2022-06-21,2027-10-28,,
SA25JAD,Heywood,Tractor Unit,Tractor Unit,Demo Trucks,TX 500,Hire,Trunking Network,Illustration Rentals,2025,Active,2025-06-01,0,0,145,25000,KM,2026-10-15,6,2027-08-26,52,0,2026-11-12,12,0,104,12000,Diesel,Auto,Silver,1,1,SampleConnect,0,0,1,1,0,0,0,315/70R22.5,315/70R22.5,2025-06-01,2025-06-05,,
SA24CEN,Heywood,Tractor Unit,Tractor Unit,Demo Trucks,TX 500,Hire,Trunking Network,Illustration Rentals,2024,Active,2024-09-03,0,0,145,165000,KM,2026-10-22,6,2025-12-11,52,0,2026-11-19,12,150,104,12000,Diesel,Auto,White,0,1,DemoTrack,0,0,0,0,1,1,0,315/70R22.5,315/70R22.5,2024-09-03,2028-03-23,,
SA24RKO,Heywood,Tractor Unit,Tractor Unit,Demo Trucks,TX 500,Owned,Trunking Network,,2024,Active,2024-02-20,0,0,0,189750,KM,2026-10-15,6,2026-10-15,52,0,2026-11-05,12,150,104,12000,Diesel,Auto,Green / Sample Branding,1,0,,1,0,1,0,1,0,0,315/70R22.5,315/70R22.5,2024-02-20,2028-05-18,,
SA22GFJ,Heywood,Tractor Unit,Tractor Unit,Demo Trucks,TX 500,Lease,Trunking Network,Example Fleet Partners,2022,Active,2022-09-20,24,201,0,96000,KM,2026-10-15,6,2027-01-07,52,0,2026-10-01,12,250,104,12000,Diesel,Auto,Silver,1,0,,0,0,0,1,1,0,0,315/70R22.5,315/70R22.5,2022-09-20,2027-05-27,,
SA25FMV,Larkhall,Tractor Unit,Tractor Unit,Demo Trucks,TX 500,Hire,Trunking Network,Example Fleet Partners,2025,Active,2025-09-07,0,0,145,141250,KM,2026-10-29,6,2027-05-06,52,0,2026-10-29,12,400,104,12000,Diesel,Auto,Green / Sample Branding,0,0,,0,0,1,1,0,1,0,315/70R22.5,315/70R22.5,2025-09-07,2026-11-05,,
SA24SYT,Larkhall,Tractor Unit,Tractor Unit,Demo Trucks,TX 500,Owned,Trunking Network,,2024,Active,2024-03-18,0,0,0,102750,KM,2026-10-29,6,2026-10-08,52,0,2026-12-17,12,400,104,12000,Diesel,Auto,White / Sample Branding,0,0,,0,0,0,1,1,0,0,315/70R22.5,315/70R22.5,2024-03-18,2027-07-22,,
SA20GZG,Larkhall,Tractor Unit,Tractor Unit,Demo Trucks,TX 500,Hire,Trunking Network,Example Fleet Partners,2020,VOR,2020-10-21,0,0,145,229500,KM,2026-10-08,6,2027-06-03,52,0,2026-11-19,12,150,104,12000,Diesel,Auto,Green / Sample Branding,1,1,DemoTrack,0,0,1,0,1,0,0,315/70R22.5,315/70R22.5,2020-10-21,2028-07-13,,
SA25BOO,Larkhall,Tractor Unit,Tractor Unit,Demo Trucks,TX 500,Lease,Trunking Network,Example Fleet Partners,2025,Active,2025-04-02,24,227,0,129250,KM,2026-11-05,6,2026-10-08,52,0,2026-09-10,12,650,104,12000,Diesel,Auto,White / Sample Branding,0,1,FleetExample,1,0,1,1,0,0,0,315/70R22.5,315/70R22.5,2025-04-02,2026-10-08,,
SA24LZS,Larkhall,Tractor Unit,Tractor Unit,Demo Trucks,TX 500,Lease,Trunking Network,Example Fleet Partners,2024,Active,2024-09-14,60,541,0,109250,KM,2026-08-27,6,2027-04-22,52,0,2026-11-12,12,400,104,12000,Diesel,Auto,White,1,0,,1,0,1,0,0,0,0,315/70R22.5,315/70R22.5,2024-09-14,2027-12-09,,
SA23KNW,Larkhall,Tractor Unit,Tractor Unit,Demo Trucks,TX 500,Hire,Trunking Network,Illustration Rentals,2023,Active,2023-12-12,0,0,145,64250,KM,2026-10-15,6,2027-01-21,52,0,2026-10-29,12,0,104,12000,Diesel,Auto,White,1,0,,0,0,0,1,0,0,0,315/70R22.5,315/70R22.5,2023-12-12,2027-09-16,,
SA22CTL,Larkhall,Tractor Unit,Tractor Unit,Demo Trucks,TX 500,Hire,Trunking Network,Example Fleet Partners,2022,Active,2022-10-09,0,0,650,63000,KM,2026-10-08,6,2027-01-07,52,0,2026-10-22,12,250,104,12000,Diesel,Auto,Green / Sample Branding,1,1,DemoTrack,0,0,0,0,1,1,0,315/70R22.5,315/70R22.5,2022-10-09,2027-01-28,,
SA20DDO,Basildon,Tractor Unit,Tractor Unit,Demo Trucks,TX 500,Lease,Trunking Network,Demo Hire Services,2020,Active,2020-03-06,36,243,0,196250,KM,2026-10-22,6,2026-10-01,52,0,2026-11-05,12,400,104,12000,Diesel,Auto,White / Sample Branding,0,1,DemoTrack,0,0,1,1,0,1,0,315/70R22.5,315/70R22.5,2020-03-06,2028-06-01,,
SA23GVO,Basildon,Tractor Unit,Tractor Unit,Demo Trucks,TX 500,Owned,Trunking Network,,2023,Active,2023-10-10,0,0,0,172000,KM,2026-10-01,6,2027-03-25,52,0,2026-11-26,12,150,104,12000,Diesel,Auto,Green / Sample Branding,1,1,FleetExample,0,0,1,1,0,1,0,315/70R22.5,315/70R22.5,2023-10-10,2027-05-27,,
SA20DKW,Basildon,Tractor Unit,Tractor Unit,Demo Trucks,TX 500,Lease,Trunking Network,Illustration Rentals,2020,Active,2020-07-11,48,314,0,111000,KM,2026-10-01,6,2027-09-09,52,0,2026-11-05,12,150,104,12000,Diesel,Auto,Silver,1,1,FleetExample,0,0,1,1,0,1,0,315/70R22.5,315/70R22.5,2020-07-11,2028-04-20,,
SA24JZH,Basildon,Tractor Unit,Tractor Unit,Demo Trucks,TX 500,Owned,Trunking Network,,2024,Active,2024-12-26,0,0,0,218000,KM,2026-10-29,6,2027-07-01,52,0,2026-10-29,12,0,104,12000,Diesel,Auto,White,1,1,SampleConnect,0,0,1,0,1,1,0,315/70R22.5,315/70R22.5,2024-12-26,2028-06-15,,
SA19GAU,Basildon,Tractor Unit,Tractor Unit,Demo Trucks,TX 500,Lease,Trunking Network,Example Fleet Partners,2019,Active,2019-01-11,24,412,0,176500,KM,2026-10-15,6,2026-12-24,52,0,2026-10-22,12,400,104,12000,Diesel,Auto,Blue,0,1,DemoTrack,0,0,1,1,1,0,0,315/70R22.5,315/70R22.5,2019-01-11,2028-08-31,,
SA19BRO,Basildon,Tractor Unit,Tractor Unit,Demo Trucks,TX 500,Owned,Trunking Network,,2019,Active,2019-06-24,0,0,0,185250,KM,2026-10-08,6,2027-01-21,52,0,2026-10-22,12,150,104,12000,Diesel,Auto,White / Sample Branding,1,1,DemoTrack,1,0,1,1,1,0,0,315/70R22.5,315/70R22.5,2019-06-24,2027-11-18,,
SA22BRW,Outside HDV Network,Tractor Unit,Tractor Unit,Demo Trucks,TX 500,Lease,Trunking Network,Illustration Rentals,2022,Active,2022-06-17,60,427,0,14250,KM,2026-10-22,6,2027-02-04,52,0,2026-10-22,12,400,104,12000,Diesel,Auto,White,1,0,,0,0,0,1,0,0,0,315/70R22.5,315/70R22.5,2022-06-17,2027-10-21,,
SA19UGK,Outside HDV Network,Tractor Unit,Tractor Unit,Demo Trucks,TX 500,Lease,Trunking Network,Demo Hire Services,2019,Active,2019-10-21,24,371,0,213000,KM,2026-10-29,6,2027-07-29,52,0,2026-11-26,12,400,104,12000,Diesel,Auto,White / Sample Branding,1,0,,0,0,1,0,0,1,0,315/70R22.5,315/70R22.5,2019-10-21,2028-08-17,,
SA22AHS,Outside HDV Network,Tractor Unit,Tractor Unit,Demo Trucks,TX 500,Lease,Trunking Network,Demo Hire Services,2022,Active,2022-12-15,48,205,0,6500,KM,2026-10-01,6,2027-04-01,52,0,2026-12-10,12,150,104,12000,Diesel,Auto,Blue,1,0,,0,0,1,1,1,1,0,315/70R22.5,315/70R22.5,2022-12-15,2028-04-20,,
SA20GRT,Outside HDV Network,Tractor Unit,Tractor Unit,Demo Trucks,TX 500,Owned,Trunking Network,,2020,Active,2020-11-04,0,0,0,147250,KM,2026-10-22,6,2027-04-01,52,0,2026-10-22,12,400,104,12000,Diesel,Auto,Blue,1,1,SampleConnect,0,0,0,1,0,1,0,315/70R22.5,315/70R22.5,2020-11-04,2024-12-26,,
SA22ZEH,Fareham,Tractor Unit,Tractor Unit,Demo Trucks,TX 500,Lease,Trunking Network,Demo Hire Services,2022,VOR,2022-03-28,24,485,0,117750,KM,2026-10-01,6,2025-12-18,52,0,2026-11-05,12,0,104,12000,Diesel,Auto,Blue,1,0,,0,0,0,1,1,0,0,315/70R22.5,315/70R22.5,2022-03-28,2028-08-10,,
SA20KDZ,Fareham,Tractor Unit,Tractor Unit,Demo Trucks,TX 500,Lease,Trunking Network,Illustration Rentals,2020,Active,2020-04-06,48,337,0,167750,KM,2026-10-08,6,2026-12-10,52,0,2026-11-05,12,400,104,12000,Diesel,Auto,Green / Sample Branding,1,1,DemoTrack,0,0,0,1,0,0,0,315/70R22.5,315/70R22.5,2020-04-06,2027-08-19,,
SA19CJE,Fareham,Tractor Unit,Tractor Unit,Demo Trucks,TX 500,Hire,Trunking Network,Illustration Rentals,2019,VOR,2019-08-19,0,0,145,137000,KM,2026-10-29,6,2027-08-05,52,0,2026-11-05,12,250,104,12000,Diesel,Auto,Blue,0,1,DemoTrack,0,0,0,1,1,0,0,315/70R22.5,315/70R22.5,2019-08-19,2026-12-10,,
SA22URO,Fareham,Tractor Unit,Tractor Unit,Demo Trucks,TX 500,Hire,Trunking Network,Sample Leasing Ltd,2022,Active,2022-11-06,0,0,145,212500,KM,2026-10-22,6,2027-07-15,52,0,2026-12-17,12,0,104,12000,Diesel,Auto,White,0,0,,0,0,0,1,1,0,0,315/70R22.5,315/70R22.5,2022-11-06,2027-11-18,,
SA25LBS,Avonmouth,Tractor Unit,Tractor Unit,Demo Trucks,TX 500,Hire,Trunking Network,Sample Leasing Ltd,2025,Active,2025-02-22,0,0,650,73500,KM,2026-11-05,6,2027-01-14,52,0,2026-11-26,12,650,104,12000,Diesel,Auto,Green / Sample Branding,1,1,FleetExample,1,0,1,1,1,1,0,315/70R22.5,315/70R22.5,2025-02-22,2026-12-24,,
SA21PCB,Avonmouth,Tractor Unit,Tractor Unit,Demo Trucks,TX 500,Owned,Trunking Network,,2021,Active,2021-06-18,0,0,0,43250,KM,2026-10-15,6,2027-01-07,52,0,2026-11-12,12,250,104,12000,Diesel,Auto,Silver,0,1,SampleConnect,1,0,0,1,1,1,0,315/70R22.5,315/70R22.5,2021-06-18,2027-09-09,,
SA19RCX,Avonmouth,Tractor Unit,Tractor Unit,Demo Trucks,TX 500,Hire,Trunking Network,Illustration Rentals,2019,VOR,2019-05-16,0,0,145,234250,KM,2026-10-01,6,2027-05-06,52,0,2026-09-17,12,400,104,12000,Diesel,Auto,White,1,1,FleetExample,0,0,0,1,1,0,0,315/70R22.5,315/70R22.5,2019-05-16,2028-08-03,,
SA22WGE,Crewe,Tractor Unit,Tractor Unit,Demo Trucks,TX 500,Hire,Trunking Network,Demo Hire Services,2022,Active,2022-10-12,0,0,145,145000,KM,2026-09-03,6,2027-03-18,52,0,2026-12-03,12,250,104,12000,Diesel,Auto,White,1,1,DemoTrack,1,0,0,1,0,0,0,315/70R22.5,315/70R22.5,2022-10-12,2028-01-27,,
SA22RMF,Crewe,Tractor Unit,Tractor Unit,Demo Trucks,TX 500,Lease,Trunking Network,Illustration Rentals,2022,Active,2022-10-10,48,342,0,221250,KM,2026-10-01,6,2026-11-12,52,0,2026-12-03,12,400,104,12000,Diesel,Auto,Blue,1,1,SampleConnect,1,0,1,1,0,1,0,315/70R22.5,315/70R22.5,2022-10-10,2027-11-11,,
SA19MRL,Crewe,Tractor Unit,Tractor Unit,Demo Trucks,TX 500,Owned,Trunking Network,,2019,Active,2019-10-19,0,0,0,9250,KM,2026-10-08,6,2027-09-16,52,0,2026-10-08,12,400,104,12000,Diesel,Auto,Silver,0,1,FleetExample,0,0,1,1,1,1,0,315/70R22.5,315/70R22.5,2019-10-19,2027-08-05,,
SA25REX,Crewe,Tractor Unit,Tractor Unit,Demo Trucks,TX 500,Lease,Trunking Network,Example Fleet Partners,2025,Active,2025-05-16,24,550,0,89000,KM,2026-10-15,6,2027-01-28,52,0,2026-10-22,12,0,104,12000,Diesel,Auto,White / Sample Branding,1,1,FleetExample,1,0,0,1,0,0,0,315/70R22.5,315/70R22.5,2025-05-16,2028-01-27,,
SA19LBG,Crewe,Tractor Unit,Tractor Unit,Demo Trucks,TX 500,Hire,Trunking Network,Sample Leasing Ltd,2019,Active,2019-02-21,0,0,145,238000,KM,2026-10-22,6,2027-06-24,52,0,2026-12-03,12,400,104,12000,Diesel,Auto,White / Sample Branding,0,1,DemoTrack,0,0,1,1,0,0,0,315/70R22.5,315/70R22.5,2019-02-21,2027-07-15,,
SA20YGL,Crewe,Tractor Unit,Tractor Unit,Demo Trucks,TX 500,Owned,Trunking Network,,2020,Active,2020-06-27,0,0,0,88250,KM,2026-10-22,6,2026-11-19,52,0,2026-10-22,12,400,104,12000,Diesel,Auto,White / Sample Branding,1,1,SampleConnect,0,0,1,0,0,0,0,315/70R22.5,315/70R22.5,2020-06-27,2028-05-04,,
SA24TFF,Crewe,Tractor Unit,Tractor Unit,Demo Trucks,TX 500,Lease,Trunking Network,Example Fleet Partners,2024,Active,2024-10-10,24,443,0,184750,KM,2026-10-01,6,2027-08-05,52,0,2026-11-12,12,250,104,12000,Diesel,Auto,Green / Sample Branding,1,0,,0,0,1,1,0,0,0,315/70R22.5,315/70R22.5,2024-10-10,2028-03-16,,
SA24RRJ,Crewe,Tractor Unit,Tractor Unit,Demo Trucks,TX 500,Lease,Trunking Network,Example Fleet Partners,2024,Active,2024-06-13,36,251,0,40250,KM,2026-10-01,6,2027-01-14,52,0,2026-11-19,12,0,104,12000,Diesel,Auto,Blue,0,0,,1,0,0,1,1,1,0,315/70R22.5,315/70R22.5,2024-06-13,2028-06-01,,
SA20HZP,Crewe,Tractor Unit,Tractor Unit,Demo Trucks,TX 500,Lease,Trunking Network,Illustration Rentals,2020,Active,2020-01-22,24,493,0,33000,KM,2026-10-22,6,2027-09-23,52,0,2026-12-03,12,150,104,12000,Diesel,Auto,Silver,0,0,,1,0,0,1,1,0,0,315/70R22.5,315/70R22.5,2020-01-22,2027-09-30,,
SA19THM,Crewe,Tractor Unit,Tractor Unit,Demo Trucks,TX 500,Hire,Trunking Network,Demo Hire Services,2019,Active,2019-06-09,0,0,650,208750,KM,2026-10-29,6,2027-03-18,52,0,2026-11-26,12,250,104,12000,Diesel,Auto,Blue,1,0,,0,0,1,1,0,1,0,315/70R22.5,315/70R22.5,2019-06-09,2027-01-21,,
SA25XRN,Crewe,Tractor Unit,Tractor Unit,Demo Trucks,TX 500,Lease,Trunking Network,Example Fleet Partners,2025,Active,2025-11-27,36,390,0,217000,KM,2026-10-15,6,2026-10-01,52,0,2026-10-15,12,650,104,12000,Diesel,Auto,White / Sample Branding,1,0,,1,0,0,0,1,0,0,315/70R22.5,315/70R22.5,2025-11-27,2028-09-07,,
SA21CRP,Crewe,Tractor Unit,Tractor Unit,Demo Trucks,TX 500,Hire,Trunking Network,Sample Leasing Ltd,2021,Active,2021-12-23,0,0,145,167750,KM,2026-10-15,6,2027-02-04,52,0,2026-11-19,12,400,104,12000,Diesel,Auto,Silver,0,1,SampleConnect,0,0,1,1,0,0,0,315/70R22.5,315/70R22.5,2021-12-23,2026-12-10,,
SA22OTW,Crewe,Tractor Unit,Tractor Unit,Demo Trucks,TX 500,Lease,Trunking Network,Demo Hire Services,2022,Active,2022-11-19,60,396,0,128750,KM,2026-10-29,6,2027-07-08,52,0,2026-10-08,12,0,104,12000,Diesel,Auto,Blue,1,1,DemoTrack,0,0,1,0,1,1,0,315/70R22.5,315/70R22.5,2022-11-19,2025-02-27,,
SA25FGF,Crewe,Tractor Unit,Tractor Unit,Demo Trucks,TX 500,Hire,Trunking Network,Demo Hire Services,2025,Active,2025-07-18,0,0,650,159000,KM,2026-10-01,6,2025-10-09,52,0,2026-11-12,12,400,104,12000,Diesel,Auto,White,0,0,,0,0,0,1,0,0,0,315/70R22.5,315/70R22.5,2025-07-18,2028-06-01,,
SA23MBS,Crewe,Tractor Unit,Tractor Unit,Demo Trucks,TX 500,Owned,Trunking Network,,2023,Active,2023-05-01,0,0,0,88000,KM,2026-10-29,6,2027-04-29,52,0,2026-11-26,12,400,104,12000,Diesel,Auto,Silver,0,0,,0,0,1,1,0,0,0,315/70R22.5,315/70R22.5,2023-05-01,2027-10-21,,
SA24JLA,Crewe,Tractor Unit,Tractor Unit,Demo Trucks,TX 500,Owned,Trunking Network,,2024,Active,2024-04-14,0,0,0,156000,KM,2026-10-01,6,2027-08-05,52,0,2026-11-12,12,650,104,12000,Diesel,Auto,White / Sample Branding,1,1,DemoTrack,0,0,0,0,0,0,0,315/70R22.5,315/70R22.5,2024-04-14,2027-09-30,,
SA22BWC,Crewe,Tractor Unit,Tractor Unit,Demo Trucks,TX 500,Hire,Trunking Network,Illustration Rentals,2022,Active,2022-02-28,0,0,145,197000,KM,2026-10-01,6,2027-06-10,52,0,2026-11-26,12,150,104,12000,Diesel,Auto,Green / Sample Branding,1,0,,0,0,1,1,0,1,0,315/70R22.5,315/70R22.5,2022-02-28,2028-01-27,,
SA19SLA,Crewe,Tractor Unit,Tractor Unit,Demo Trucks,TX 500,Hire,Trunking Network,Illustration Rentals,2019,Active,2019-08-16,0,0,145,24000,KM,2026-10-29,6,2027-02-18,52,0,2026-10-29,12,650,104,12000,Diesel,Auto,Blue,0,0,,0,0,1,1,1,0,0,315/70R22.5,315/70R22.5,2019-08-16,2027-10-28,,
SA23PBE,Crewe,Tractor Unit,Tractor Unit,Demo Trucks,TX 500,Hire,Trunking Network,Illustration Rentals,2023,Active,2023-10-28,0,0,650,93000,KM,2026-10-01,6,2026-10-01,52,0,2026-11-12,12,0,104,12000,Diesel,Auto,Silver,1,0,,0,0,0,0,0,0,0,315/70R22.5,315/70R22.5,2023-10-28,2026-11-19,,
SA21LSK,Crewe,Tractor Unit,Tractor Unit,Demo Trucks,TX 500,Lease,Trunking Network,Illustration Rentals,2021,Active,2021-07-25,48,195,0,163750,KM,2026-11-05,6,2027-02-04,52,0,2026-08-20,12,400,104,12000,Diesel,Auto,White,1,1,DemoTrack,1,0,1,1,1,1,0,315/70R22.5,315/70R22.5,2021-07-25,2028-03-16,,
SA20ZEV,Crewe,Tractor Unit,Tractor Unit,Demo Trucks,TX 500,Hire,Trunking Network,Sample Leasing Ltd,2020,Active,2020-05-13,0,0,145,200500,KM,2026-09-17,6,2027-07-22,52,0,2026-12-03,12,150,104,12000,Diesel,Auto,Blue,0,0,,0,0,0,0,0,1,0,315/70R22.5,315/70R22.5,2020-05-13,2028-06-22,,
SA21MZL,Crewe,Tractor Unit,Tractor Unit,Demo Trucks,TX 500,Owned,Trunking Network,,2021,Active,2021-07-07,0,0,0,175250,KM,2026-11-05,6,2026-10-01,52,0,2026-12-17,12,400,104,12000,Diesel,Auto,Silver,1,0,,0,0,1,1,0,0,0,315/70R22.5,315/70R22.5,2021-07-07,2027-10-28,,
SA21CZT,Crewe,Tractor Unit,Tractor Unit,Demo Trucks,TX 500,Hire,Trunking Network,Illustration Rentals,2021,Active,2021-03-25,0,0,145,74500,KM,2026-11-05,6,2027-03-11,52,0,2026-12-17,12,0,104,12000,Diesel,Auto,White / Sample Branding,1,0,,0,0,0,1,1,0,0,315/70R22.5,315/70R22.5,2021-03-25,2027-04-22,,
SA20ZDU,Crewe,Tractor Unit,Tractor Unit,Demo Trucks,TX 500,Lease,Trunking Network,Demo Hire Services,2020,Active,2020-08-20,36,194,0,230000,KM,2026-10-15,6,2027-04-22,52,0,2026-11-05,12,250,104,12000,Diesel,Auto,Green / Sample Branding,1,1,SampleConnect,0,0,0,1,1,1,0,315/70R22.5,315/70R22.5,2020-08-20,2027-02-04,,
SA20ZYN,Crewe,Tractor Unit,Tractor Unit,Demo Trucks,TX 500,Lease,Trunking Network,Example Fleet Partners,2020,Active,2020-07-12,24,246,0,110250,KM,2026-10-15,6,2027-02-18,52,0,2026-12-10,12,650,104,12000,Diesel,Auto,Green / Sample Branding,0,1,FleetExample,1,0,1,1,0,0,0,315/70R22.5,315/70R22.5,2020-07-12,2028-09-14,,
SA23FSB,Crewe,Tractor Unit,Tractor Unit,Demo Trucks,TX 500,Owned,Trunking Network,,2023,Active,2023-02-03,0,0,0,187500,KM,2026-10-08,6,2026-10-01,52,0,2026-11-26,12,400,104,12000,Diesel,Auto,Blue,1,1,SampleConnect,0,0,0,0,1,1,0,315/70R22.5,315/70R22.5,2023-02-03,2026-12-10,,
SA20VOC,Crewe,Tractor Unit,Tractor Unit,Demo Trucks,TX 500,Owned,Trunking Network,,2020,Active,2020-07-26,0,0,0,161000,KM,2026-10-15,6,2026-11-05,52,0,2026-12-17,12,0,104,12000,Diesel,Auto,Blue,0,1,SampleConnect,0,0,0,1,0,0,0,315/70R22.5,315/70R22.5,2020-07-26,2028-04-13,,
SA19GYG,Crewe,Tractor Unit,Tractor Unit,Demo Trucks,TX 500,Lease,Trunking Network,Example Fleet Partners,2019,Active,2019-06-12,36,272,0,102000,KM,2026-10-29,6,2026-12-10,52,0,2026-10-22,12,150,104,12000,Diesel,Auto,White / Sample Branding,0,0,,0,0,0,1,1,0,0,315/70R22.5,315/70R22.5,2019-06-12,2028-03-09,,
SA24ZMV,Crewe,Tractor Unit,Tractor Unit,Demo Trucks,TX 500,Lease,Trunking Network,Illustration Rentals,2024,Active,2024-05-13,60,356,0,98000,KM,2026-10-29,6,2026-12-24,52,0,2026-11-19,12,650,104,12000,Diesel,Auto,Blue,1,0,,0,0,0,1,1,1,0,315/70R22.5,315/70R22.5,2024-05-13,2028-07-27,,
SA23NZC,Crewe,Tractor Unit,Tractor Unit,Demo Trucks,TX 500,Owned,Trunking Network,,2023,Active,2023-01-02,0,0,0,120500,KM,2026-10-29,6,2027-03-04,52,0,2026-12-17,12,250,104,12000,Diesel,Auto,Blue,1,0,,1,0,1,1,0,0,0,315/70R22.5,315/70R22.5,2023-01-02,2028-07-06,,
SA22AWD,Crewe,Tractor Unit,Tractor Unit,Demo Trucks,TX 500,Lease,Trunking Network,Illustration Rentals,2022,Active,2022-08-04,48,539,0,99750,KM,2026-10-29,6,2027-06-24,52,0,2026-10-29,12,650,104,12000,Diesel,Auto,White / Sample Branding,0,1,DemoTrack,0,0,0,1,0,0,0,315/70R22.5,315/70R22.5,2022-08-04,2028-03-16,,
SA25EEL,Crewe,Tractor Unit,Tractor Unit,Demo Trucks,TX 500,Owned,Trunking Network,,2025,Active,2025-05-10,0,0,0,209750,KM,2026-10-29,6,2027-09-16,52,0,2026-12-17,12,0,104,12000,Diesel,Auto,White / Sample Branding,1,1,DemoTrack,0,0,1,1,0,0,0,315/70R22.5,315/70R22.5,2025-05-10,2027-08-05,,
SA20RUY,Crewe,Tractor Unit,Tractor Unit,Demo Trucks,TX 500,Owned,Trunking Network,,2020,Active,2020-02-17,0,0,0,15750,KM,2026-10-01,6,2027-01-21,52,0,2026-11-26,12,0,104,12000,Diesel,Auto,Blue,0,0,,1,0,1,1,0,1,0,315/70R22.5,315/70R22.5,2020-02-17,2025-01-30,,
SA22DGU,Crewe,Tractor Unit,Tractor Unit,Demo Trucks,TX 500,Lease,Trunking Network,Illustration Rentals,2022,Active,2022-03-17,36,548,0,14000,KM,2026-11-05,6,2025-11-27,52,0,2026-12-10,12,150,104,12000,Diesel,Auto,Silver,1,0,,0,0,1,1,0,0,0,315/70R22.5,315/70R22.5,2022-03-17,2028-04-20,,
SA24XOZ,Crewe,Tractor Unit,Tractor Unit,Demo Trucks,TX 500,Owned,Trunking Network,,2024,Active,2024-06-02,0,0,0,164000,KM,2026-10-01,6,2026-10-29,52,0,2026-12-17,12,250,104,12000,Diesel,Auto,White / Sample Branding,1,1,FleetExample,0,0,0,1,0,0,0,315/70R22.5,315/70R22.5,2024-06-02,2026-11-12,,
SA24EKX,Crewe,Tractor Unit,Tractor Unit,Demo Trucks,TX 500,Lease,Trunking Network,Example Fleet Partners,2024,Active,2024-09-16,36,535,0,95500,KM,2026-10-15,6,2027-08-05,52,0,2026-11-12,12,150,104,12000,Diesel,Auto,Blue,1,0,,0,0,1,0,1,1,0,315/70R22.5,315/70R22.5,2024-09-16,2028-07-06,,
SA20KLK,Crewe,Tractor Unit,Tractor Unit,Demo Trucks,TX 500,Owned,Trunking Network,,2020,VOR,2020-12-06,0,0,0,184000,KM,2026-10-15,6,2027-05-06,52,0,2026-10-22,12,250,104,12000,Diesel,Auto,Green / Sample Branding,0,0,,0,0,1,0,1,0,0,315/70R22.5,315/70R22.5,2020-12-06,2027-06-10,,
SA19ZBL,Crewe,Tractor Unit,Tractor Unit,Demo Trucks,TX 500,Hire,Trunking Network,Sample Leasing Ltd,2019,Active,2019-11-16,0,0,650,121000,KM,2026-10-01,6,2027-08-12,52,0,2026-10-29,12,150,104,12000,Diesel,Auto,White,0,0,,0,0,0,1,1,1,0,315/70R22.5,315/70R22.5,2019-11-16,2027-08-19,,
SA24YKF,Crossgreen,Tractor Unit,Tractor Unit,Demo Trucks,TX 500,Lease,Trunking Network,Sample Leasing Ltd,2024,Active,2024-11-19,60,512,0,23000,KM,2026-10-01,6,2026-11-19,52,0,2026-12-17,12,0,104,12000,Diesel,Auto,Blue,1,1,SampleConnect,1,0,0,1,1,0,0,315/70R22.5,315/70R22.5,2024-11-19,2027-10-07,,
SA23BPS,Crossgreen,Tractor Unit,Tractor Unit,Demo Trucks,TX 500,Lease,Trunking Network,Example Fleet Partners,2023,Active,2023-02-17,24,488,0,29250,KM,2026-11-05,6,2027-06-03,52,0,2026-08-20,12,650,104,12000,Diesel,Auto,Blue,0,1,SampleConnect,0,0,1,1,1,0,0,315/70R22.5,315/70R22.5,2023-02-17,2027-01-21,,
SA25UPD,Crossgreen,Tractor Unit,Tractor Unit,Demo Trucks,TX 500,Owned,Trunking Network,,2025,Active,2025-12-25,0,0,0,21000,KM,2026-09-24,6,2026-10-29,52,0,2026-12-17,12,650,104,12000,Diesel,Auto,Green / Sample Branding,1,0,,0,0,0,1,1,0,0,315/70R22.5,315/70R22.5,2025-12-25,2028-09-07,,
SA25CMP,Crossgreen,Tractor Unit,Tractor Unit,Demo Trucks,TX 500,Owned,Trunking Network,,2025,Active,2025-11-11,0,0,0,12750,KM,2026-10-22,6,2026-11-12,52,0,2026-11-05,12,650,104,12000,Diesel,Auto,White / Sample Branding,0,0,,0,0,0,1,0,0,0,315/70R22.5,315/70R22.5,2025-11-11,2027-11-25,,
SA22NUX,Crossgreen,Tractor Unit,Tractor Unit,Demo Trucks,TX 500,Hire,Trunking Network,Sample Leasing Ltd,2022,Active,2022-07-16,0,0,145,8250,KM,2026-10-22,6,2027-06-10,52,0,2026-11-26,12,250,104,12000,Diesel,Auto,White / Sample Branding,0,1,DemoTrack,0,0,1,1,1,1,0,315/70R22.5,315/70R22.5,2022-07-16,2028-06-08,,
SA22PVG,Crossgreen,Tractor Unit,Tractor Unit,Demo Trucks,TX 500,Hire,Trunking Network,Demo Hire Services,2022,Active,2022-04-21,0,0,650,25250,KM,2026-10-29,6,2027-05-06,52,0,2026-10-01,12,650,104,12000,Diesel,Auto,Silver,1,1,DemoTrack,0,0,1,1,1,1,0,315/70R22.5,315/70R22.5,2022-04-21,2027-08-26,,
SA25ASS,Crossgreen,Tractor Unit,Tractor Unit,Demo Trucks,TX 500,Hire,Trunking Network,Sample Leasing Ltd,2025,VOR,2025-10-11,0,0,650,219750,KM,2026-10-08,6,2026-12-31,52,0,2026-12-17,12,250,104,12000,Diesel,Auto,White / Sample Branding,1,0,,1,0,1,1,0,1,0,315/70R22.5,315/70R22.5,2025-10-11,2027-09-23,,
SA23RZC,Crossgreen,Tractor Unit,Tractor Unit,Demo Trucks,TX 500,Owned,Trunking Network,,2023,VOR,2023-11-19,0,0,0,155000,KM,2026-10-08,6,2027-03-18,52,0,2026-12-17,12,150,104,12000,Diesel,Auto,Green / Sample Branding,1,1,DemoTrack,1,0,1,1,1,0,0,315/70R22.5,315/70R22.5,2023-11-19,2027-11-25,,
SA22THL,Crossgreen,Tractor Unit,Tractor Unit,Demo Trucks,TX 500,Lease,Trunking Network,Demo Hire Services,2022,Active,2022-03-17,48,509,0,199500,KM,2026-10-08,6,2026-11-26,52,0,2026-10-29,12,150,104,12000,Diesel,Auto,Green / Sample Branding,0,0,,0,0,1,1,1,0,0,315/70R22.5,315/70R22.5,2022-03-17,2027-12-23,,
SA19HAT,Crossgreen,Tractor Unit,Tractor Unit,Demo Trucks,TX 500,Owned,Trunking Network,,2019,Active,2019-06-20,0,0,0,22250,KM,2026-11-05,6,2027-04-08,52,0,2026-10-08,12,400,104,12000,Diesel,Auto,White,0,1,SampleConnect,1,0,1,1,0,0,0,315/70R22.5,315/70R22.5,2019-06-20,2027-07-08,,
SA22CTM,Crossgreen,Tractor Unit,Tractor Unit,Demo Trucks,TX 500,Owned,Trunking Network,,2022,Active,2022-06-04,0,0,0,170750,KM,2026-10-29,6,2027-05-13,52,0,2026-10-29,12,0,104,12000,Diesel,Auto,White / Sample Branding,1,1,SampleConnect,0,0,0,1,0,1,0,315/70R22.5,315/70R22.5,2022-06-04,2027-11-04,,
SA19POB,Crossgreen,Tractor Unit,Tractor Unit,Demo Trucks,TX 500,Lease,Trunking Network,Sample Leasing Ltd,2019,Active,2019-05-20,48,363,0,100500,KM,2026-11-05,6,2027-05-20,52,0,2026-10-08,12,0,104,12000,Diesel,Auto,White,0,0,,0,0,0,1,1,0,0,315/70R22.5,315/70R22.5,2019-05-20,2027-02-18,,
SA19VVE,Crossgreen,Tractor Unit,Tractor Unit,Demo Trucks,TX 500,Owned,Trunking Network,,2019,VOR,2019-12-17,0,0,0,149250,KM,2026-10-29,6,2027-03-18,52,0,2026-10-29,12,250,104,12000,Diesel,Auto,Silver,0,1,DemoTrack,1,0,0,0,0,0,0,315/70R22.5,315/70R22.5,2019-12-17,2027-08-19,,
SA23MVW,Crossgreen,Tractor Unit,Tractor Unit,Demo Trucks,TX 500,Lease,Trunking Network,Sample Leasing Ltd,2023,VOR,2023-04-16,24,268,0,135500,KM,2026-11-05,6,2026-11-26,52,0,2026-12-17,12,150,104,12000,Diesel,Auto,Silver,1,1,DemoTrack,0,0,0,1,0,1,0,315/70R22.5,315/70R22.5,2023-04-16,2026-10-01,,
SA21YUH,Crossgreen,Tractor Unit,Tractor Unit,Demo Trucks,TX 500,Hire,Trunking Network,Illustration Rentals,2021,VOR,2021-05-23,0,0,650,200500,KM,2026-10-22,6,2026-10-29,52,0,2026-11-26,12,250,104,12000,Diesel,Auto,Blue,1,1,SampleConnect,0,0,1,1,1,0,0,315/70R22.5,315/70R22.5,2021-05-23,2025-12-11,,
SA22MWT,Stoke,Tractor Unit,Tractor Unit,Demo Trucks,TX 500,Hire,Trunking Network,Example Fleet Partners,2022,Active,2022-05-07,0,0,650,157750,KM,2026-10-08,6,2026-09-17,52,0,2026-11-26,12,250,104,12000,Diesel,Auto,Green / Sample Branding,1,0,,0,0,1,1,0,0,0,315/70R22.5,315/70R22.5,2022-05-07,2026-11-12,,
SA22MOA,Stoke,Tractor Unit,Tractor Unit,Demo Trucks,TX 500,Hire,Trunking Network,Demo Hire Services,2022,Active,2022-04-13,0,0,650,72250,KM,2026-10-08,6,2027-02-04,52,0,2026-10-01,12,0,104,12000,Diesel,Auto,White,1,1,FleetExample,0,0,0,1,0,1,0,315/70R22.5,315/70R22.5,2022-04-13,2028-07-13,,
SA25YJH,Stoke,Tractor Unit,Tractor Unit,Demo Trucks,TX 500,Hire,Trunking Network,Sample Leasing Ltd,2025,VOR,2025-12-07,0,0,650,208500,KM,2026-10-22,6,2027-02-04,52,0,2026-12-17,12,0,104,12000,Diesel,Auto,White / Sample Branding,0,0,,0,0,0,1,1,0,0,315/70R22.5,315/70R22.5,2025-12-07,2026-12-24,,
SA24HAY,Stoke,Tractor Unit,Tractor Unit,Demo Trucks,TX 500,Owned,Trunking Network,,2024,Active,2024-05-28,0,0,0,14750,KM,2026-10-15,6,2027-01-07,52,0,2026-10-01,12,650,104,12000,Diesel,Auto,Blue,0,1,SampleConnect,1,0,1,0,1,1,0,315/70R22.5,315/70R22.5,2024-05-28,2028-06-29,,
SA25TTB,Stoke,Tractor Unit,Tractor Unit,Demo Trucks,TX 500,Hire,Trunking Network,Demo Hire Services,2025,Active,2025-05-24,0,0,650,112750,KM,2026-10-08,6,2027-01-28,52,0,2026-10-22,12,0,104,12000,Diesel,Auto,Silver,0,0,,0,0,1,1,1,1,0,315/70R22.5,315/70R22.5,2025-05-24,2027-01-28,,
SA22AET,Stoke,Tractor Unit,Tractor Unit,Demo Trucks,TX 500,Hire,Trunking Network,Demo Hire Services,2022,Active,2022-06-10,0,0,650,183750,KM,2026-10-08,6,2027-05-20,52,0,2026-11-26,12,650,104,12000,Diesel,Auto,Blue,0,1,DemoTrack,0,0,1,1,1,0,0,315/70R22.5,315/70R22.5,2022-06-10,2027-09-30,,
SA23YTJ,Stoke,Tractor Unit,Tractor Unit,Demo Trucks,TX 500,Lease,Trunking Network,Illustration Rentals,2023,Active,2023-06-04,60,494,0,20500,KM,2026-11-05,6,2027-06-24,52,0,2026-09-03,12,150,104,12000,Diesel,Auto,White / Sample Branding,1,1,DemoTrack,0,0,1,1,1,0,0,315/70R22.5,315/70R22.5,2023-06-04,2027-02-04,,
SA24VOU,Stoke,Tractor Unit,Tractor Unit,Demo Trucks,TX 500,Hire,Trunking Network,Illustration Rentals,2024,Active,2024-11-01,0,0,650,198750,KM,2026-09-24,6,2027-04-22,52,0,2026-11-19,12,650,104,12000,Diesel,Auto,Green / Sample Branding,1,0,,1,0,1,1,0,1,0,315/70R22.5,315/70R22.5,2024-11-01,2026-10-22,,
SA20LSK,Stoke,Tractor Unit,Tractor Unit,Demo Trucks,TX 500,Lease,Trunking Network,Demo Hire Services,2020,Active,2020-08-11,60,372,0,56000,KM,2026-10-29,6,2026-12-03,52,0,2026-10-15,12,150,104,12000,Diesel,Auto,Green / Sample Branding,0,0,,1,0,0,1,1,0,0,315/70R22.5,315/70R22.5,2020-08-11,2028-07-27,,
SA23YBX,Stoke,Tractor Unit,Tractor Unit,Demo Trucks,TX 500,Lease,Trunking Network,Sample Leasing Ltd,2023,Active,2023-06-23,60,538,0,79750,KM,2026-10-01,6,2027-01-28,52,0,2026-10-01,12,650,104,12000,Diesel,Auto,Blue,1,0,,0,0,0,1,1,1,0,315/70R22.5,315/70R22.5,2023-06-23,2027-07-22,,
SA23NUD,Stoke,Tractor Unit,Tractor Unit,Demo Trucks,TX 500,Lease,Trunking Network,Example Fleet Partners,2023,Active,2023-04-20,48,356,0,226000,KM,2026-10-15,6,2027-06-10,52,0,2026-10-29,12,0,104,12000,Diesel,Auto,Blue,1,0,,0,0,1,1,0,1,0,315/70R22.5,315/70R22.5,2023-04-20,2027-04-29,,
SA25VTN,Stoke,Tractor Unit,Tractor Unit,Demo Trucks,TX 500,Hire,Trunking Network,Example Fleet Partners,2025,Active,2025-01-01,0,0,650,182750,KM,2026-10-01,6,2026-12-10,52,0,2026-11-26,12,150,104,12000,Diesel,Auto,Green / Sample Branding,0,1,DemoTrack,0,0,0,1,0,0,0,315/70R22.5,315/70R22.5,2025-01-01,2027-10-21,,
SA25HVG,Stoke,Tractor Unit,Tractor Unit,Demo Trucks,TX 500,Lease,Trunking Network,Demo Hire Services,2025,Active,2025-09-13,36,455,0,120000,KM,2026-10-15,6,2026-12-10,52,0,2026-10-15,12,150,104,12000,Diesel,Auto,Green / Sample Branding,1,1,DemoTrack,0,0,1,1,1,1,0,315/70R22.5,315/70R22.5,2025-09-13,2027-03-25,,
SA19SZU,Exeter,Tractor Unit,Tractor Unit,Demo Trucks,TX 500,Hire,Trunking Network,Illustration Rentals,2019,Active,2019-09-18,0,0,145,9250,KM,2026-10-29,6,2027-04-29,52,0,2026-12-03,12,250,104,12000,Diesel,Auto,Blue,0,1,DemoTrack,0,0,0,1,1,1,0,315/70R22.5,315/70R22.5,2019-09-18,2027-01-21,,
SA25RHP,Exeter,Tractor Unit,Tractor Unit,Demo Trucks,TX 500,Owned,Trunking Network,,2025,Active,2025-03-01,0,0,0,127250,KM,2026-10-01,6,2027-06-10,52,0,2026-12-03,12,250,104,12000,Diesel,Auto,Green / Sample Branding,0,0,,0,0,0,1,0,0,0,315/70R22.5,315/70R22.5,2025-03-01,2028-05-11,,
SA21VZG,Exeter,Tractor Unit,Tractor Unit,Demo Trucks,TX 500,Owned,Trunking Network,,2021,Active,2021-04-12,0,0,0,60500,KM,2026-10-15,6,2027-08-05,52,0,2026-10-29,12,250,104,12000,Diesel,Auto,Blue,1,1,DemoTrack,0,0,0,1,0,1,0,315/70R22.5,315/70R22.5,2021-04-12,2027-10-21,,
SA24ERF,Exeter,Tractor Unit,Tractor Unit,Demo Trucks,TX 500,Owned,Trunking Network,,2024,Active,2024-08-08,0,0,0,169250,KM,2026-10-29,6,2027-04-29,52,0,2026-11-05,12,250,104,12000,Diesel,Auto,White,1,0,,0,0,0,1,1,1,0,315/70R22.5,315/70R22.5,2024-08-08,2027-01-21,,
SA19MYO,Exeter,Tractor Unit,Tractor Unit,Demo Trucks,TX 500,Lease,Trunking Network,Example Fleet Partners,2019,Active,2019-03-01,48,213,0,235500,KM,2026-11-05,6,2027-08-26,52,0,2026-11-26,12,150,104,12000,Diesel,Auto,Green / Sample Branding,1,1,DemoTrack,0,0,1,1,0,0,0,315/70R22.5,315/70R22.5,2019-03-01,2028-03-09,,
SA22AFU,Exeter,Tractor Unit,Tractor Unit,Demo Trucks,TX 500,Hire,Trunking Network,Example Fleet Partners,2022,Active,2022-09-18,0,0,650,155250,KM,2026-10-01,6,2027-04-08,52,0,2026-11-19,12,0,104,12000,Diesel,Auto,White / Sample Branding,1,0,,0,0,1,1,1,1,0,315/70R22.5,315/70R22.5,2022-09-18,2028-09-14,,
SA20AOH,Exeter,Tractor Unit,Tractor Unit,Demo Trucks,TX 500,Hire,Trunking Network,Sample Leasing Ltd,2020,Active,2020-02-17,0,0,145,210750,KM,2026-10-08,6,2026-11-12,52,0,2026-10-01,12,650,104,12000,Diesel,Auto,White / Sample Branding,1,1,DemoTrack,0,0,0,1,1,0,0,315/70R22.5,315/70R22.5,2020-02-17,2026-09-17,,
SA19GSU,Exeter,Tractor Unit,Tractor Unit,Demo Trucks,TX 500,Hire,Trunking Network,Illustration Rentals,2019,Active,2019-03-16,0,0,145,88250,KM,2026-10-01,6,2026-02-12,52,0,2026-10-01,12,400,104,12000,Diesel,Auto,White,0,1,FleetExample,0,0,1,0,0,0,0,315/70R22.5,315/70R22.5,2019-03-16,2027-09-02,,
SA23NWN,Exeter,Tractor Unit,Tractor Unit,Demo Trucks,TX 500,Hire,Trunking Network,Sample Leasing Ltd,2023,Active,2023-02-21,0,0,650,225500,KM,2026-10-29,6,2026-11-26,52,0,2026-12-10,12,650,104,12000,Diesel,Auto,White / Sample Branding,0,0,,0,0,0,1,0,0,0,315/70R22.5,315/70R22.5,2023-02-21,2027-12-16,,
SA22VGW,Exeter,Tractor Unit,Tractor Unit,Demo Trucks,TX 500,Owned,Trunking Network,,2022,Active,2022-09-13,0,0,0,49250,KM,2026-10-08,6,2027-04-22,52,0,2026-12-03,12,250,104,12000,Diesel,Auto,White / Sample Branding,0,0,,0,0,0,1,1,0,0,315/70R22.5,315/70R22.5,2022-09-13,2027-08-05,,
SA25ZJA,Exeter,Tractor Unit,Tractor Unit,Demo Trucks,TX 500,Hire,Trunking Network,Sample Leasing Ltd,2025,Active,2025-01-06,0,0,650,154750,KM,2026-10-01,6,2027-07-08,52,0,2026-11-19,12,250,104,12000,Diesel,Auto,White,1,1,SampleConnect,0,0,0,1,1,1,0,315/70R22.5,315/70R22.5,2025-01-06,2028-07-20,,
SA20AJK,Exeter,Tractor Unit,Tractor Unit,Demo Trucks,TX 500,Lease,Trunking Network,Sample Leasing Ltd,2020,Active,2020-05-28,60,454,0,56500,KM,2026-10-08,6,2027-08-05,52,0,2026-12-10,12,150,104,12000,Diesel,Auto,Green / Sample Branding,1,0,,0,0,1,1,1,0,0,315/70R22.5,315/70R22.5,2020-05-28,2027-03-04,,
SA25LTU,Coventry,Tractor Unit,Tractor Unit,Demo Trucks,TX 500,Hire,Trunking Network,Illustration Rentals,2025,VOR,2025-05-23,0,0,650,34000,KM,2026-11-05,6,2027-03-18,52,0,2026-10-29,12,250,104,12000,Diesel,Auto,Blue,0,1,SampleConnect,1,0,0,1,1,1,0,315/70R22.5,315/70R22.5,2025-05-23,2026-10-22,,
SA23KML,Coventry,Tractor Unit,Tractor Unit,Demo Trucks,TX 500,Lease,Trunking Network,Illustration Rentals,2023,Active,2023-09-11,48,196,0,51750,KM,2026-10-01,6,2027-08-26,52,0,2026-09-03,12,150,104,12000,Diesel,Auto,Silver,0,0,,1,0,0,1,0,0,0,315/70R22.5,315/70R22.5,2023-09-11,2028-03-16,,
SA21OWY,Coventry,Tractor Unit,Tractor Unit,Demo Trucks,TX 500,Hire,Trunking Network,Sample Leasing Ltd,2021,Active,2021-04-28,0,0,145,118000,KM,2026-08-20,6,2027-04-29,52,0,2026-10-01,12,150,104,12000,Diesel,Auto,Silver,1,0,,1,0,1,1,0,1,0,315/70R22.5,315/70R22.5,2021-04-28,2027-03-11,,
SA24OXE,Coventry,Tractor Unit,Tractor Unit,Demo Trucks,TX 500,Lease,Trunking Network,Demo Hire Services,2024,Active,2024-05-22,60,383,0,224250,KM,2026-10-29,6,2027-06-03,52,0,2026-11-05,12,400,104,12000,Diesel,Auto,Blue,0,1,SampleConnect,0,0,0,0,1,0,0,315/70R22.5,315/70R22.5,2024-05-22,2027-10-07,,
SA25ZER,Coventry,Tractor Unit,Tractor Unit,Demo Trucks,TX 500,Owned,Trunking Network,,2025,Active,2025-06-13,0,0,0,165750,KM,2026-10-29,6,2027-05-27,52,0,2026-10-29,12,150,104,12000,Diesel,Auto,White / Sample Branding,1,1,FleetExample,0,0,0,0,1,0,0,315/70R22.5,315/70R22.5,2025-06-13,2027-03-11,,
SA20LRL,Coventry,Tractor Unit,Tractor Unit,Demo Trucks,TX 500,Hire,Trunking Network,Example Fleet Partners,2020,Active,2020-11-10,0,0,145,52500,KM,2026-10-01,6,2027-04-22,52,0,2026-11-05,12,250,104,12000,Diesel,Auto,White / Sample Branding,1,1,SampleConnect,0,0,1,1,1,0,0,315/70R22.5,315/70R22.5,2020-11-10,2027-07-01,,
SA22CHY,Coventry,Tractor Unit,Tractor Unit,Demo Trucks,TX 500,Hire,Trunking Network,Example Fleet Partners,2022,Active,2022-08-21,0,0,650,165500,KM,2026-10-01,6,2027-05-06,52,0,2026-12-10,12,650,104,12000,Diesel,Auto,Silver,1,1,DemoTrack,1,0,1,1,1,0,0,315/70R22.5,315/70R22.5,2022-08-21,2028-06-01,,
SA23REP,Coventry,Tractor Unit,Tractor Unit,Demo Trucks,TX 500,Hire,Trunking Network,Example Fleet Partners,2023,Active,2023-03-23,0,0,145,224750,KM,2026-10-22,6,2026-12-31,52,0,2026-10-29,12,0,104,12000,Diesel,Auto,White / Sample Branding,0,1,SampleConnect,0,0,0,1,1,1,0,315/70R22.5,315/70R22.5,2023-03-23,2027-02-04,,
SA23BFD,Coventry,Tractor Unit,Tractor Unit,Demo Trucks,TX 500,Lease,Trunking Network,Sample Leasing Ltd,2023,Active,2023-05-13,36,479,0,166750,KM,2026-10-15,6,2027-02-04,52,0,2026-12-03,12,400,104,12000,Diesel,Auto,Silver,1,1,SampleConnect,1,0,0,1,1,0,0,315/70R22.5,315/70R22.5,2023-05-13,2028-02-10,,
SA19OEL,Coventry,Tractor Unit,Tractor Unit,Demo Trucks,TX 500,Lease,Trunking Network,Demo Hire Services,2019,Active,2019-01-24,60,295,0,57000,KM,2026-10-29,6,2026-10-29,52,0,2026-10-22,12,250,104,12000,Diesel,Auto,White,1,1,DemoTrack,1,0,1,1,1,1,0,315/70R22.5,315/70R22.5,2019-01-24,2028-06-22,,
SA24ZKW,Coventry,Tractor Unit,Tractor Unit,Demo Trucks,TX 500,Lease,Trunking Network,Sample Leasing Ltd,2024,Active,2024-02-13,60,386,0,45250,KM,2026-11-05,6,2027-05-06,52,0,2026-12-10,12,0,104,12000,Diesel,Auto,Silver,1,1,SampleConnect,0,0,1,1,0,1,0,315/70R22.5,315/70R22.5,2024-02-13,2027-12-02,,
SA24LVX,Potters-Bar,Tractor Unit,Tractor Unit,Demo Trucks,TX 500,Hire,Trunking Network,Demo Hire Services,2024,VOR,2024-08-21,0,0,145,136000,KM,2026-10-29,6,2027-05-06,52,0,2026-12-17,12,650,104,12000,Diesel,Auto,White,1,1,DemoTrack,0,0,0,1,1,1,0,315/70R22.5,315/70R22.5,2024-08-21,2026-10-22,,
SA25LEG,Potters-Bar,Tractor Unit,Tractor Unit,Demo Trucks,TX 500,Hire,Trunking Network,Illustration Rentals,2025,Active,2025-09-08,0,0,145,162500,KM,2026-10-08,6,2027-02-18,52,0,2026-11-26,12,650,104,12000,Diesel,Auto,Green / Sample Branding,0,1,DemoTrack,1,0,0,1,1,0,0,315/70R22.5,315/70R22.5,2025-09-08,2027-04-29,,
SA19MHU,Potters-Bar,Tractor Unit,Tractor Unit,Demo Trucks,TX 500,Owned,Trunking Network,,2019,Active,2019-03-11,0,0,0,225500,KM,2026-11-05,6,2027-03-04,52,0,2026-10-15,12,400,104,12000,Diesel,Auto,Silver,0,0,,0,0,0,0,0,0,0,315/70R22.5,315/70R22.5,2019-03-11,2027-01-28,,
SA23FHG,Potters-Bar,Tractor Unit,Tractor Unit,Demo Trucks,TX 500,Lease,Trunking Network,Illustration Rentals,2023,Active,2023-09-11,48,421,0,201750,KM,2026-10-15,6,2027-08-12,52,0,2026-12-03,12,150,104,12000,Diesel,Auto,White,1,1,FleetExample,0,0,1,1,0,1,0,315/70R22.5,315/70R22.5,2023-09-11,2025-01-09,,
SA24RBH,Potters-Bar,Tractor Unit,Tractor Unit,Demo Trucks,TX 500,Owned,Trunking Network,,2024,Active,2024-03-25,0,0,0,58250,KM,2026-10-15,6,2026-09-24,52,0,2026-10-15,12,250,104,12000,Diesel,Auto,White,1,0,,1,0,1,1,1,0,0,315/70R22.5,315/70R22.5,2024-03-25,2028-04-13,,
SA25CXF,Potters-Bar,Tractor Unit,Tractor Unit,Demo Trucks,TX 500,Hire,Trunking Network,Sample Leasing Ltd,2025,Active,2025-07-25,0,0,145,86750,KM,2026-10-08,6,2027-01-21,52,0,2026-11-05,12,150,104,12000,Diesel,Auto,Silver,1,0,,1,0,0,0,0,0,0,315/70R22.5,315/70R22.5,2025-07-25,2028-02-10,,
SA21RLW,Potters-Bar,Tractor Unit,Tractor Unit,Demo Trucks,TX 500,Lease,Trunking Network,Example Fleet Partners,2021,Active,2021-05-22,60,526,0,64500,KM,2026-11-05,6,2027-07-01,52,0,2026-11-05,12,150,104,12000,Diesel,Auto,Green / Sample Branding,0,0,,0,0,1,1,1,1,0,315/70R22.5,315/70R22.5,2021-05-22,2028-08-03,,
SA21JHL,Potters-Bar,Tractor Unit,Tractor Unit,Demo Trucks,TX 500,Hire,Trunking Network,Sample Leasing Ltd,2021,Active,2021-02-01,0,0,145,151500,KM,2026-10-29,6,2026-11-05,52,0,2026-10-01,12,250,104,12000,Diesel,Auto,White / Sample Branding,0,1,FleetExample,1,0,1,1,1,1,0,315/70R22.5,315/70R22.5,2021-02-01,2026-10-29,,
SA24FGC,Potters-Bar,Tractor Unit,Tractor Unit,Demo Trucks,TX 500,Lease,Trunking Network,Example Fleet Partners,2024,Active,2024-06-13,48,322,0,180250,KM,2026-10-15,6,2027-02-11,52,0,2026-10-29,12,150,104,12000,Diesel,Auto,White,0,0,,1,0,0,1,1,1,0,315/70R22.5,315/70R22.5,2024-06-13,2027-08-05,,
SA19SVV,Potters-Bar,Tractor Unit,Tractor Unit,Demo Trucks,TX 500,Hire,Trunking Network,Sample Leasing Ltd,2019,Active,2019-09-04,0,0,145,147750,KM,2026-10-22,6,2027-03-18,52,0,2026-12-17,12,150,104,12000,Diesel,Auto,Blue,1,0,,0,0,0,1,1,1,0,315/70R22.5,315/70R22.5,2019-09-04,2026-10-29,,
SA24MKF,Potters-Bar,Tractor Unit,Tractor Unit,Demo Trucks,TX 500,Owned,Trunking Network,,2024,Active,2024-11-04,0,0,0,139250,KM,2026-10-01,6,2027-09-09,52,0,2026-08-27,12,250,104,12000,Diesel,Auto,White / Sample Branding,0,1,SampleConnect,1,0,0,1,1,1,0,315/70R22.5,315/70R22.5,2024-11-04,2026-12-24,,
SA22KYF,Gravesend,Tractor Unit,Tractor Unit,Demo Trucks,TX 500,Lease,Trunking Network,Demo Hire Services,2022,Active,2022-03-22,60,507,0,168000,KM,2026-08-27,6,2027-07-08,52,0,2026-10-01,12,0,104,12000,Diesel,Auto,Silver,1,0,,0,0,1,1,0,0,0,315/70R22.5,315/70R22.5,2022-03-22,2028-07-27,,
SA25RPV,Gravesend,Tractor Unit,Tractor Unit,Demo Trucks,TX 500,Lease,Trunking Network,Illustration Rentals,2025,Active,2025-04-02,60,248,0,135500,KM,2026-10-22,6,2026-12-24,52,0,2026-11-26,12,150,104,12000,Diesel,Auto,White / Sample Branding,1,0,,0,0,1,0,0,1,0,315/70R22.5,315/70R22.5,2025-04-02,2027-07-22,,
SA19UKJ,Gravesend,Tractor Unit,Tractor Unit,Demo Trucks,TX 500,Hire,Trunking Network,Sample Leasing Ltd,2019,Active,2019-10-09,0,0,650,18750,KM,2026-10-15,6,2027-05-20,52,0,2026-10-22,12,150,104,12000,Diesel,Auto,White,1,1,DemoTrack,1,0,1,1,0,1,0,315/70R22.5,315/70R22.5,2019-10-09,2028-05-04,,
SA25AYG,Gravesend,Tractor Unit,Tractor Unit,Demo Trucks,TX 500,Hire,Trunking Network,Sample Leasing Ltd,2025,Active,2025-08-14,0,0,650,172750,KM,2026-10-01,6,2026-12-10,52,0,2026-10-01,12,250,104,12000,Diesel,Auto,Green / Sample Branding,1,1,FleetExample,0,0,0,1,1,0,0,315/70R22.5,315/70R22.5,2025-08-14,2027-10-28,,
SA21EHT,Gravesend,Tractor Unit,Tractor Unit,Demo Trucks,TX 500,Lease,Trunking Network,Demo Hire Services,2021,Active,2021-03-06,24,520,0,159250,KM,2026-10-22,6,2026-11-26,52,0,2026-11-05,12,400,104,12000,Diesel,Auto,Green / Sample Branding,1,1,SampleConnect,0,0,0,1,0,0,0,315/70R22.5,315/70R22.5,2021-03-06,2028-01-27,,
SA19RLO,Gravesend,Tractor Unit,Tractor Unit,Demo Trucks,TX 500,Hire,Trunking Network,Sample Leasing Ltd,2019,Active,2019-01-21,0,0,650,5000,KM,2026-10-15,6,2027-05-06,52,0,2026-11-05,12,0,104,12000,Diesel,Auto,Blue,1,0,,1,0,1,1,0,1,0,315/70R22.5,315/70R22.5,2019-01-21,2028-08-24,,
SA21HPU,Gravesend,Tractor Unit,Tractor Unit,Demo Trucks,TX 500,Hire,Trunking Network,Example Fleet Partners,2021,VOR,2021-09-10,0,0,650,62000,KM,2026-11-05,6,2027-01-21,52,0,2026-11-19,12,650,104,12000,Diesel,Auto,White,0,1,DemoTrack,1,0,1,1,1,1,0,315/70R22.5,315/70R22.5,2021-09-10,2027-12-23,,
SA20DVC,Gravesend,Tractor Unit,Tractor Unit,Demo Trucks,TX 500,Lease,Trunking Network,Demo Hire Services,2020,Active,2020-12-03,24,523,0,36250,KM,2026-10-01,6,2027-08-26,52,0,2026-11-26,12,650,104,12000,Diesel,Auto,Blue,0,0,,0,0,0,1,1,0,0,315/70R22.5,315/70R22.5,2020-12-03,2027-02-11,,
SA19BKJ,Gravesend,Tractor Unit,Tractor Unit,Demo Trucks,TX 500,Lease,Trunking Network,Demo Hire Services,2019,Active,2019-07-19,24,189,0,162750,KM,2026-10-29,6,2027-04-01,52,0,2026-10-15,12,0,104,12000,Diesel,Auto,Silver,0,1,FleetExample,0,0,1,1,1,0,0,315/70R22.5,315/70R22.5,2019-07-19,2028-07-06,,
SA20AWN,Gravesend,Tractor Unit,Tractor Unit,Demo Trucks,TX 500,Owned,Trunking Network,,2020,Active,2020-02-27,0,0,0,178500,KM,2026-10-29,6,2026-12-10,52,0,2026-10-01,12,650,104,12000,Diesel,Auto,Silver,1,1,SampleConnect,0,0,0,1,1,0,0,315/70R22.5,315/70R22.5,2020-02-27,2027-09-09,,
SA22HTE,Gravesend,Tractor Unit,Tractor Unit,Demo Trucks,TX 500,Lease,Trunking Network,Sample Leasing Ltd,2022,Active,2022-05-28,24,461,0,196250,KM,2026-10-08,6,2026-11-26,52,0,2026-12-17,12,0,104,12000,Diesel,Auto,Blue,0,1,SampleConnect,1,0,1,1,0,1,0,315/70R22.5,315/70R22.5,2022-05-28,2028-01-20,,
SA22RYL,Yaxley,Tractor Unit,Tractor Unit,Demo Trucks,TX 500,Owned,Trunking Network,,2022,Active,2022-12-24,0,0,0,198750,KM,2026-10-15,6,2027-09-16,52,0,2026-11-19,12,0,104,12000,Diesel,Auto,White / Sample Branding,1,1,FleetExample,0,0,1,0,1,0,0,315/70R22.5,315/70R22.5,2022-12-24,2028-09-14,,
SA25SPF,Yaxley,Tractor Unit,Tractor Unit,Demo Trucks,TX 500,Owned,Trunking Network,,2025,Active,2025-06-26,0,0,0,167750,KM,2026-10-08,6,2027-08-12,52,0,2026-11-19,12,0,104,12000,Diesel,Auto,White,1,1,DemoTrack,1,0,0,1,0,0,0,315/70R22.5,315/70R22.5,2025-06-26,2026-07-30,,
SA22AUC,Yaxley,Tractor Unit,Tractor Unit,Demo Trucks,TX 500,Lease,Trunking Network,Demo Hire Services,2022,Active,2022-05-26,24,521,0,98500,KM,2026-10-15,6,2026-08-13,52,0,2026-11-19,12,0,104,12000,Diesel,Auto,Green / Sample Branding,1,0,,0,0,1,1,1,0,0,315/70R22.5,315/70R22.5,2022-05-26,2027-10-07,,
SA25EPB,Yaxley,Tractor Unit,Tractor Unit,Demo Trucks,TX 500,Hire,Trunking Network,Example Fleet Partners,2025,Active,2025-07-19,0,0,650,122000,KM,2026-10-29,6,2027-04-22,52,0,2026-11-12,12,150,104,12000,Diesel,Auto,White,1,0,,0,0,1,1,1,0,0,315/70R22.5,315/70R22.5,2025-07-19,2027-10-21,,
SA24XXK,Yaxley,Tractor Unit,Tractor Unit,Demo Trucks,TX 500,Lease,Trunking Network,Demo Hire Services,2024,Active,2024-09-24,24,229,0,99500,KM,2026-10-22,6,2026-10-22,52,0,2026-11-19,12,250,104,12000,Diesel,Auto,White,1,1,DemoTrack,0,0,1,1,1,0,0,315/70R22.5,315/70R22.5,2024-09-24,2027-08-26,,
SA19ULB,Yaxley,Tractor Unit,Tractor Unit,Demo Trucks,TX 500,Lease,Trunking Network,Example Fleet Partners,2019,Active,2019-07-22,48,394,0,177250,KM,2026-10-29,6,2027-09-02,52,0,2026-10-22,12,250,104,12000,Diesel,Auto,Green / Sample Branding,0,1,FleetExample,1,0,0,1,1,1,0,315/70R22.5,315/70R22.5,2019-07-22,2027-07-08,,
SA19XVR,Yaxley,Tractor Unit,Tractor Unit,Demo Trucks,TX 500,Owned,Trunking Network,,2019,Active,2019-11-05,0,0,0,237000,KM,2026-10-15,6,2026-12-24,52,0,2026-11-26,12,650,104,12000,Diesel,Auto,Green / Sample Branding,0,1,FleetExample,0,0,1,1,0,1,0,315/70R22.5,315/70R22.5,2019-11-05,2028-04-13,,
SA20ZAG,Yaxley,Tractor Unit,Tractor Unit,Demo Trucks,TX 500,Lease,Trunking Network,Example Fleet Partners,2020,Active,2020-08-13,48,407,0,66500,KM,2026-10-29,6,2027-03-11,52,0,2026-10-15,12,400,104,12000,Diesel,Auto,Silver,0,0,,0,0,0,1,1,1,0,315/70R22.5,315/70R22.5,2020-08-13,2027-12-09,,
SA23PEF,Yaxley,Tractor Unit,Tractor Unit,Demo Trucks,TX 500,Owned,Trunking Network,,2023,Active,2023-09-28,0,0,0,132500,KM,2026-11-05,6,2027-05-13,52,0,2026-08-27,12,150,104,12000,Diesel,Auto,Green / Sample Branding,1,1,FleetExample,1,0,1,1,1,1,0,315/70R22.5,315/70R22.5,2023-09-28,2028-08-24,,
SA20SAZ,Yaxley,Tractor Unit,Tractor Unit,Demo Trucks,TX 500,Owned,Trunking Network,,2020,Active,2020-03-11,0,0,0,63250,KM,2026-09-10,6,2027-09-09,52,0,2026-10-08,12,150,104,12000,Diesel,Auto,White / Sample Branding,0,0,,1,0,0,1,0,0,0,315/70R22.5,315/70R22.5,2020-03-11,2028-06-08,,
SA22LTW,Luton,Tractor Unit,Tractor Unit,Demo Trucks,TX 500,Lease,Trunking Network,Sample Leasing Ltd,2022,Active,2022-12-19,24,486,0,19750,KM,2026-10-22,6,2027-02-18,52,0,2026-10-01,12,0,104,12000,Diesel,Auto,Silver,1,1,SampleConnect,0,0,0,1,0,0,0,315/70R22.5,315/70R22.5,2022-12-19,2028-04-13,,
SA22YUS,Luton,Tractor Unit,Tractor Unit,Demo Trucks,TX 500,Lease,Trunking Network,Demo Hire Services,2022,VOR,2022-03-22,60,437,0,159750,KM,2026-10-22,6,2027-08-05,52,0,2026-11-19,12,0,104,12000,Diesel,Auto,White,1,0,,1,0,0,1,1,0,0,315/70R22.5,315/70R22.5,2022-03-22,2027-01-28,,
SA22LWY,Luton,Tractor Unit,Tractor Unit,Demo Trucks,TX 500,Hire,Trunking Network,Sample Leasing Ltd,2022,Active,2022-10-04,0,0,145,36500,KM,2026-10-01,6,2027-01-07,52,0,2026-10-01,12,400,104,12000,Diesel,Auto,White / Sample Branding,0,0,,0,0,1,1,1,0,0,315/70R22.5,315/70R22.5,2022-10-04,2027-06-03,,
SA24ZLA,Luton,Tractor Unit,Tractor Unit,Demo Trucks,TX 500,Lease,Trunking Network,Demo Hire Services,2024,Active,2024-02-20,24,437,0,66500,KM,2026-10-22,6,2027-04-01,52,0,2026-11-26,12,150,104,12000,Diesel,Auto,Green / Sample Branding,0,0,,0,0,0,0,1,0,0,315/70R22.5,315/70R22.5,2024-02-20,2028-07-13,,
SA21MRH,Luton,Tractor Unit,Tractor Unit,Demo Trucks,TX 500,Owned,Trunking Network,,2021,Active,2021-04-24,0,0,0,123500,KM,2026-10-15,6,2027-07-22,52,0,2026-11-05,12,400,104,12000,Diesel,Auto,Green / Sample Branding,0,0,,1,0,1,1,1,1,0,315/70R22.5,315/70R22.5,2021-04-24,2027-02-11,,
SA19FYZ,Luton,Tractor Unit,Tractor Unit,Demo Trucks,TX 500,Lease,Trunking Network,Example Fleet Partners,2019,Active,2019-09-03,60,366,0,142750,KM,2026-11-05,6,2027-05-27,52,0,2026-12-10,12,250,104,12000,Diesel,Auto,Blue,1,1,DemoTrack,0,0,0,1,0,1,0,315/70R22.5,315/70R22.5,2019-09-03,2027-04-08,,
SA24BYG,Luton,Tractor Unit,Tractor Unit,Demo Trucks,TX 500,Owned,Trunking Network,,2024,Active,2024-11-12,0,0,0,13750,KM,2026-10-22,6,2027-08-19,52,0,2026-11-26,12,150,104,12000,Diesel,Auto,Blue,0,0,,0,0,1,1,0,0,0,315/70R22.5,315/70R22.5,2024-11-12,2027-04-29,,
SA19MUT,Luton,Tractor Unit,Tractor Unit,Demo Trucks,TX 500,Hire,Trunking Network,Sample Leasing Ltd,2019,Active,2019-11-21,0,0,145,65500,KM,2026-10-22,6,2026-10-29,52,0,2026-10-08,12,650,104,12000,Diesel,Auto,Blue,1,1,FleetExample,0,0,0,1,0,0,0,315/70R22.5,315/70R22.5,2019-11-21,2027-04-15,,
SA24JZR,Luton,Tractor Unit,Tractor Unit,Demo Trucks,TX 500,Owned,Trunking Network,,2024,Active,2024-07-26,0,0,0,97000,KM,2026-10-01,6,2027-05-27,52,0,2026-11-26,12,400,104,12000,Diesel,Auto,Green / Sample Branding,0,0,,0,0,0,1,0,0,0,315/70R22.5,315/70R22.5,2024-07-26,2027-11-18,,
SA20XPO,Luton,Tractor Unit,Tractor Unit,Demo Trucks,TX 500,Hire,Trunking Network,Example Fleet Partners,2020,Active,2020-12-21,0,0,145,48750,KM,2026-10-29,6,2027-05-06,52,0,2026-10-29,12,250,104,12000,Diesel,Auto,Green / Sample Branding,1,1,SampleConnect,0,0,0,1,0,1,0,315/70R22.5,315/70R22.5,2020-12-21,2027-12-16,,
SA23YLU,Newport,Tractor Unit,Tractor Unit,Demo Trucks,TX 500,Hire,Trunking Network,Example Fleet Partners,2023,Active,2023-08-08,0,0,650,6000,KM,2026-10-22,6,2026-12-24,52,0,2026-10-01,12,150,104,12000,Diesel,Auto,White,1,1,DemoTrack,0,0,1,1,1,0,0,315/70R22.5,315/70R22.5,2023-08-08,2026-12-17,,
SA23RBN,Newport,Tractor Unit,Tractor Unit,Demo Trucks,TX 500,Hire,Trunking Network,Demo Hire Services,2023,Active,2023-07-15,0,0,650,192500,KM,2026-10-29,6,2026-10-08,52,0,2026-10-29,12,250,104,12000,Diesel,Auto,White / Sample Branding,0,0,,1,0,1,0,1,1,0,315/70R22.5,315/70R22.5,2023-07-15,2026-04-16,,
SA25XGY,Newport,Tractor Unit,Tractor Unit,Demo Trucks,TX 500,Owned,Trunking Network,,2025,VOR,2025-04-10,0,0,0,192000,KM,2026-10-15,6,2026-09-03,52,0,2026-12-10,12,250,104,12000,Diesel,Auto,White,1,1,DemoTrack,1,0,1,0,0,1,0,315/70R22.5,315/70R22.5,2025-04-10,2027-12-30,,
SA19TXF,Newport,Tractor Unit,Tractor Unit,Demo Trucks,TX 500,Owned,Trunking Network,,2019,Active,2019-10-03,0,0,0,106250,KM,2026-10-29,6,2026-12-10,52,0,2026-10-22,12,400,104,12000,Diesel,Auto,White,0,1,SampleConnect,0,0,0,1,1,1,0,315/70R22.5,315/70R22.5,2019-10-03,2028-01-13,,
SA22HJT,Newport,Tractor Unit,Tractor Unit,Demo Trucks,TX 500,Lease,Trunking Network,Sample Leasing Ltd,2022,Active,2022-10-07,60,337,0,154750,KM,2026-10-29,6,2027-07-22,52,0,2026-10-15,12,0,104,12000,Diesel,Auto,Blue,0,0,,1,0,0,1,0,0,0,315/70R22.5,315/70R22.5,2022-10-07,2028-01-06,,
SA19WDU,Newport,Tractor Unit,Tractor Unit,Demo Trucks,TX 500,Hire,Trunking Network,Demo Hire Services,2019,VOR,2019-09-03,0,0,145,163000,KM,2026-10-22,6,2027-03-18,52,0,2026-11-19,12,0,104,12000,Diesel,Auto,Blue,0,0,,0,0,0,1,0,1,0,315/70R22.5,315/70R22.5,2019-09-03,2028-05-11,,
SA24ZMN,Newport,Tractor Unit,Tractor Unit,Demo Trucks,TX 500,Lease,Trunking Network,Example Fleet Partners,2024,Active,2024-11-12,60,429,0,212000,KM,2026-10-01,6,2027-01-21,52,0,2026-11-19,12,400,104,12000,Diesel,Auto,White / Sample Branding,0,0,,0,0,1,1,1,1,0,315/70R22.5,315/70R22.5,2024-11-12,2026-10-01,,
SA19HLJ,Newport,Tractor Unit,Tractor Unit,Demo Trucks,TX 500,Hire,Trunking Network,Example Fleet Partners,2019,Active,2019-02-12,0,0,145,132500,KM,2026-10-15,6,2027-04-15,52,0,2026-11-19,12,250,104,12000,Diesel,Auto,White,1,1,FleetExample,0,0,0,1,1,1,0,315/70R22.5,315/70R22.5,2019-02-12,2027-12-02,,
SA20OFL,Newport,Tractor Unit,Tractor Unit,Demo Trucks,TX 500,Hire,Trunking Network,Illustration Rentals,2020,Active,2020-10-01,0,0,650,111750,KM,2026-10-22,6,2026-10-01,52,0,2026-08-27,12,250,104,12000,Diesel,Auto,Green / Sample Branding,0,1,DemoTrack,0,0,1,1,0,0,0,315/70R22.5,315/70R22.5,2020-10-01,2026-12-31,,
SA23OBD,Newport,Tractor Unit,Tractor Unit,Demo Trucks,TX 500,Hire,Trunking Network,Example Fleet Partners,2023,Active,2023-10-28,0,0,650,173000,KM,2026-09-03,6,2027-08-19,52,0,2026-10-08,12,650,104,12000,Diesel,Auto,Silver,1,0,,0,0,0,1,1,1,0,315/70R22.5,315/70R22.5,2023-10-28,2028-02-17,,
SA23CNL,Spennymoor,Tractor Unit,Tractor Unit,Demo Trucks,TX 500,Lease,Trunking Network,Sample Leasing Ltd,2023,Active,2023-07-14,48,518,0,68750,KM,2026-10-01,6,2026-12-17,52,0,2026-11-19,12,150,104,12000,Diesel,Auto,Blue,1,1,DemoTrack,0,0,1,1,1,0,0,315/70R22.5,315/70R22.5,2023-07-14,2028-02-17,,
SA20RSN,Spennymoor,Tractor Unit,Tractor Unit,Demo Trucks,TX 500,Owned,Trunking Network,,2020,Active,2020-08-22,0,0,0,96500,KM,2026-10-01,6,2027-05-27,52,0,2026-11-05,12,650,104,12000,Diesel,Auto,Blue,0,1,SampleConnect,1,0,1,0,1,1,0,315/70R22.5,315/70R22.5,2020-08-22,2028-02-10,,
SA23HOK,Spennymoor,Tractor Unit,Tractor Unit,Demo Trucks,TX 500,Hire,Trunking Network,Example Fleet Partners,2023,Active,2023-01-17,0,0,145,90750,KM,2026-10-29,6,2027-04-01,52,0,2026-12-10,12,0,104,12000,Diesel,Auto,White,1,0,,0,0,1,1,1,0,0,315/70R22.5,315/70R22.5,2023-01-17,2028-06-22,,
SA20EXM,Spennymoor,Tractor Unit,Tractor Unit,Demo Trucks,TX 500,Hire,Trunking Network,Demo Hire Services,2020,Active,2020-08-19,0,0,145,182750,KM,2026-10-29,6,2027-08-26,52,0,2026-10-29,12,250,104,12000,Diesel,Auto,White,0,1,DemoTrack,1,0,0,1,1,1,0,315/70R22.5,315/70R22.5,2020-08-19,2027-02-11,,
SA20OVT,Spennymoor,Tractor Unit,Tractor Unit,Demo Trucks,TX 500,Lease,Trunking Network,Illustration Rentals,2020,Active,2020-08-22,24,261,0,26750,KM,2026-10-29,6,2027-03-04,52,0,2026-10-29,12,400,104,12000,Diesel,Auto,White / Sample Branding,0,0,,0,0,1,1,0,0,0,315/70R22.5,315/70R22.5,2020-08-22,2028-06-29,,
SA22KCL,Spennymoor,Tractor Unit,Tractor Unit,Demo Trucks,TX 500,Hire,Trunking Network,Sample Leasing Ltd,2022,VOR,2022-06-21,0,0,145,167000,KM,2026-10-22,6,2027-05-27,52,0,2026-11-19,12,0,104,12000,Diesel,Auto,Silver,1,0,,0,0,1,1,0,0,0,315/70R22.5,315/70R22.5,2022-06-21,2028-05-11,,
SA21KHY,Spennymoor,Tractor Unit,Tractor Unit,Demo Trucks,TX 500,Hire,Trunking Network,Example Fleet Partners,2021,Active,2021-12-13,0,0,145,144000,KM,2026-10-01,6,2027-03-04,52,0,2026-11-26,12,400,104,12000,Diesel,Auto,Blue,1,1,SampleConnect,0,0,1,1,1,1,0,315/70R22.5,315/70R22.5,2021-12-13,2028-07-06,,
SA25ONW,Spennymoor,Tractor Unit,Tractor Unit,Demo Trucks,TX 500,Lease,Trunking Network,Sample Leasing Ltd,2025,Active,2025-06-01,60,374,0,157750,KM,2026-10-01,6,2027-09-16,52,0,2026-12-03,12,250,104,12000,Diesel,Auto,Green / Sample Branding,0,1,FleetExample,0,0,1,1,0,0,0,315/70R22.5,315/70R22.5,2025-06-01,2028-05-25,,
SA25ZYU,Spennymoor,Tractor Unit,Tractor Unit,Demo Trucks,TX 500,Owned,Trunking Network,,2025,Active,2025-12-25,0,0,0,26500,KM,2026-10-15,6,2027-01-07,52,0,2026-12-10,12,150,104,12000,Diesel,Auto,Blue,1,0,,1,0,0,1,1,0,0,315/70R22.5,315/70R22.5,2025-12-25,2027-10-28,,
SA19DHO,Spennymoor,Tractor Unit,Tractor Unit,Demo Trucks,TX 500,Owned,Trunking Network,,2019,Active,2019-12-13,0,0,0,69750,KM,2026-10-29,6,2026-10-08,52,0,2026-10-01,12,0,104,12000,Diesel,Auto,Blue,0,1,SampleConnect,0,0,0,1,0,0,0,315/70R22.5,315/70R22.5,2019-12-13,2026-12-31,,
SA24VVT,Dundee,Tractor Unit,Tractor Unit,Demo Trucks,TX 500,Lease,Trunking Network,Sample Leasing Ltd,2024,Active,2024-12-01,60,354,0,165250,KM,2026-10-15,6,2027-01-21,52,0,2026-10-15,12,250,104,12000,Diesel,Auto,Blue,1,1,FleetExample,0,0,1,1,1,0,0,315/70R22.5,315/70R22.5,2024-12-01,2028-02-03,,
SA22XFO,Dundee,Tractor Unit,Tractor Unit,Demo Trucks,TX 500,Hire,Trunking Network,Illustration Rentals,2022,VOR,2022-05-05,0,0,145,42000,KM,2026-10-15,6,2027-01-07,52,0,2026-10-15,12,250,104,12000,Diesel,Auto,Silver,0,0,,1,0,1,1,1,1,0,315/70R22.5,315/70R22.5,2022-05-05,2024-12-26,,
SA23ERV,Dundee,Tractor Unit,Tractor Unit,Demo Trucks,TX 500,Owned,Trunking Network,,2023,Active,2023-11-24,0,0,0,219000,KM,2026-10-01,6,2026-08-06,52,0,2026-10-29,12,0,104,12000,Diesel,Auto,Silver,1,0,,1,0,0,1,0,0,0,315/70R22.5,315/70R22.5,2023-11-24,2027-03-18,,
SA19TLW,Dundee,Tractor Unit,Tractor Unit,Demo Trucks,TX 500,Owned,Trunking Network,,2019,Active,2019-06-22,0,0,0,43500,KM,2026-10-29,6,2026-12-03,52,0,2026-11-05,12,0,104,12000,Diesel,Auto,White,0,1,SampleConnect,0,0,0,0,0,0,0,315/70R22.5,315/70R22.5,2019-06-22,2028-06-22,,
SA25DHU,Dundee,Tractor Unit,Tractor Unit,Demo Trucks,TX 500,Lease,Trunking Network,Illustration Rentals,2025,Active,2025-11-06,24,261,0,37750,KM,2026-10-01,6,2027-09-02,52,0,2026-10-15,12,250,104,12000,Diesel,Auto,Green / Sample Branding,1,1,SampleConnect,0,0,1,1,0,1,0,315/70R22.5,315/70R22.5,2025-11-06,2027-10-14,,
SA21FVH,Dundee,Tractor Unit,Tractor Unit,Demo Trucks,TX 500,Hire,Trunking Network,Sample Leasing Ltd,2021,Active,2021-01-23,0,0,650,96750,KM,2026-10-01,6,2027-08-12,52,0,2026-10-29,12,250,104,12000,Diesel,Auto,Blue,0,1,SampleConnect,1,0,0,1,1,1,0,315/70R22.5,315/70R22.5,2021-01-23,2028-01-06,,
SA25KPD,Dundee,Tractor Unit,Tractor Unit,Demo Trucks,TX 500,Lease,Trunking Network,Sample Leasing Ltd,2025,Active,2025-05-03,36,472,0,35500,KM,2026-10-15,6,2027-06-03,52,0,2026-10-22,12,650,104,12000,Diesel,Auto,Silver,0,1,SampleConnect,0,0,0,1,0,0,0,315/70R22.5,315/70R22.5,2025-05-03,2028-06-15,,
SA23USK,Dundee,Tractor Unit,Tractor Unit,Demo Trucks,TX 500,Hire,Trunking Network,Illustration Rentals,2023,Active,2023-01-20,0,0,650,54000,KM,2026-10-08,6,2027-03-25,52,0,2026-11-05,12,150,104,12000,Diesel,Auto,Blue,0,0,,1,0,0,1,1,1,0,315/70R22.5,315/70R22.5,2023-01-20,2026-11-05,,
SA23YZC,Dundee,Tractor Unit,Tractor Unit,Demo Trucks,TX 500,Owned,Trunking Network,,2023,Active,2023-10-21,0,0,0,24500,KM,2026-10-22,6,2027-09-16,52,0,2026-07-09,12,150,104,12000,Diesel,Auto,White,0,1,FleetExample,0,0,0,1,1,0,0,315/70R22.5,315/70R22.5,2023-10-21,2027-12-23,,
SA24ZRR,Crawley,Tractor Unit,Tractor Unit,Demo Trucks,TX 500,Lease,Trunking Network,Example Fleet Partners,2024,Active,2024-08-13,60,344,0,222500,KM,2026-08-20,6,2027-05-27,52,0,2026-10-08,12,0,104,12000,Diesel,Auto,Green / Sample Branding,1,0,,0,0,1,1,0,0,0,315/70R22.5,315/70R22.5,2024-08-13,2027-04-01,,
SA22ECT,Crawley,Tractor Unit,Tractor Unit,Demo Trucks,TX 500,Hire,Trunking Network,Example Fleet Partners,2022,Active,2022-07-06,0,0,145,179250,KM,2026-10-29,6,2027-02-18,52,0,2026-11-26,12,650,104,12000,Diesel,Auto,Green / Sample Branding,0,0,,0,0,0,1,1,0,0,315/70R22.5,315/70R22.5,2022-07-06,2027-09-30,,
SA25WYS,Crawley,Tractor Unit,Tractor Unit,Demo Trucks,TX 500,Lease,Trunking Network,Demo Hire Services,2025,Active,2025-12-25,60,369,0,9500,KM,2026-10-08,6,2027-07-22,52,0,2026-11-19,12,400,104,12000,Diesel,Auto,Silver,0,1,SampleConnect,1,0,1,1,1,0,0,315/70R22.5,315/70R22.5,2025-12-25,2026-12-31,,
SA21DFY,Crawley,Tractor Unit,Tractor Unit,Demo Trucks,TX 500,Lease,Trunking Network,Demo Hire Services,2021,VOR,2021-07-20,24,258,0,159000,KM,2026-10-29,6,2027-03-18,52,0,2026-12-17,12,250,104,12000,Diesel,Auto,Blue,0,1,SampleConnect,0,0,0,1,0,0,0,315/70R22.5,315/70R22.5,2021-07-20,2028-04-27,,
SA25FYP,Crawley,Tractor Unit,Tractor Unit,Demo Trucks,TX 500,Lease,Trunking Network,Example Fleet Partners,2025,Active,2025-04-10,36,343,0,47750,KM,2026-10-15,6,2027-01-07,52,0,2026-11-12,12,150,104,12000,Diesel,Auto,White,0,0,,0,0,1,1,0,0,0,315/70R22.5,315/70R22.5,2025-04-10,2027-01-07,,
SA23RMZ,Crawley,Tractor Unit,Tractor Unit,Demo Trucks,TX 500,Hire,Trunking Network,Example Fleet Partners,2023,Active,2023-07-19,0,0,145,169750,KM,2026-10-29,6,2027-05-20,52,0,2026-10-29,12,250,104,12000,Diesel,Auto,Green / Sample Branding,1,0,,1,0,0,1,1,1,0,315/70R22.5,315/70R22.5,2023-07-19,2026-12-24,,
SA21ZKJ,Crawley,Tractor Unit,Tractor Unit,Demo Trucks,TX 500,Hire,Trunking Network,Example Fleet Partners,2021,Active,2021-10-01,0,0,145,204500,KM,2026-10-22,6,2027-04-22,52,0,2026-12-10,12,400,104,12000,Diesel,Auto,Green / Sample Branding,0,1,SampleConnect,1,0,1,0,1,0,0,315/70R22.5,315/70R22.5,2021-10-01,2028-08-17,,
SA22JCS,Crawley,Tractor Unit,Tractor Unit,Demo Trucks,TX 500,Lease,Trunking Network,Demo Hire Services,2022,VOR,2022-05-04,36,290,0,95000,KM,2026-10-01,6,2027-06-10,52,0,2026-10-29,12,650,104,12000,Diesel,Auto,Blue,0,1,FleetExample,1,0,0,1,1,0,0,315/70R22.5,315/70R22.5,2022-05-04,2028-03-09,,
SA19UTL,Heywood,Tractor Unit,Tractor Unit,Demo Trucks,TX 500,Owned,Trunking Network,,2019,Active,2019-03-02,0,0,0,132750,KM,2026-10-08,6,2027-09-02,52,0,2026-10-01,12,0,104,12000,Diesel,Auto,White,1,1,SampleConnect,0,0,1,1,0,1,0,315/70R22.5,315/70R22.5,2019-03-02,2028-09-21,,
SA19JZM,Heywood,Tractor Unit,Tractor Unit,Demo Trucks,TX 500,Owned,Trunking Network,,2019,Active,2019-01-27,0,0,0,183500,KM,2026-10-08,6,2026-12-03,52,0,2026-12-03,12,650,104,12000,Diesel,Auto,White,1,0,,0,0,1,1,0,1,0,315/70R22.5,315/70R22.5,2019-01-27,2027-02-25,,
SA24HAW,Heywood,Tractor Unit,Tractor Unit,Demo Trucks,TX 500,Lease,Trunking Network,Demo Hire Services,2024,Active,2024-11-08,60,291,0,33000,KM,2026-10-22,6,2027-02-04,52,0,2026-10-22,12,250,104,12000,Diesel,Auto,Blue,1,1,FleetExample,0,0,1,1,1,0,0,315/70R22.5,315/70R22.5,2024-11-08,2027-05-27,,
SA23PXP,Heywood,Tractor Unit,Tractor Unit,Demo Trucks,TX 500,Lease,Trunking Network,Illustration Rentals,2023,Active,2023-03-19,48,413,0,203000,KM,2026-10-29,6,2026-12-24,52,0,2026-12-17,12,0,104,12000,Diesel,Auto,Green / Sample Branding,0,1,SampleConnect,0,0,1,0,1,1,0,315/70R22.5,315/70R22.5,2023-03-19,2027-05-06,,
SA24ABC,Heywood,Tractor Unit,Tractor Unit,Demo Trucks,TX 500,Owned,Trunking Network,,2024,Active,2024-06-15,0,0,0,226500,KM,2026-11-05,6,2027-02-11,52,0,2026-10-01,12,0,104,12000,Diesel,Auto,White / Sample Branding,1,1,SampleConnect,0,0,1,0,1,0,0,315/70R22.5,315/70R22.5,2024-06-15,2024-12-12,,
SA25MSC,Heywood,Tractor Unit,Tractor Unit,Demo Trucks,TX 500,Lease,Trunking Network,Illustration Rentals,2025,Active,2025-04-19,36,462,0,68250,KM,2026-11-05,6,2026-05-21,52,0,2026-10-22,12,150,104,12000,Diesel,Auto,Green / Sample Branding,0,0,,0,0,0,0,1,0,0,315/70R22.5,315/70R22.5,2025-04-19,2027-01-21,,
SA20XHN,Heywood,Tractor Unit,Tractor Unit,Demo Trucks,TX 500,Hire,Trunking Network,Illustration Rentals,2020,Active,2020-04-15,0,0,145,69750,KM,2026-10-29,6,2027-01-14,52,0,2026-11-12,12,650,104,12000,Diesel,Auto,Silver,0,1,SampleConnect,0,0,1,1,1,1,0,315/70R22.5,315/70R22.5,2020-04-15,2026-11-19,,
SA21FUP,Heywood,Tractor Unit,Tractor Unit,Demo Trucks,TX 500,Lease,Trunking Network,Example Fleet Partners,2021,Active,2021-08-17,48,464,0,11250,KM,2026-11-05,6,2027-03-25,52,0,2026-10-15,12,150,104,12000,Diesel,Auto,White,1,0,,1,0,1,1,1,0,0,315/70R22.5,315/70R22.5,2021-08-17,2027-03-04,,
SA21NKD,Larkhall,Tractor Unit,Tractor Unit,Demo Trucks,TX 500,Lease,Trunking Network,Example Fleet Partners,2021,Active,2021-07-18,24,401,0,165750,KM,2026-10-01,6,2027-09-02,52,0,2026-10-01,12,0,104,12000,Diesel,Auto,Blue,0,1,SampleConnect,0,0,1,0,0,0,0,315/70R22.5,315/70R22.5,2021-07-18,2028-01-20,,
SA25LGE,Larkhall,Tractor Unit,Tractor Unit,Demo Trucks,TX 500,Hire,Trunking Network,Sample Leasing Ltd,2025,Active,2025-09-02,0,0,145,158250,KM,2026-10-15,6,2026-11-26,52,0,2026-11-12,12,150,104,12000,Diesel,Auto,White / Sample Branding,1,1,DemoTrack,0,0,0,1,0,0,0,315/70R22.5,315/70R22.5,2025-09-02,2027-03-04,,
SA20ULS,Larkhall,Tractor Unit,Tractor Unit,Demo Trucks,TX 500,Hire,Trunking Network,Demo Hire Services,2020,Active,2020-08-21,0,0,650,55500,KM,2026-10-22,6,2026-11-05,52,0,2026-11-26,12,250,104,12000,Diesel,Auto,Blue,0,0,,1,0,1,1,1,0,0,315/70R22.5,315/70R22.5,2020-08-21,2027-01-07,,
SA24YGE,Larkhall,Tractor Unit,Tractor Unit,Demo Trucks,TX 500,Lease,Trunking Network,Sample Leasing Ltd,2024,Active,2024-03-15,36,370,0,17500,KM,2026-11-05,6,2027-06-10,52,0,2026-08-13,12,0,104,12000,Diesel,Auto,Green / Sample Branding,1,1,DemoTrack,1,0,1,1,0,0,0,315/70R22.5,315/70R22.5,2024-03-15,2026-10-22,,
SA23MAG,Larkhall,Tractor Unit,Tractor Unit,Demo Trucks,TX 500,Hire,Trunking Network,Illustration Rentals,2023,Active,2023-01-03,0,0,145,164500,KM,2026-08-27,6,2027-01-14,52,0,2026-10-15,12,650,104,12000,Diesel,Auto,White / Sample Branding,0,1,FleetExample,0,0,0,1,0,1,0,315/70R22.5,315/70R22.5,2023-01-03,2027-03-25,,
SA22ZVT,Larkhall,Tractor Unit,Tractor Unit,Demo Trucks,TX 500,Hire,Trunking Network,Sample Leasing Ltd,2022,Active,2022-07-03,0,0,650,97250,KM,2026-10-08,6,2027-07-29,52,0,2026-11-19,12,0,104,12000,Diesel,Auto,Silver,1,0,,0,0,1,0,1,1,0,315/70R22.5,315/70R22.5,2022-07-03,2028-08-10,,
SA22NRD,Larkhall,Tractor Unit,Tractor Unit,Demo Trucks,TX 500,Owned,Trunking Network,,2022,Active,2022-08-10,0,0,0,137500,KM,2026-10-22,6,2027-09-16,52,0,2026-10-08,12,150,104,12000,Diesel,Auto,White,1,1,DemoTrack,1,0,0,1,0,0,0,315/70R22.5,315/70R22.5,2022-08-10,2027-12-23,,
SA22HED,Basildon,Tractor Unit,Tractor Unit,Demo Trucks,TX 500,Lease,Trunking Network,Example Fleet Partners,2022,Active,2022-05-02,36,326,0,130750,KM,2026-11-05,6,2026-12-10,52,0,2026-11-26,12,150,104,12000,Diesel,Auto,White,1,0,,0,0,1,1,1,0,0,315/70R22.5,315/70R22.5,2022-05-02,2028-01-27,,
SA19HYL,Basildon,Tractor Unit,Tractor Unit,Demo Trucks,TX 500,Owned,Trunking Network,,2019,Active,2019-03-12,0,0,0,113500,KM,2026-10-22,6,2027-06-10,52,0,2026-10-08,12,250,104,12000,Diesel,Auto,Blue,1,1,DemoTrack,0,0,0,1,1,0,0,315/70R22.5,315/70R22.5,2019-03-12,2028-09-14,,
SA21ZEX,Basildon,Tractor Unit,Tractor Unit,Demo Trucks,TX 500,Lease,Trunking Network,Example Fleet Partners,2021,Active,2021-10-23,60,330,0,92000,KM,2026-10-01,6,2027-03-25,52,0,2026-10-08,12,0,104,12000,Diesel,Auto,Green / Sample Branding,1,0,,0,0,1,1,0,0,0,315/70R22.5,315/70R22.5,2021-10-23,2027-03-04,,
SA23NXV,Basildon,Tractor Unit,Tractor Unit,Demo Trucks,TX 500,Owned,Trunking Network,,2023,Active,2023-06-19,0,0,0,193750,KM,2026-10-08,6,2027-06-10,52,0,2026-10-15,12,650,104,12000,Diesel,Auto,White / Sample Branding,1,1,SampleConnect,0,0,0,1,1,1,0,315/70R22.5,315/70R22.5,2023-06-19,2027-06-17,,
SA19ELN,Basildon,Tractor Unit,Tractor Unit,Demo Trucks,TX 500,Lease,Trunking Network,Demo Hire Services,2019,Active,2019-02-11,36,297,0,200250,KM,2026-10-01,6,2027-09-02,52,0,2026-12-17,12,150,104,12000,Diesel,Auto,White,0,1,DemoTrack,1,0,0,1,0,1,0,315/70R22.5,315/70R22.5,2019-02-11,2028-03-23,,
SA20JTF,Basildon,Tractor Unit,Tractor Unit,Demo Trucks,TX 500,Hire,Trunking Network,Example Fleet Partners,2020,Active,2020-12-13,0,0,650,70750,KM,2026-10-01,6,2027-04-08,52,0,2026-12-10,12,0,104,12000,Diesel,Auto,Blue,1,0,,0,0,1,1,1,1,0,315/70R22.5,315/70R22.5,2020-12-13,2027-10-28,,
SA24XSM,Outside HDV Network,Tractor Unit,Tractor Unit,Demo Trucks,TX 500,Lease,Trunking Network,Demo Hire Services,2024,Active,2024-04-07,60,214,0,66250,KM,2026-10-22,6,2027-02-25,52,0,2026-12-10,12,250,104,12000,Diesel,Auto,White / Sample Branding,1,1,FleetExample,0,0,0,1,1,1,0,315/70R22.5,315/70R22.5,2024-04-07,2028-08-31,,
SA23HUO,Outside HDV Network,Tractor Unit,Tractor Unit,Demo Trucks,TX 500,Hire,Trunking Network,Demo Hire Services,2023,Active,2023-09-12,0,0,145,125500,KM,2026-10-08,6,2027-07-01,52,0,2026-10-22,12,400,104,12000,Diesel,Auto,Blue,0,0,,1,0,1,1,0,1,0,315/70R22.5,315/70R22.5,2023-09-12,2028-07-06,,
SA19XPE,Outside HDV Network,Tractor Unit,Tractor Unit,Demo Trucks,TX 500,Hire,Trunking Network,Demo Hire Services,2019,Active,2019-09-11,0,0,650,199250,KM,2026-10-08,6,2027-04-15,52,0,2026-12-17,12,0,104,12000,Diesel,Auto,Blue,1,1,SampleConnect,1,0,0,1,1,0,0,315/70R22.5,315/70R22.5,2019-09-11,2027-09-16,,
SA25EZB,Outside HDV Network,Tractor Unit,Tractor Unit,Demo Trucks,TX 500,Lease,Trunking Network,Example Fleet Partners,2025,Active,2025-04-01,60,320,0,40750,KM,2026-10-08,6,2026-11-26,52,0,2026-11-19,12,400,104,12000,Diesel,Auto,Blue,0,1,FleetExample,0,0,1,0,1,1,0,315/70R22.5,315/70R22.5,2025-04-01,2025-02-20,,
SA24YCP,Fareham,Tractor Unit,Tractor Unit,Demo Trucks,TX 500,Hire,Trunking Network,Example Fleet Partners,2024,Active,2024-04-25,0,0,145,195250,KM,2026-10-22,6,2025-11-27,52,0,2026-12-17,12,650,104,12000,Diesel,Auto,Blue,1,0,,1,0,1,1,0,1,0,315/70R22.5,315/70R22.5,2024-04-25,2028-01-27,,
SA25BAN,Fareham,Tractor Unit,Tractor Unit,Demo Trucks,TX 500,Hire,Trunking Network,Demo Hire Services,2025,Active,2025-10-01,0,0,650,236750,KM,2026-10-22,6,2027-08-05,52,0,2026-12-03,12,150,104,12000,Diesel,Auto,Green / Sample Branding,0,0,,1,0,0,0,1,0,0,315/70R22.5,315/70R22.5,2025-10-01,2026-12-24,,
SA22XZO,Fareham,Tractor Unit,Tractor Unit,Demo Trucks,TX 500,Lease,Trunking Network,Example Fleet Partners,2022,Active,2022-03-26,60,191,0,140500,KM,2026-10-29,6,2026-12-03,52,0,2026-10-15,12,0,104,12000,Diesel,Auto,White,0,0,,0,0,0,1,1,0,0,315/70R22.5,315/70R22.5,2022-03-26,2026-11-05,,
SA19KHR,Fareham,Tractor Unit,Tractor Unit,Demo Trucks,TX 500,Lease,Trunking Network,Demo Hire Services,2019,Active,2019-05-01,48,554,0,199500,KM,2026-11-05,6,2027-02-04,52,0,2026-10-08,12,650,104,12000,Diesel,Auto,White / Sample Branding,0,0,,1,0,1,1,0,1,0,315/70R22.5,315/70R22.5,2019-05-01,2027-07-08,,
SA23AMU,Avonmouth,Tractor Unit,Tractor Unit,Demo Trucks,TX 500,Lease,Trunking Network,Demo Hire Services,2023,Active,2023-08-20,48,365,0,24250,KM,2026-10-01,6,2027-05-20,52,0,2026-11-19,12,250,104,12000,Diesel,Auto,White / Sample Branding,1,1,SampleConnect,0,0,1,1,0,1,0,315/70R22.5,315/70R22.5,2023-08-20,2028-01-20,,
SA25JAO,Avonmouth,Tractor Unit,Tractor Unit,Demo Trucks,TX 500,Lease,Trunking Network,Example Fleet Partners,2025,Active,2025-11-19,48,381,0,143500,KM,2026-10-01,6,2027-06-24,52,0,2026-10-01,12,400,104,12000,Diesel,Auto,White,0,0,,1,0,0,1,0,0,0,315/70R22.5,315/70R22.5,2025-11-19,2027-08-19,,
SA19MZT,Avonmouth,Tractor Unit,Tractor Unit,Demo Trucks,TX 500,Lease,Trunking Network,Example Fleet Partners,2019,Active,2019-12-16,36,457,0,32250,KM,2026-10-15,6,2026-11-12,52,0,2026-09-10,12,250,104,12000,Diesel,Auto,White,0,1,FleetExample,1,0,0,1,1,1,0,315/70R22.5,315/70R22.5,2019-12-16,2027-05-20,,
SA24ZMS,Crewe,Tractor Unit,Tractor Unit,Demo Trucks,TX 500,Lease,Trunking Network,Example Fleet Partners,2024,Active,2024-02-01,36,428,0,16250,KM,2026-08-27,6,2027-02-25,52,0,2026-11-05,12,650,104,12000,Diesel,Auto,Blue,0,1,DemoTrack,0,0,1,1,0,0,0,315/70R22.5,315/70R22.5,2024-02-01,2027-01-14,,
SA25RBC,Crewe,Tractor Unit,Tractor Unit,Demo Trucks,TX 500,Hire,Trunking Network,Example Fleet Partners,2025,VOR,2025-09-10,0,0,145,28500,KM,2026-10-15,6,2027-06-03,52,0,2026-10-08,12,400,104,12000,Diesel,Auto,Blue,0,1,FleetExample,1,0,0,1,1,0,0,315/70R22.5,315/70R22.5,2025-09-10,2028-03-23,,
SA21YGL,Crewe,Tractor Unit,Tractor Unit,Demo Trucks,TX 500,Owned,Trunking Network,,2021,Active,2021-06-25,0,0,0,20750,KM,2026-10-22,6,2027-05-13,52,0,2026-10-01,12,650,104,12000,Diesel,Auto,Blue,1,0,,0,0,0,0,0,1,0,315/70R22.5,315/70R22.5,2021-06-25,2028-02-03,,
SA19CCZ,Crewe,Tractor Unit,Tractor Unit,Demo Trucks,TX 500,Hire,Trunking Network,Demo Hire Services,2019,Active,2019-11-08,0,0,145,134250,KM,2026-10-08,6,2027-05-20,52,0,2026-10-08,12,650,104,12000,Diesel,Auto,White / Sample Branding,1,0,,0,0,1,1,0,1,0,315/70R22.5,315/70R22.5,2019-11-08,2028-07-20,,
SA25YUN,Crewe,Tractor Unit,Tractor Unit,Demo Trucks,TX 500,Lease,Trunking Network,Sample Leasing Ltd,2025,Active,2025-12-08,24,269,0,154000,KM,2026-10-01,6,2027-09-09,52,0,2026-11-19,12,650,104,12000,Diesel,Auto,White,0,0,,1,0,1,0,0,1,0,315/70R22.5,315/70R22.5,2025-12-08,2027-02-25,,
SA25DTR,Crewe,Tractor Unit,Tractor Unit,Demo Trucks,TX 500,Owned,Trunking Network,,2025,Active,2025-04-11,0,0,0,31500,KM,2026-11-05,6,2027-07-29,52,0,2026-10-15,12,0,104,12000,Diesel,Auto,Green / Sample Branding,1,1,DemoTrack,1,0,1,1,0,1,0,315/70R22.5,315/70R22.5,2025-04-11,2027-06-03,,
SA24VPW,Crewe,18 Tonne,Rigid Truck,Sample Commercial,Rigid 18T,Hire,Delivery Fleet,Demo Hire Services,2024,Active,2024-08-26,0,0,650,36750,KM,2026-10-22,6,2027-04-01,52,0,2026-11-26,12,150,104,9000,Diesel,Auto,White / Sample Branding,0,0,,0,0,1,1,0,0,1,295/80R22.5,295/80R22.5,2024-08-26,2026-10-01,295/80R22.5,
SA19DSG,Crewe,18 Tonne,Rigid Truck,Sample Commercial,Rigid 18T,Hire,Delivery Fleet,Illustration Rentals,2019,Active,2019-12-16,0,0,650,33500,KM,2026-10-15,6,2027-01-21,52,0,2026-11-05,12,650,104,9000,Diesel,Auto,Green / Sample Branding,0,1,FleetExample,1,0,1,1,1,1,1,295/80R22.5,295/80R22.5,2019-12-16,2027-08-05,295/80R22.5,
SA24SHG,Crewe,18 Tonne,Rigid Truck,Sample Commercial,Rigid 18T,Lease,Delivery Fleet,Example Fleet Partners,2024,Active,2024-12-25,24,394,0,237250,KM,2026-10-29,6,2027-09-02,52,0,2026-10-15,12,650,104,9000,Diesel,Auto,Green / Sample Branding,0,1,DemoTrack,0,0,0,1,0,1,0,295/80R22.5,295/80R22.5,2024-12-25,2027-07-08,295/80R22.5,
SA23MDE,Crewe,18 Tonne,Rigid Truck,Sample Commercial,Rigid 18T,Hire,Delivery Fleet,Illustration Rentals,2023,Active,2023-04-27,0,0,145,171250,KM,2026-10-08,6,2027-07-29,52,0,2026-10-08,12,0,104,9000,Diesel,Auto,Blue,0,0,,1,0,0,1,0,0,1,295/80R22.5,295/80R22.5,2023-04-27,2027-11-25,295/80R22.5,
SA25ZDT,Crewe,18 Tonne,Rigid Truck,Sample Commercial,Rigid 18T,Lease,Delivery Fleet,Example Fleet Partners,2025,Active,2025-07-25,24,218,0,68250,KM,2026-11-05,6,2027-05-06,52,0,2026-11-05,12,150,104,9000,Diesel,Auto,Silver,0,1,SampleConnect,0,0,1,1,0,1,1,295/80R22.5,295/80R22.5,2025-07-25,2026-11-05,295/80R22.5,
SA23SWO,Crewe,18 Tonne,Rigid Truck,Sample Commercial,Rigid 18T,Lease,Delivery Fleet,Illustration Rentals,2023,Active,2023-08-17,36,188,0,98000,KM,2026-10-22,6,2027-05-06,52,0,2026-10-15,12,250,104,9000,Diesel,Auto,White / Sample Branding,0,0,,0,0,1,1,0,0,0,295/80R22.5,295/80R22.5,2023-08-17,2027-03-11,295/80R22.5,
SA24RVH,Crewe,18 Tonne,Rigid Truck,Sample Commercial,Rigid 18T,Lease,Delivery Fleet,Example Fleet Partners,2024,Active,2024-11-24,48,483,0,226500,KM,2026-10-22,6,2027-06-10,52,0,2026-11-12,12,0,104,9000,Diesel,Auto,White / Sample Branding,1,1,DemoTrack,0,0,0,1,1,0,0,295/80R22.5,295/80R22.5,2024-11-24,2024-10-24,295/80R22.5,
SA20NEV,Crewe,18 Tonne,Rigid Truck,Sample Commercial,Rigid 18T,Hire,Delivery Fleet,Example Fleet Partners,2020,Active,2020-10-18,0,0,650,204000,KM,2026-10-22,6,2026-07-09,52,0,2026-12-10,12,150,104,9000,Diesel,Auto,Blue,0,0,,1,0,0,0,1,0,1,295/80R22.5,295/80R22.5,2020-10-18,2028-05-25,295/80R22.5,
SA21XVA,Crewe,18 Tonne,Rigid Truck,Sample Commercial,Rigid 18T,Lease,Delivery Fleet,Demo Hire Services,2021,Active,2021-06-17,48,227,0,231250,KM,2026-10-01,6,2027-09-09,52,0,2026-10-22,12,400,104,9000,Diesel,Auto,White,0,0,,0,0,1,0,1,0,1,295/80R22.5,295/80R22.5,2021-06-17,2027-01-28,295/80R22.5,
SA22LYH,Crewe,18 Tonne,Rigid Truck,Sample Commercial,Rigid 18T,Lease,Delivery Fleet,Example Fleet Partners,2022,Active,2022-04-25,60,325,0,188750,KM,2026-10-22,6,2026-10-15,52,0,2026-12-10,12,150,104,9000,Diesel,Auto,Blue,1,1,SampleConnect,1,0,0,1,0,0,0,295/80R22.5,295/80R22.5,2022-04-25,2028-01-13,295/80R22.5,
SA21JTW,Crewe,18 Tonne,Rigid Truck,Sample Commercial,Rigid 18T,Hire,Delivery Fleet,Sample Leasing Ltd,2021,Active,2021-02-07,0,0,145,52000,KM,2026-10-29,6,2027-02-04,52,0,2026-12-17,12,150,104,9000,Diesel,Auto,Blue,1,0,,1,0,1,1,1,0,1,295/80R22.5,295/80R22.5,2021-02-07,2026-11-19,295/80R22.5,
SA21XVX,Crewe,18 Tonne,Rigid Truck,Sample Commercial,Rigid 18T,Lease,Delivery Fleet,Sample Leasing Ltd,2021,Active,2021-12-25,24,484,0,103750,KM,2026-10-22,6,2026-12-24,52,0,2026-10-29,12,400,104,9000,Diesel,Auto,White,1,0,,1,0,1,0,0,0,1,295/80R22.5,295/80R22.5,2021-12-25,2028-03-02,295/80R22.5,
SA23RCF,Crewe,18 Tonne,Rigid Truck,Sample Commercial,Rigid 18T,Lease,Delivery Fleet,Example Fleet Partners,2023,Active,2023-09-03,60,497,0,143000,KM,2026-10-29,6,2026-10-01,52,0,2026-12-03,12,650,104,9000,Diesel,Auto,White / Sample Branding,1,1,FleetExample,1,0,0,1,1,0,1,295/80R22.5,295/80R22.5,2023-09-03,2028-06-29,295/80R22.5,
SA25RMO,Crewe,18 Tonne,Rigid Truck,Sample Commercial,Rigid 18T,Lease,Delivery Fleet,Demo Hire Services,2025,Active,2025-02-16,24,427,0,70250,KM,2026-10-22,6,2027-08-19,52,0,2026-09-17,12,650,104,9000,Diesel,Auto,Silver,1,0,,0,0,0,1,1,0,1,295/80R22.5,295/80R22.5,2025-02-16,2027-04-29,295/80R22.5,
SA24LJW,Crewe,18 Tonne,Rigid Truck,Sample Commercial,Rigid 18T,Hire,Delivery Fleet,Example Fleet Partners,2024,Active,2024-07-07,0,0,145,103750,KM,2026-08-27,6,2027-03-25,52,0,2026-12-03,12,650,104,9000,Diesel,Auto,Silver,1,0,,0,0,0,1,1,0,1,295/80R22.5,295/80R22.5,2024-07-07,2027-09-02,295/80R22.5,
SA20OWC,Crewe,18 Tonne,Rigid Truck,Sample Commercial,Rigid 18T,Lease,Delivery Fleet,Example Fleet Partners,2020,Active,2020-09-17,60,559,0,213250,KM,2026-10-01,6,2027-08-12,52,0,2026-11-26,12,150,104,9000,Diesel,Auto,White / Sample Branding,0,0,,0,0,1,1,1,0,1,295/80R22.5,295/80R22.5,2020-09-17,2027-01-21,295/80R22.5,
SA19DBD,Crewe,18 Tonne,Rigid Truck,Sample Commercial,Rigid 18T,Lease,Delivery Fleet,Sample Leasing Ltd,2019,Active,2019-01-06,24,519,0,198250,KM,2026-10-01,6,2026-12-03,52,0,2026-10-08,12,150,104,9000,Diesel,Auto,Green / Sample Branding,1,0,,0,0,1,1,1,1,1,295/80R22.5,295/80R22.5,2019-01-06,2027-03-04,295/80R22.5,
SA24LDP,Crewe,18 Tonne,Rigid Truck,Sample Commercial,Rigid 18T,Owned,Delivery Fleet,,2024,Active,2024-11-20,0,0,0,109000,KM,2026-11-05,6,2026-11-12,52,0,2026-10-08,12,150,104,9000,Diesel,Auto,White / Sample Branding,1,1,FleetExample,1,0,0,1,0,0,1,295/80R22.5,295/80R22.5,2024-11-20,2026-11-19,295/80R22.5,
SA23KXZ,Crewe,18 Tonne,Rigid Truck,Sample Commercial,Rigid 18T,Lease,Delivery Fleet,Sample Leasing Ltd,2023,Active,2023-11-19,36,321,0,179250,KM,2026-10-29,6,2027-03-25,52,0,2026-12-03,12,150,104,9000,Diesel,Auto,Silver,0,1,DemoTrack,0,0,1,1,1,0,1,295/80R22.5,295/80R22.5,2023-11-19,2026-11-12,295/80R22.5,
SA21ODB,Crewe,18 Tonne,Rigid Truck,Sample Commercial,Rigid 18T,Lease,Delivery Fleet,Sample Leasing Ltd,2021,VOR,2021-01-17,48,338,0,11000,KM,2026-10-22,6,2027-04-08,52,0,2026-11-19,12,0,104,9000,Diesel,Auto,White,0,1,DemoTrack,1,0,1,1,0,0,1,295/80R22.5,295/80R22.5,2021-01-17,2028-06-29,295/80R22.5,
SA24FBZ,Crewe,18 Tonne,Rigid Truck,Sample Commercial,Rigid 18T,Hire,Delivery Fleet,Illustration Rentals,2024,Active,2024-11-26,0,0,650,33750,KM,2026-10-01,6,2027-02-11,52,0,2026-11-26,12,150,104,9000,Diesel,Auto,White / Sample Branding,1,1,FleetExample,1,0,0,1,1,0,1,295/80R22.5,295/80R22.5,2024-11-26,2026-12-17,295/80R22.5,
SA21TMJ,Crewe,18 Tonne,Rigid Truck,Sample Commercial,Rigid 18T,Lease,Delivery Fleet,Example Fleet Partners,2021,Active,2021-08-07,36,182,0,138250,KM,2026-10-01,6,2026-12-31,52,0,2026-10-29,12,250,104,9000,Diesel,Auto,Green / Sample Branding,1,0,,0,0,1,1,1,0,1,295/80R22.5,295/80R22.5,2021-08-07,2027-09-30,295/80R22.5,
SA24HBV,Crewe,18 Tonne,Rigid Truck,Sample Commercial,Rigid 18T,Hire,Delivery Fleet,Example Fleet Partners,2024,Active,2024-07-04,0,0,650,94250,KM,2026-10-01,6,2027-07-08,52,0,2026-11-19,12,250,104,9000,Diesel,Auto,Silver,0,0,,0,0,0,1,0,0,1,295/80R22.5,295/80R22.5,2024-07-04,2027-11-11,295/80R22.5,
SA24OKB,Crewe,18 Tonne,Rigid Truck,Sample Commercial,Rigid 18T,Hire,Delivery Fleet,Demo Hire Services,2024,Active,2024-04-20,0,0,650,110000,KM,2026-10-08,6,2026-10-15,52,0,2026-11-19,12,650,104,9000,Diesel,Auto,Blue,1,0,,1,0,0,1,1,0,0,295/80R22.5,295/80R22.5,2024-04-20,2027-09-02,295/80R22.5,
SA24VYR,Crewe,18 Tonne,Rigid Truck,Sample Commercial,Rigid 18T,Lease,Delivery Fleet,Example Fleet Partners,2024,Active,2024-12-25,36,436,0,44750,KM,2026-10-22,6,2027-02-18,52,0,2026-11-19,12,650,104,9000,Diesel,Auto,White / Sample Branding,0,1,FleetExample,0,0,1,1,1,0,1,295/80R22.5,295/80R22.5,2024-12-25,2028-06-22,295/80R22.5,
SA24MCW,Crewe,18 Tonne,Rigid Truck,Sample Commercial,Rigid 18T,Lease,Delivery Fleet,Demo Hire Services,2024,Active,2024-04-22,24,312,0,136000,KM,2026-10-29,6,2027-01-07,52,0,2026-10-22,12,650,104,9000,Diesel,Auto,Blue,1,1,SampleConnect,0,0,1,1,0,0,1,295/80R22.5,295/80R22.5,2024-04-22,2026-12-31,295/80R22.5,
SA20RLP,Crewe,18 Tonne,Rigid Truck,Sample Commercial,Rigid 18T,Lease,Delivery Fleet,Example Fleet Partners,2020,Active,2020-10-28,48,547,0,228250,KM,2026-10-01,6,2027-07-22,52,0,2026-12-17,12,150,104,9000,Diesel,Auto,Green / Sample Branding,0,0,,0,0,0,0,0,0,1,295/80R22.5,295/80R22.5,2020-10-28,2024-10-24,295/80R22.5,
SA19CBG,Crewe,18 Tonne,Rigid Truck,Sample Commercial,Rigid 18T,Owned,Delivery Fleet,,2019,Active,2019-01-22,0,0,0,205250,KM,2026-10-15,6,2025-11-06,52,0,2026-11-12,12,150,104,9000,Diesel,Auto,Green / Sample Branding,1,1,DemoTrack,1,0,1,1,0,0,0,295/80R22.5,295/80R22.5,2019-01-22,2026-12-10,295/80R22.5,
SA19PMX,Crewe,18 Tonne,Rigid Truck,Sample Commercial,Rigid 18T,Lease,Delivery Fleet,Sample Leasing Ltd,2019,Active,2019-04-16,60,407,0,67500,KM,2026-11-05,6,2027-03-04,52,0,2026-10-29,12,0,104,9000,Diesel,Auto,Silver,1,1,SampleConnect,1,0,0,0,1,0,1,295/80R22.5,295/80R22.5,2019-04-16,2026-10-01,295/80R22.5,
SA21LXC,Crewe,18 Tonne,Rigid Truck,Sample Commercial,Rigid 18T,Lease,Delivery Fleet,Demo Hire Services,2021,VOR,2021-04-03,60,203,0,189750,KM,2026-10-15,6,2026-11-05,52,0,2026-10-15,12,250,104,9000,Diesel,Auto,Blue,0,1,DemoTrack,1,0,1,1,0,1,1,295/80R22.5,295/80R22.5,2021-04-03,2028-06-01,295/80R22.5,
SA25TBJ,Crewe,18 Tonne,Rigid Truck,Sample Commercial,Rigid 18T,Lease,Delivery Fleet,Example Fleet Partners,2025,VOR,2025-02-11,60,203,0,40750,KM,2026-10-08,6,2027-03-11,52,0,2026-11-26,12,150,104,9000,Diesel,Auto,White / Sample Branding,0,1,DemoTrack,0,0,0,1,1,1,1,295/80R22.5,295/80R22.5,2025-02-11,2028-03-30,295/80R22.5,
SA22PJY,Crewe,18 Tonne,Rigid Truck,Sample Commercial,Rigid 18T,Owned,Delivery Fleet,,2022,VOR,2022-06-17,0,0,0,48500,KM,2026-10-08,6,2027-07-08,52,0,2026-10-01,12,250,104,9000,Diesel,Auto,Blue,1,1,DemoTrack,1,0,1,0,0,1,1,295/80R22.5,295/80R22.5,2022-06-17,2028-03-02,295/80R22.5,
SA21TOM,Crossgreen,18 Tonne,Rigid Truck,Sample Commercial,Rigid 18T,Lease,Delivery Fleet,Illustration Rentals,2021,VOR,2021-12-03,36,387,0,121500,KM,2026-10-15,6,2026-10-01,52,0,2026-12-17,12,150,104,9000,Diesel,Auto,White,0,1,SampleConnect,0,0,0,0,1,1,1,295/80R22.5,295/80R22.5,2021-12-03,2027-12-23,295/80R22.5,
SA24KJN,Crossgreen,18 Tonne,Rigid Truck,Sample Commercial,Rigid 18T,Lease,Delivery Fleet,Sample Leasing Ltd,2024,Active,2024-02-18,48,406,0,7250,KM,2026-10-15,6,2027-07-29,52,0,2026-09-17,12,0,104,9000,Diesel,Auto,Silver,1,0,,1,0,0,1,1,0,1,295/80R22.5,295/80R22.5,2024-02-18,2027-07-29,295/80R22.5,
SA21KTM,Crossgreen,18 Tonne,Rigid Truck,Sample Commercial,Rigid 18T,Hire,Delivery Fleet,Sample Leasing Ltd,2021,Active,2021-03-13,0,0,650,14000,KM,2026-08-27,6,2027-06-17,52,0,2026-10-01,12,650,104,9000,Diesel,Auto,White,1,1,FleetExample,0,0,1,1,1,1,1,295/80R22.5,295/80R22.5,2021-03-13,2026-12-17,295/80R22.5,
SA23NYF,Crossgreen,18 Tonne,Rigid Truck,Sample Commercial,Rigid 18T,Lease,Delivery Fleet,Demo Hire Services,2023,VOR,2023-06-09,36,214,0,9250,KM,2026-10-29,6,2027-07-22,52,0,2026-10-01,12,250,104,9000,Diesel,Auto,Silver,1,0,,0,0,1,1,1,0,1,295/80R22.5,295/80R22.5,2023-06-09,2028-03-16,295/80R22.5,
SA21VPR,Crossgreen,18 Tonne,Rigid Truck,Sample Commercial,Rigid 18T,Owned,Delivery Fleet,,2021,Active,2021-03-22,0,0,0,40750,KM,2026-10-01,6,2026-12-24,52,0,2026-10-22,12,650,104,9000,Diesel,Auto,White,0,0,,0,0,1,1,1,1,1,295/80R22.5,295/80R22.5,2021-03-22,2026-10-22,295/80R22.5,
SA19UCD,Crossgreen,18 Tonne,Rigid Truck,Sample Commercial,Rigid 18T,Lease,Delivery Fleet,Illustration Rentals,2019,VOR,2019-10-14,60,516,0,232500,KM,2026-10-15,6,2026-10-22,52,0,2026-12-03,12,650,104,9000,Diesel,Auto,Silver,0,1,FleetExample,0,0,1,0,0,1,0,295/80R22.5,295/80R22.5,2019-10-14,2027-05-13,295/80R22.5,
SA19KFZ,Crossgreen,18 Tonne,Rigid Truck,Sample Commercial,Rigid 18T,Owned,Delivery Fleet,,2019,Active,2019-06-11,0,0,0,17750,KM,2026-10-29,6,2027-08-12,52,0,2026-12-17,12,150,104,9000,Diesel,Auto,White,1,0,,0,0,1,1,1,0,1,295/80R22.5,295/80R22.5,2019-06-11,2027-11-25,295/80R22.5,
SA22PNW,Crossgreen,18 Tonne,Rigid Truck,Sample Commercial,Rigid 18T,Owned,Delivery Fleet,,2022,Active,2022-05-04,0,0,0,118000,KM,2026-10-01,6,2026-10-15,52,0,2026-11-05,12,650,104,9000,Diesel,Auto,Silver,1,0,,1,0,0,1,1,0,1,295/80R22.5,295/80R22.5,2022-05-04,2028-07-27,295/80R22.5,
SA20GGO,Crossgreen,18 Tonne,Rigid Truck,Sample Commercial,Rigid 18T,Hire,Delivery Fleet,Demo Hire Services,2020,Active,2020-02-28,0,0,145,94250,KM,2026-10-01,6,2027-06-03,52,0,2026-11-26,12,150,104,9000,Diesel,Auto,Silver,0,0,,0,0,1,1,1,0,0,295/80R22.5,295/80R22.5,2020-02-28,2028-09-21,295/80R22.5,
SA24KNV,Crossgreen,18 Tonne,Rigid Truck,Sample Commercial,Rigid 18T,Owned,Delivery Fleet,,2024,Active,2024-12-17,0,0,0,41250,KM,2026-11-05,6,2026-12-31,52,0,2026-10-15,12,0,104,9000,Diesel,Auto,White / Sample Branding,1,1,SampleConnect,1,0,0,0,0,1,1,295/80R22.5,295/80R22.5,2024-12-17,2026-11-05,295/80R22.5,
SA23UJX,Crossgreen,18 Tonne,Rigid Truck,Sample Commercial,Rigid 18T,Owned,Delivery Fleet,,2023,Active,2023-01-25,0,0,0,49250,KM,2026-10-15,6,2027-07-01,52,0,2026-12-10,12,150,104,9000,Diesel,Auto,Blue,1,0,,0,0,1,1,1,1,1,295/80R22.5,295/80R22.5,2023-01-25,2027-04-01,295/80R22.5,
SA24ZDJ,Crossgreen,18 Tonne,Rigid Truck,Sample Commercial,Rigid 18T,Lease,Delivery Fleet,Example Fleet Partners,2024,Active,2024-04-06,48,492,0,174500,KM,2026-10-08,6,2027-05-13,52,0,2026-10-15,12,0,104,9000,Diesel,Auto,White,0,0,,0,0,1,1,0,1,1,295/80R22.5,295/80R22.5,2024-04-06,2027-02-11,295/80R22.5,
SA24CYO,Crossgreen,18 Tonne,Rigid Truck,Sample Commercial,Rigid 18T,Lease,Delivery Fleet,Example Fleet Partners,2024,VOR,2024-02-11,24,240,0,155000,KM,2026-10-01,6,2027-07-08,52,0,2026-10-22,12,150,104,9000,Diesel,Auto,White,0,0,,0,0,0,1,1,1,0,295/80R22.5,295/80R22.5,2024-02-11,2028-09-14,295/80R22.5,
SA19GCZ,Crossgreen,18 Tonne,Rigid Truck,Sample Commercial,Rigid 18T,Hire,Delivery Fleet,Example Fleet Partners,2019,Active,2019-06-09,0,0,145,104500,KM,2026-10-08,6,2027-09-23,52,0,2026-11-05,12,400,104,9000,Diesel,Auto,White,0,1,SampleConnect,1,0,0,1,1,1,0,295/80R22.5,295/80R22.5,2019-06-09,2027-12-30,295/80R22.5,
SA24XKP,Crossgreen,18 Tonne,Rigid Truck,Sample Commercial,Rigid 18T,Owned,Delivery Fleet,,2024,Active,2024-08-23,0,0,0,61000,KM,2026-10-15,6,2027-09-23,52,0,2026-12-10,12,650,104,9000,Diesel,Auto,Green / Sample Branding,0,1,FleetExample,1,0,1,1,1,0,1,295/80R22.5,295/80R22.5,2024-08-23,2025-05-29,295/80R22.5,
SA20MNW,Stoke,18 Tonne,Rigid Truck,Sample Commercial,Rigid 18T,Hire,Delivery Fleet,Sample Leasing Ltd,2020,VOR,2020-02-14,0,0,650,93500,KM,2026-10-29,6,2025-12-18,52,0,2026-11-05,12,150,104,9000,Diesel,Auto,White,1,1,DemoTrack,1,0,1,1,1,1,1,295/80R22.5,295/80R22.5,2020-02-14,2027-12-09,295/80R22.5,
SA21LTS,Stoke,18 Tonne,Rigid Truck,Sample Commercial,Rigid 18T,Owned,Delivery Fleet,,2021,Active,2021-04-17,0,0,0,68500,KM,2026-10-29,6,2026-10-01,52,0,2026-10-08,12,150,104,9000,Diesel,Auto,White,0,1,DemoTrack,0,0,1,1,1,1,0,295/80R22.5,295/80R22.5,2021-04-17,2027-11-04,295/80R22.5,
SA21JWU,Stoke,18 Tonne,Rigid Truck,Sample Commercial,Rigid 18T,Owned,Delivery Fleet,,2021,Active,2021-03-03,0,0,0,94500,KM,2026-10-15,6,2027-06-17,52,0,2026-10-29,12,650,104,9000,Diesel,Auto,White,0,0,,0,0,1,0,0,1,1,295/80R22.5,295/80R22.5,2021-03-03,2027-09-16,295/80R22.5,
SA22MPO,Stoke,18 Tonne,Rigid Truck,Sample Commercial,Rigid 18T,Hire,Delivery Fleet,Example Fleet Partners,2022,Active,2022-06-07,0,0,650,82000,KM,2026-10-22,6,2027-05-27,52,0,2026-11-12,12,150,104,9000,Diesel,Auto,White,1,0,,0,0,1,1,0,1,1,295/80R22.5,295/80R22.5,2022-06-07,2028-08-31,295/80R22.5,
SA23FGZ,Stoke,18 Tonne,Rigid Truck,Sample Commercial,Rigid 18T,Hire,Delivery Fleet,Sample Leasing Ltd,2023,Active,2023-07-07,0,0,650,211750,KM,2026-11-05,6,2027-09-02,52,0,2026-12-03,12,0,104,9000,Diesel,Auto,White,1,1,FleetExample,1,0,1,1,0,1,1,295/80R22.5,295/80R22.5,2023-07-07,2026-10-22,295/80R22.5,
SA19AHK,Stoke,18 Tonne,Rigid Truck,Sample Commercial,Rigid 18T,Hire,Delivery Fleet,Example Fleet Partners,2019,Active,2019-04-22,0,0,650,215000,KM,2026-10-01,6,2027-07-01,52,0,2026-11-05,12,250,104,9000,Diesel,Auto,White,1,1,DemoTrack,0,0,0,1,0,1,1,295/80R22.5,295/80R22.5,2019-04-22,2027-05-20,295/80R22.5,
SA22PLL,Stoke,18 Tonne,Rigid Truck,Sample Commercial,Rigid 18T,Lease,Delivery Fleet,Sample Leasing Ltd,2022,Active,2022-12-09,60,472,0,161250,KM,2026-11-05,6,2027-05-06,52,0,2026-07-16,12,650,104,9000,Diesel,Auto,Blue,0,0,,0,0,0,1,0,0,1,295/80R22.5,295/80R22.5,2022-12-09,2027-03-11,295/80R22.5,
SA25ZSG,Stoke,18 Tonne,Rigid Truck,Sample Commercial,Rigid 18T,Lease,Delivery Fleet,Example Fleet Partners,2025,Active,2025-09-18,60,254,0,69500,KM,2026-08-20,6,2027-09-23,52,0,2026-11-05,12,0,104,9000,Diesel,Auto,Green / Sample Branding,0,1,FleetExample,0,0,0,1,1,0,0,295/80R22.5,295/80R22.5,2025-09-18,2028-03-23,295/80R22.5,
SA25GNY,Stoke,18 Tonne,Rigid Truck,Sample Commercial,Rigid 18T,Owned,Delivery Fleet,,2025,Active,2025-03-18,0,0,0,40000,KM,2026-10-15,6,2027-09-02,52,0,2026-12-10,12,0,104,9000,Diesel,Auto,Blue,0,0,,1,0,1,1,1,0,0,295/80R22.5,295/80R22.5,2025-03-18,2027-11-18,295/80R22.5,
SA19STN,Stoke,18 Tonne,Rigid Truck,Sample Commercial,Rigid 18T,Hire,Delivery Fleet,Illustration Rentals,2019,Active,2019-02-03,0,0,145,124500,KM,2026-11-05,6,2027-08-19,52,0,2026-10-29,12,250,104,9000,Diesel,Auto,Silver,0,1,DemoTrack,0,0,0,1,0,1,1,295/80R22.5,295/80R22.5,2019-02-03,2028-07-13,295/80R22.5,
SA24VMA,Stoke,18 Tonne,Rigid Truck,Sample Commercial,Rigid 18T,Owned,Delivery Fleet,,2024,Active,2024-05-20,0,0,0,186000,KM,2026-10-01,6,2027-07-01,52,0,2026-10-22,12,150,104,9000,Diesel,Auto,Green / Sample Branding,0,1,SampleConnect,0,0,0,1,1,0,1,295/80R22.5,295/80R22.5,2024-05-20,2026-12-17,295/80R22.5,
SA20KVE,Stoke,18 Tonne,Rigid Truck,Sample Commercial,Rigid 18T,Hire,Delivery Fleet,Illustration Rentals,2020,Active,2020-04-17,0,0,145,167750,KM,2026-10-08,6,2026-10-01,52,0,2026-10-01,12,250,104,9000,Diesel,Auto,White,0,0,,0,0,0,0,0,0,1,295/80R22.5,295/80R22.5,2020-04-17,2028-04-27,295/80R22.5,
SA25XBH,Stoke,18 Tonne,Rigid Truck,Sample Commercial,Rigid 18T,Owned,Delivery Fleet,,2025,Active,2025-05-11,0,0,0,229250,KM,2026-10-22,6,2026-12-24,52,0,2026-11-12,12,650,104,9000,Diesel,Auto,Green / Sample Branding,1,1,DemoTrack,0,0,1,1,1,1,1,295/80R22.5,295/80R22.5,2025-05-11,2027-12-30,295/80R22.5,
SA22ECK,Exeter,18 Tonne,Rigid Truck,Sample Commercial,Rigid 18T,Lease,Delivery Fleet,Sample Leasing Ltd,2022,Active,2022-12-05,36,422,0,207250,KM,2026-10-22,6,2027-04-22,52,0,2026-10-01,12,150,104,9000,Diesel,Auto,Silver,0,0,,0,0,1,1,1,0,0,295/80R22.5,295/80R22.5,2022-12-05,2027-11-25,295/80R22.5,
SA23XWV,Exeter,18 Tonne,Rigid Truck,Sample Commercial,Rigid 18T,Hire,Delivery Fleet,Sample Leasing Ltd,2023,VOR,2023-06-08,0,0,650,59250,KM,2026-10-29,6,2026-11-19,52,0,2026-11-05,12,400,104,9000,Diesel,Auto,Blue,0,0,,0,0,0,1,1,0,1,295/80R22.5,295/80R22.5,2023-06-08,2027-12-16,295/80R22.5,
SA24BVV,Exeter,18 Tonne,Rigid Truck,Sample Commercial,Rigid 18T,Lease,Delivery Fleet,Illustration Rentals,2024,Active,2024-03-19,24,549,0,204000,KM,2026-10-22,6,2026-12-17,52,0,2026-10-22,12,250,104,9000,Diesel,Auto,White,0,1,FleetExample,1,0,1,1,1,0,0,295/80R22.5,295/80R22.5,2024-03-19,2027-08-19,295/80R22.5,
SA22GKH,Exeter,18 Tonne,Rigid Truck,Sample Commercial,Rigid 18T,Lease,Delivery Fleet,Example Fleet Partners,2022,Active,2022-12-08,24,472,0,183500,KM,2026-10-15,6,2027-04-01,52,0,2026-11-26,12,0,104,9000,Diesel,Auto,White / Sample Branding,0,1,DemoTrack,1,0,0,1,1,1,1,295/80R22.5,295/80R22.5,2022-12-08,2027-10-28,295/80R22.5,
SA23KXY,Exeter,18 Tonne,Rigid Truck,Sample Commercial,Rigid 18T,Hire,Delivery Fleet,Sample Leasing Ltd,2023,Active,2023-07-03,0,0,650,101250,KM,2026-10-29,6,2026-11-19,52,0,2026-12-10,12,150,104,9000,Diesel,Auto,White / Sample Branding,1,0,,1,0,1,1,0,0,1,295/80R22.5,295/80R22.5,2023-07-03,2026-11-19,295/80R22.5,
SA24SGK,Exeter,18 Tonne,Rigid Truck,Sample Commercial,Rigid 18T,Lease,Delivery Fleet,Example Fleet Partners,2024,Active,2024-08-17,36,473,0,217000,KM,2026-11-05,6,2027-02-18,52,0,2026-12-17,12,400,104,9000,Diesel,Auto,Green / Sample Branding,1,1,FleetExample,0,0,1,1,0,1,1,295/80R22.5,295/80R22.5,2024-08-17,2028-05-18,295/80R22.5,
SA25VWR,Exeter,18 Tonne,Rigid Truck,Sample Commercial,Rigid 18T,Owned,Delivery Fleet,,2025,Active,2025-09-02,0,0,0,208750,KM,2026-10-22,6,2027-03-04,52,0,2026-10-15,12,250,104,9000,Diesel,Auto,Silver,1,1,DemoTrack,0,0,1,0,1,0,1,295/80R22.5,295/80R22.5,2025-09-02,2026-05-21,295/80R22.5,
SA19UUP,Exeter,18 Tonne,Rigid Truck,Sample Commercial,Rigid 18T,Lease,Delivery Fleet,Illustration Rentals,2019,Active,2019-02-16,48,209,0,173250,KM,2026-10-08,6,2025-11-27,52,0,2026-12-17,12,400,104,9000,Diesel,Auto,Green / Sample Branding,1,1,FleetExample,1,0,0,1,0,0,1,295/80R22.5,295/80R22.5,2019-02-16,2026-12-17,295/80R22.5,
SA23GVU,Exeter,18 Tonne,Rigid Truck,Sample Commercial,Rigid 18T,Lease,Delivery Fleet,Example Fleet Partners,2023,Active,2023-08-12,36,187,0,51500,KM,2026-10-08,6,2026-11-12,52,0,2026-10-01,12,0,104,9000,Diesel,Auto,Blue,0,1,DemoTrack,0,0,1,0,1,0,1,295/80R22.5,295/80R22.5,2023-08-12,2027-03-04,295/80R22.5,
SA19NLA,Exeter,18 Tonne,Rigid Truck,Sample Commercial,Rigid 18T,Hire,Delivery Fleet,Demo Hire Services,2019,Active,2019-11-18,0,0,145,152250,KM,2026-10-22,6,2026-10-08,52,0,2026-12-03,12,0,104,9000,Diesel,Auto,White,0,1,SampleConnect,0,0,0,1,0,0,0,295/80R22.5,295/80R22.5,2019-11-18,2028-05-18,295/80R22.5,
SA23ALA,Exeter,18 Tonne,Rigid Truck,Sample Commercial,Rigid 18T,Owned,Delivery Fleet,,2023,Active,2023-04-25,0,0,0,155250,KM,2026-10-08,6,2026-10-22,52,0,2026-10-15,12,250,104,9000,Diesel,Auto,Blue,1,0,,0,0,1,0,0,0,1,295/80R22.5,295/80R22.5,2023-04-25,2027-08-19,295/80R22.5,
SA19OYK,Exeter,18 Tonne,Rigid Truck,Sample Commercial,Rigid 18T,Lease,Delivery Fleet,Illustration Rentals,2019,Active,2019-01-25,36,213,0,65500,KM,2026-10-22,6,2027-07-22,52,0,2026-11-26,12,150,104,9000,Diesel,Auto,White / Sample Branding,1,0,,1,0,0,1,0,0,0,295/80R22.5,295/80R22.5,2019-01-25,2028-01-06,295/80R22.5,
SA24KOK,Coventry,18 Tonne,Rigid Truck,Sample Commercial,Rigid 18T,Owned,Delivery Fleet,,2024,Active,2024-12-11,0,0,0,82250,KM,2026-10-01,6,2027-05-20,52,0,2026-11-26,12,250,104,9000,Diesel,Auto,Blue,1,1,FleetExample,0,0,0,0,1,0,1,295/80R22.5,295/80R22.5,2024-12-11,2027-01-28,295/80R22.5,
SA22YJZ,Coventry,18 Tonne,Rigid Truck,Sample Commercial,Rigid 18T,Lease,Delivery Fleet,Example Fleet Partners,2022,Active,2022-01-07,24,510,0,168500,KM,2026-11-05,6,2027-07-08,52,0,2026-07-09,12,0,104,9000,Diesel,Auto,Blue,1,0,,0,0,0,1,1,0,1,295/80R22.5,295/80R22.5,2022-01-07,2028-02-10,295/80R22.5,
SA22BHS,Coventry,18 Tonne,Rigid Truck,Sample Commercial,Rigid 18T,Hire,Delivery Fleet,Example Fleet Partners,2022,Active,2022-05-03,0,0,650,117000,KM,2026-09-10,6,2027-08-05,52,0,2026-12-10,12,400,104,9000,Diesel,Auto,White / Sample Branding,0,1,SampleConnect,1,0,0,1,0,0,1,295/80R22.5,295/80R22.5,2022-05-03,2028-02-03,295/80R22.5,
SA24SEK,Coventry,18 Tonne,Rigid Truck,Sample Commercial,Rigid 18T,Owned,Delivery Fleet,,2024,Active,2024-08-20,0,0,0,73500,KM,2026-10-29,6,2027-03-04,52,0,2026-10-29,12,250,104,9000,Diesel,Auto,White / Sample Branding,1,0,,1,0,0,0,0,0,1,295/80R22.5,295/80R22.5,2024-08-20,2026-12-31,295/80R22.5,
SA22XYU,Coventry,18 Tonne,Rigid Truck,Sample Commercial,Rigid 18T,Owned,Delivery Fleet,,2022,Active,2022-12-13,0,0,0,124750,KM,2026-10-22,6,2027-01-21,52,0,2026-12-03,12,150,104,9000,Diesel,Auto,White / Sample Branding,1,0,,1,0,1,1,0,0,1,295/80R22.5,295/80R22.5,2022-12-13,2027-04-22,295/80R22.5,
SA24TRA,Coventry,18 Tonne,Rigid Truck,Sample Commercial,Rigid 18T,Hire,Delivery Fleet,Sample Leasing Ltd,2024,Active,2024-11-13,0,0,650,137250,KM,2026-10-01,6,2026-10-15,52,0,2026-11-05,12,150,104,9000,Diesel,Auto,Silver,1,0,,0,0,0,0,1,1,1,295/80R22.5,295/80R22.5,2024-11-13,2028-03-23,295/80R22.5,
SA20EMJ,Coventry,18 Tonne,Rigid Truck,Sample Commercial,Rigid 18T,Hire,Delivery Fleet,Demo Hire Services,2020,Active,2020-10-06,0,0,650,49500,KM,2026-10-01,6,2027-09-02,52,0,2026-11-12,12,150,104,9000,Diesel,Auto,Blue,1,0,,1,0,0,0,1,0,1,295/80R22.5,295/80R22.5,2020-10-06,2027-07-15,295/80R22.5,
SA22XTZ,Coventry,18 Tonne,Rigid Truck,Sample Commercial,Rigid 18T,Lease,Delivery Fleet,Illustration Rentals,2022,Active,2022-02-05,24,218,0,36250,KM,2026-10-08,6,2027-06-10,52,0,2026-12-17,12,250,104,9000,Diesel,Auto,Silver,0,0,,1,0,1,0,1,1,0,295/80R22.5,295/80R22.5,2022-02-05,2028-09-21,295/80R22.5,
SA25JMV,Coventry,18 Tonne,Rigid Truck,Sample Commercial,Rigid 18T,Lease,Delivery Fleet,Example Fleet Partners,2025,Active,2025-06-05,24,385,0,40750,KM,2026-10-15,6,2027-02-18,52,0,2026-12-10,12,0,104,9000,Diesel,Auto,White,0,1,SampleConnect,1,0,1,1,1,0,1,295/80R22.5,295/80R22.5,2025-06-05,2026-11-19,295/80R22.5,
SA23OFT,Coventry,18 Tonne,Rigid Truck,Sample Commercial,Rigid 18T,Owned,Delivery Fleet,,2023,Active,2023-08-13,0,0,0,150500,KM,2026-10-29,6,2026-10-22,52,0,2026-10-15,12,250,104,9000,Diesel,Auto,White / Sample Branding,0,0,,0,0,1,1,0,1,0,295/80R22.5,295/80R22.5,2023-08-13,2028-03-16,295/80R22.5,
SA24MFS,Coventry,18 Tonne,Rigid Truck,Sample Commercial,Rigid 18T,Lease,Delivery Fleet,Example Fleet Partners,2024,Active,2024-10-04,36,320,0,177500,KM,2026-11-05,6,2027-02-04,52,0,2026-12-10,12,650,104,9000,Diesel,Auto,Blue,1,0,,0,0,0,1,1,1,0,295/80R22.5,295/80R22.5,2024-10-04,2028-03-16,295/80R22.5,
SA24NEL,Potters-Bar,18 Tonne,Rigid Truck,Sample Commercial,Rigid 18T,Lease,Delivery Fleet,Illustration Rentals,2024,Active,2024-05-23,48,201,0,94250,KM,2026-10-01,6,2027-02-04,52,0,2026-11-19,12,250,104,9000,Diesel,Auto,Green / Sample Branding,0,1,FleetExample,0,0,1,0,1,0,1,295/80R22.5,295/80R22.5,2024-05-23,2028-08-24,295/80R22.5,
SA21ERL,Potters-Bar,18 Tonne,Rigid Truck,Sample Commercial,Rigid 18T,Hire,Delivery Fleet,Sample Leasing Ltd,2021,Active,2021-04-23,0,0,145,183250,KM,2026-10-08,6,2027-02-11,52,0,2026-10-29,12,0,104,9000,Diesel,Auto,Blue,0,0,,0,0,1,1,0,0,1,295/80R22.5,295/80R22.5,2021-04-23,2027-04-15,295/80R22.5,
SA25UXF,Potters-Bar,18 Tonne,Rigid Truck,Sample Commercial,Rigid 18T,Owned,Delivery Fleet,,2025,Active,2025-11-11,0,0,0,37500,KM,2026-10-29,6,2027-03-04,52,0,2026-11-26,12,150,104,9000,Diesel,Auto,White / Sample Branding,1,1,FleetExample,1,0,1,1,0,0,1,295/80R22.5,295/80R22.5,2025-11-11,2028-04-20,295/80R22.5,
SA25BTB,Potters-Bar,18 Tonne,Rigid Truck,Sample Commercial,Rigid 18T,Owned,Delivery Fleet,,2025,Active,2025-09-17,0,0,0,206500,KM,2026-10-22,6,2027-03-11,52,0,2026-10-22,12,650,104,9000,Diesel,Auto,Blue,1,0,,0,0,0,1,0,0,1,295/80R22.5,295/80R22.5,2025-09-17,2025-05-22,295/80R22.5,
SA20YDC,Potters-Bar,18 Tonne,Rigid Truck,Sample Commercial,Rigid 18T,Owned,Delivery Fleet,,2020,Active,2020-01-10,0,0,0,90250,KM,2026-11-05,6,2026-03-26,52,0,2026-11-26,12,250,104,9000,Diesel,Auto,Green / Sample Branding,1,1,DemoTrack,0,0,1,1,0,0,1,295/80R22.5,295/80R22.5,2020-01-10,2027-02-25,295/80R22.5,
SA19EXF,Potters-Bar,18 Tonne,Rigid Truck,Sample Commercial,Rigid 18T,Lease,Delivery Fleet,Demo Hire Services,2019,Active,2019-08-06,24,392,0,234500,KM,2026-11-05,6,2026-10-15,52,0,2026-12-03,12,0,104,9000,Diesel,Auto,White / Sample Branding,1,1,FleetExample,0,0,0,1,1,0,0,295/80R22.5,295/80R22.5,2019-08-06,2027-04-22,295/80R22.5,
SA25CLX,Potters-Bar,18 Tonne,Rigid Truck,Sample Commercial,Rigid 18T,Owned,Delivery Fleet,,2025,Active,2025-07-21,0,0,0,145500,KM,2026-10-22,6,2027-07-29,52,0,2026-10-29,12,150,104,9000,Diesel,Auto,Green / Sample Branding,1,0,,0,0,1,0,1,1,1,295/80R22.5,295/80R22.5,2025-07-21,2026-10-08,295/80R22.5,
SA22PGP,Potters-Bar,18 Tonne,Rigid Truck,Sample Commercial,Rigid 18T,Owned,Delivery Fleet,,2022,Active,2022-08-13,0,0,0,97000,KM,2026-10-15,6,2027-06-24,52,0,2026-12-03,12,0,104,9000,Diesel,Auto,Blue,0,0,,0,0,1,1,0,0,1,295/80R22.5,295/80R22.5,2022-08-13,2027-07-08,295/80R22.5,
SA21KZG,Potters-Bar,18 Tonne,Rigid Truck,Sample Commercial,Rigid 18T,Lease,Delivery Fleet,Sample Leasing Ltd,2021,Active,2021-11-25,60,471,0,85500,KM,2026-11-05,6,2027-06-17,52,0,2026-12-10,12,0,104,9000,Diesel,Auto,White,0,0,,1,0,0,1,0,1,0,295/80R22.5,295/80R22.5,2021-11-25,2028-04-20,295/80R22.5,
SA19TOJ,Potters-Bar,18 Tonne,Rigid Truck,Sample Commercial,Rigid 18T,Lease,Delivery Fleet,Illustration Rentals,2019,Active,2019-10-21,24,411,0,53000,KM,2026-10-01,6,2026-11-19,52,0,2026-11-26,12,0,104,9000,Diesel,Auto,Green / Sample Branding,0,0,,0,0,1,0,1,0,1,295/80R22.5,295/80R22.5,2019-10-21,2026-12-10,295/80R22.5,
SA21ZLW,Potters-Bar,18 Tonne,Rigid Truck,Sample Commercial,Rigid 18T,Hire,Delivery Fleet,Sample Leasing Ltd,2021,Active,2021-09-26,0,0,145,206000,KM,2026-10-01,6,2027-04-29,52,0,2026-09-10,12,250,104,9000,Diesel,Auto,Green / Sample Branding,1,1,DemoTrack,0,0,1,1,0,1,1,295/80R22.5,295/80R22.5,2021-09-26,2028-04-06,295/80R22.5,
SA23TER,Gravesend,18 Tonne,Rigid Truck,Sample Commercial,Rigid 18T,Hire,Delivery Fleet,Example Fleet Partners,2023,Active,2023-03-13,0,0,145,17000,KM,2026-09-17,6,2027-06-24,52,0,2026-12-10,12,400,104,9000,Diesel,Auto,White,1,0,,0,0,0,1,0,0,1,295/80R22.5,295/80R22.5,2023-03-13,2028-02-17,295/80R22.5,
SA24GBN,Gravesend,18 Tonne,Rigid Truck,Sample Commercial,Rigid 18T,Hire,Delivery Fleet,Example Fleet Partners,2024,Active,2024-05-21,0,0,145,222250,KM,2026-10-22,6,2027-03-25,52,0,2026-10-22,12,150,104,9000,Diesel,Auto,Silver,0,0,,0,0,1,1,1,1,1,295/80R22.5,295/80R22.5,2024-05-21,2027-11-11,295/80R22.5,
SA19YVJ,Gravesend,18 Tonne,Rigid Truck,Sample Commercial,Rigid 18T,Owned,Delivery Fleet,,2019,Active,2019-07-17,0,0,0,168500,KM,2026-10-08,6,2026-12-31,52,0,2026-10-29,12,650,104,9000,Diesel,Auto,Green / Sample Branding,1,0,,1,0,0,1,0,0,1,295/80R22.5,295/80R22.5,2019-07-17,2027-05-13,295/80R22.5,
SA24PTO,Gravesend,18 Tonne,Rigid Truck,Sample Commercial,Rigid 18T,Lease,Delivery Fleet,Demo Hire Services,2024,Active,2024-05-16,60,239,0,18750,KM,2026-10-15,6,2026-10-22,52,0,2026-10-29,12,650,104,9000,Diesel,Auto,White / Sample Branding,1,0,,0,0,0,1,1,0,1,295/80R22.5,295/80R22.5,2024-05-16,2027-08-26,295/80R22.5,
SA22SAD,Gravesend,18 Tonne,Rigid Truck,Sample Commercial,Rigid 18T,Owned,Delivery Fleet,,2022,Active,2022-03-17,0,0,0,102250,KM,2026-10-01,6,2027-07-22,52,0,2026-11-19,12,250,104,9000,Diesel,Auto,Silver,1,0,,0,0,0,1,1,1,1,295/80R22.5,295/80R22.5,2022-03-17,2027-12-02,295/80R22.5,
SA20LGB,Gravesend,18 Tonne,Rigid Truck,Sample Commercial,Rigid 18T,Hire,Delivery Fleet,Example Fleet Partners,2020,VOR,2020-07-07,0,0,650,55000,KM,2026-10-29,6,2026-11-12,52,0,2026-11-26,12,400,104,9000,Diesel,Auto,White / Sample Branding,1,1,FleetExample,0,0,0,1,0,0,1,295/80R22.5,295/80R22.5,2020-07-07,2028-02-10,295/80R22.5,
SA22DNE,Gravesend,18 Tonne,Rigid Truck,Sample Commercial,Rigid 18T,Lease,Delivery Fleet,Sample Leasing Ltd,2022,Active,2022-10-04,60,298,0,87750,KM,2026-10-15,6,2026-10-29,52,0,2026-11-26,12,150,104,9000,Diesel,Auto,White,0,1,SampleConnect,0,0,1,1,1,0,1,295/80R22.5,295/80R22.5,2022-10-04,2028-01-06,295/80R22.5,
SA24OLT,Gravesend,18 Tonne,Rigid Truck,Sample Commercial,Rigid 18T,Hire,Delivery Fleet,Example Fleet Partners,2024,Active,2024-10-12,0,0,145,190250,KM,2026-10-08,6,2027-01-21,52,0,2026-10-15,12,400,104,9000,Diesel,Auto,Blue,1,0,,1,0,1,1,1,0,1,295/80R22.5,295/80R22.5,2024-10-12,2028-04-06,295/80R22.5,
SA19JZN,Gravesend,18 Tonne,Rigid Truck,Sample Commercial,Rigid 18T,Owned,Delivery Fleet,,2019,Active,2019-06-17,0,0,0,187750,KM,2026-10-22,6,2027-07-15,52,0,2026-12-10,12,0,104,9000,Diesel,Auto,Blue,1,0,,0,0,0,1,1,0,0,295/80R22.5,295/80R22.5,2019-06-17,2027-04-22,295/80R22.5,
SA22MOL,Gravesend,18 Tonne,Rigid Truck,Sample Commercial,Rigid 18T,Lease,Delivery Fleet,Illustration Rentals,2022,Active,2022-11-03,36,503,0,33000,KM,2026-10-15,6,2027-06-10,52,0,2026-12-17,12,400,104,9000,Diesel,Auto,Silver,0,0,,0,0,1,1,0,0,1,295/80R22.5,295/80R22.5,2022-11-03,2027-05-13,295/80R22.5,
SA25MPS,Gravesend,18 Tonne,Rigid Truck,Sample Commercial,Rigid 18T,Hire,Delivery Fleet,Sample Leasing Ltd,2025,Active,2025-06-11,0,0,145,187000,KM,2026-10-01,6,2026-10-08,52,0,2026-12-10,12,250,104,9000,Diesel,Auto,Silver,1,1,SampleConnect,0,0,1,1,1,1,1,295/80R22.5,295/80R22.5,2025-06-11,2027-07-01,295/80R22.5,
SA23OPY,Yaxley,18 Tonne,Rigid Truck,Sample Commercial,Rigid 18T,Hire,Delivery Fleet,Example Fleet Partners,2023,Active,2023-01-12,0,0,650,237750,KM,2026-10-29,6,2027-04-15,52,0,2026-10-15,12,400,104,9000,Diesel,Auto,Blue,0,1,SampleConnect,1,0,1,1,0,1,0,295/80R22.5,295/80R22.5,2023-01-12,2028-09-21,295/80R22.5,
SA20ATG,Yaxley,18 Tonne,Rigid Truck,Sample Commercial,Rigid 18T,Lease,Delivery Fleet,Sample Leasing Ltd,2020,Active,2020-07-03,24,230,0,186000,KM,2026-10-29,6,2026-12-17,52,0,2026-12-17,12,650,104,9000,Diesel,Auto,White,0,1,SampleConnect,1,0,1,1,1,0,1,295/80R22.5,295/80R22.5,2020-07-03,2026-05-14,295/80R22.5,
SA23MME,Yaxley,18 Tonne,Rigid Truck,Sample Commercial,Rigid 18T,Hire,Delivery Fleet,Illustration Rentals,2023,Active,2023-09-12,0,0,650,114750,KM,2026-10-15,6,2025-12-25,52,0,2026-10-22,12,0,104,9000,Diesel,Auto,Silver,1,1,DemoTrack,0,0,0,1,0,0,0,295/80R22.5,295/80R22.5,2023-09-12,2028-06-29,295/80R22.5,
SA21TSL,Yaxley,18 Tonne,Rigid Truck,Sample Commercial,Rigid 18T,Owned,Delivery Fleet,,2021,Active,2021-02-28,0,0,0,143500,KM,2026-10-22,6,2027-01-21,52,0,2026-10-08,12,400,104,9000,Diesel,Auto,Green / Sample Branding,1,1,DemoTrack,1,0,1,1,0,1,1,295/80R22.5,295/80R22.5,2021-02-28,2027-09-09,295/80R22.5,
SA21FDE,Yaxley,18 Tonne,Rigid Truck,Sample Commercial,Rigid 18T,Lease,Delivery Fleet,Demo Hire Services,2021,Active,2021-02-11,48,237,0,233750,KM,2026-10-15,6,2027-01-21,52,0,2026-12-17,12,0,104,9000,Diesel,Auto,Blue,0,1,SampleConnect,0,0,0,1,0,0,1,295/80R22.5,295/80R22.5,2021-02-11,2027-02-04,295/80R22.5,
SA25LMC,Yaxley,18 Tonne,Rigid Truck,Sample Commercial,Rigid 18T,Owned,Delivery Fleet,,2025,Active,2025-06-21,0,0,0,229750,KM,2026-11-05,6,2026-10-01,52,0,2026-12-17,12,150,104,9000,Diesel,Auto,Blue,0,1,FleetExample,0,0,1,1,1,0,1,295/80R22.5,295/80R22.5,2025-06-21,2028-02-17,295/80R22.5,
SA20HEP,Yaxley,18 Tonne,Rigid Truck,Sample Commercial,Rigid 18T,Owned,Delivery Fleet,,2020,Active,2020-11-16,0,0,0,140500,KM,2026-10-01,6,2027-07-22,52,0,2026-12-10,12,400,104,9000,Diesel,Auto,Silver,0,1,FleetExample,1,0,0,1,0,1,1,295/80R22.5,295/80R22.5,2020-11-16,2027-12-09,295/80R22.5,
SA24BEW,Yaxley,18 Tonne,Rigid Truck,Sample Commercial,Rigid 18T,Lease,Delivery Fleet,Illustration Rentals,2024,Active,2024-02-12,60,405,0,87250,KM,2026-10-01,6,2027-06-03,52,0,2026-12-17,12,650,104,9000,Diesel,Auto,White / Sample Branding,0,0,,1,0,1,1,0,1,1,295/80R22.5,295/80R22.5,2024-02-12,2028-06-01,295/80R22.5,
SA22FUD,Yaxley,18 Tonne,Rigid Truck,Sample Commercial,Rigid 18T,Hire,Delivery Fleet,Demo Hire Services,2022,Active,2022-08-20,0,0,145,129500,KM,2026-10-22,6,2027-04-15,52,0,2026-08-27,12,650,104,9000,Diesel,Auto,White / Sample Branding,1,0,,0,0,1,1,1,0,1,295/80R22.5,295/80R22.5,2022-08-20,2027-11-18,295/80R22.5,
SA19XKR,Yaxley,18 Tonne,Rigid Truck,Sample Commercial,Rigid 18T,Hire,Delivery Fleet,Illustration Rentals,2019,VOR,2019-02-07,0,0,145,121000,KM,2026-09-17,6,2027-01-21,52,0,2026-11-05,12,400,104,9000,Diesel,Auto,Silver,0,1,FleetExample,1,0,1,0,1,1,1,295/80R22.5,295/80R22.5,2019-02-07,2028-01-27,295/80R22.5,
SA20CLC,Luton,18 Tonne,Rigid Truck,Sample Commercial,Rigid 18T,Owned,Delivery Fleet,,2020,Active,2020-03-25,0,0,0,219250,KM,2026-10-15,6,2027-04-22,52,0,2026-11-19,12,650,104,9000,Diesel,Auto,Silver,1,1,DemoTrack,1,0,0,1,1,0,1,295/80R22.5,295/80R22.5,2020-03-25,2027-09-02,295/80R22.5,
SA21YYZ,Luton,18 Tonne,Rigid Truck,Sample Commercial,Rigid 18T,Owned,Delivery Fleet,,2021,Active,2021-10-04,0,0,0,64250,KM,2026-10-29,6,2027-09-16,52,0,2026-11-12,12,250,104,9000,Diesel,Auto,White,1,0,,0,0,1,1,1,1,1,295/80R22.5,295/80R22.5,2021-10-04,2027-03-11,295/80R22.5,
SA20PTN,Luton,18 Tonne,Rigid Truck,Sample Commercial,Rigid 18T,Owned,Delivery Fleet,,2020,Active,2020-06-05,0,0,0,77500,KM,2026-11-05,6,2027-04-15,52,0,2026-12-03,12,150,104,9000,Diesel,Auto,White / Sample Branding,1,1,DemoTrack,0,0,0,0,1,0,0,295/80R22.5,295/80R22.5,2020-06-05,2027-05-20,295/80R22.5,
SA19ZVG,Luton,18 Tonne,Rigid Truck,Sample Commercial,Rigid 18T,Lease,Delivery Fleet,Sample Leasing Ltd,2019,Active,2019-07-15,48,196,0,58250,KM,2026-10-01,6,2027-07-08,52,0,2026-11-19,12,0,104,9000,Diesel,Auto,Silver,1,1,FleetExample,1,0,0,1,1,1,0,295/80R22.5,295/80R22.5,2019-07-15,2027-03-04,295/80R22.5,
SA23DMW,Luton,18 Tonne,Rigid Truck,Sample Commercial,Rigid 18T,Hire,Delivery Fleet,Example Fleet Partners,2023,Active,2023-05-18,0,0,650,233000,KM,2026-10-29,6,2027-08-19,52,0,2026-10-08,12,400,104,9000,Diesel,Auto,Blue,1,0,,0,0,1,1,0,1,0,295/80R22.5,295/80R22.5,2023-05-18,2028-05-04,295/80R22.5,
SA25NDT,Luton,18 Tonne,Rigid Truck,Sample Commercial,Rigid 18T,Lease,Delivery Fleet,Sample Leasing Ltd,2025,Active,2025-04-03,36,354,0,203250,KM,2026-10-15,6,2027-06-03,52,0,2026-10-29,12,0,104,9000,Diesel,Auto,White / Sample Branding,0,0,,0,0,1,1,1,1,1,295/80R22.5,295/80R22.5,2025-04-03,2027-12-23,295/80R22.5,
SA19MLK,Luton,18 Tonne,Rigid Truck,Sample Commercial,Rigid 18T,Hire,Delivery Fleet,Illustration Rentals,2019,Active,2019-09-12,0,0,145,69500,KM,2026-10-01,6,2027-04-01,52,0,2026-10-22,12,250,104,9000,Diesel,Auto,White / Sample Branding,0,0,,1,0,0,1,0,0,0,295/80R22.5,295/80R22.5,2019-09-12,2027-05-13,295/80R22.5,
SA22DYV,Luton,18 Tonne,Rigid Truck,Sample Commercial,Rigid 18T,Lease,Delivery Fleet,Illustration Rentals,2022,Active,2022-04-26,60,484,0,223250,KM,2026-11-05,6,2027-06-24,52,0,2026-10-29,12,400,104,9000,Diesel,Auto,Blue,0,1,FleetExample,1,0,0,1,1,0,0,295/80R22.5,295/80R22.5,2022-04-26,2028-06-01,295/80R22.5,
SA25NUR,Luton,18 Tonne,Rigid Truck,Sample Commercial,Rigid 18T,Lease,Delivery Fleet,Example Fleet Partners,2025,Active,2025-12-06,36,240,0,207750,KM,2026-10-08,6,2026-12-31,52,0,2026-10-15,12,250,104,9000,Diesel,Auto,Blue,1,1,FleetExample,1,0,0,0,1,1,0,295/80R22.5,295/80R22.5,2025-12-06,2028-08-24,295/80R22.5,
SA23XJU,Luton,18 Tonne,Rigid Truck,Sample Commercial,Rigid 18T,Lease,Delivery Fleet,Example Fleet Partners,2023,Active,2023-04-13,36,316,0,44250,KM,2026-11-05,6,2027-05-13,52,0,2026-11-19,12,150,104,9000,Diesel,Auto,White,0,1,DemoTrack,0,0,1,1,1,1,1,295/80R22.5,295/80R22.5,2023-04-13,2027-03-25,295/80R22.5,
SA21XEB,Newport,18 Tonne,Rigid Truck,Sample Commercial,Rigid 18T,Owned,Delivery Fleet,,2021,VOR,2021-01-16,0,0,0,94250,KM,2026-11-05,6,2027-01-28,52,0,2026-10-08,12,150,104,9000,Diesel,Auto,White,1,1,FleetExample,0,0,1,1,0,0,0,295/80R22.5,295/80R22.5,2021-01-16,2027-08-05,295/80R22.5,
SA22FFM,Newport,18 Tonne,Rigid Truck,Sample Commercial,Rigid 18T,Owned,Delivery Fleet,,2022,Active,2022-08-09,0,0,0,191500,KM,2026-11-05,6,2027-01-21,52,0,2026-10-08,12,150,104,9000,Diesel,Auto,White,1,1,SampleConnect,0,0,1,1,1,1,1,295/80R22.5,295/80R22.5,2022-08-09,2025-01-23,295/80R22.5,
SA21EKH,Newport,18 Tonne,Rigid Truck,Sample Commercial,Rigid 18T,Lease,Delivery Fleet,Illustration Rentals,2021,Active,2021-02-17,24,449,0,202750,KM,2026-10-08,6,2026-09-10,52,0,2026-12-10,12,0,104,9000,Diesel,Auto,Blue,0,0,,1,0,1,0,1,0,0,295/80R22.5,295/80R22.5,2021-02-17,2028-03-30,295/80R22.5,
SA22ULC,Newport,18 Tonne,Rigid Truck,Sample Commercial,Rigid 18T,Hire,Delivery Fleet,Example Fleet Partners,2022,Active,2022-11-21,0,0,145,31000,KM,2026-10-15,6,2027-07-29,52,0,2026-12-03,12,250,104,9000,Diesel,Auto,White,1,1,DemoTrack,1,0,0,0,0,0,1,295/80R22.5,295/80R22.5,2022-11-21,2028-02-10,295/80R22.5,
SA24AVF,Newport,18 Tonne,Rigid Truck,Sample Commercial,Rigid 18T,Lease,Delivery Fleet,Illustration Rentals,2024,Active,2024-05-24,60,355,0,231750,KM,2026-10-08,6,2026-11-26,52,0,2026-12-03,12,0,104,9000,Diesel,Auto,Blue,1,1,FleetExample,0,0,1,1,1,0,0,295/80R22.5,295/80R22.5,2024-05-24,2027-05-20,295/80R22.5,
SA23SWN,Newport,18 Tonne,Rigid Truck,Sample Commercial,Rigid 18T,Hire,Delivery Fleet,Sample Leasing Ltd,2023,Active,2023-01-08,0,0,650,166500,KM,2026-10-08,6,2027-06-24,52,0,2026-12-10,12,0,104,9000,Diesel,Auto,Silver,0,1,DemoTrack,0,0,0,1,1,1,1,295/80R22.5,295/80R22.5,2023-01-08,2027-07-29,295/80R22.5,
SA23UCW,Newport,18 Tonne,Rigid Truck,Sample Commercial,Rigid 18T,Owned,Delivery Fleet,,2023,Active,2023-06-08,0,0,0,154250,KM,2026-10-08,6,2027-01-28,52,0,2026-10-22,12,250,104,9000,Diesel,Auto,Green / Sample Branding,1,0,,0,0,0,1,1,0,1,295/80R22.5,295/80R22.5,2023-06-08,2028-09-14,295/80R22.5,
SA23GLU,Newport,18 Tonne,Rigid Truck,Sample Commercial,Rigid 18T,Lease,Delivery Fleet,Demo Hire Services,2023,Active,2023-01-07,48,205,0,16250,KM,2026-10-15,6,2026-11-19,52,0,2026-11-12,12,0,104,9000,Diesel,Auto,Silver,0,1,SampleConnect,1,0,1,1,1,0,1,295/80R22.5,295/80R22.5,2023-01-07,2028-07-06,295/80R22.5,
SA24LHH,Newport,18 Tonne,Rigid Truck,Sample Commercial,Rigid 18T,Owned,Delivery Fleet,,2024,Active,2024-10-24,0,0,0,66000,KM,2026-10-22,6,2027-06-10,52,0,2026-07-09,12,150,104,9000,Diesel,Auto,Blue,1,1,FleetExample,1,0,0,1,0,1,0,295/80R22.5,295/80R22.5,2024-10-24,2028-05-25,295/80R22.5,
SA21DOM,Newport,18 Tonne,Rigid Truck,Sample Commercial,Rigid 18T,Owned,Delivery Fleet,,2021,VOR,2021-04-13,0,0,0,50250,KM,2026-09-17,6,2027-06-03,52,0,2026-10-08,12,400,104,9000,Diesel,Auto,Blue,1,0,,0,0,0,1,1,1,1,295/80R22.5,295/80R22.5,2021-04-13,2028-08-17,295/80R22.5,
SA20AGS,Spennymoor,18 Tonne,Rigid Truck,Sample Commercial,Rigid 18T,Lease,Delivery Fleet,Sample Leasing Ltd,2020,Active,2020-06-13,60,201,0,199750,KM,2026-10-22,6,2027-08-12,52,0,2026-10-29,12,0,104,9000,Diesel,Auto,Green / Sample Branding,0,1,DemoTrack,1,0,0,1,0,0,1,295/80R22.5,295/80R22.5,2020-06-13,2027-06-03,295/80R22.5,
SA20MVR,Spennymoor,18 Tonne,Rigid Truck,Sample Commercial,Rigid 18T,Lease,Delivery Fleet,Illustration Rentals,2020,Active,2020-04-23,60,416,0,150000,KM,2026-10-22,6,2026-12-31,52,0,2026-10-01,12,150,104,9000,Diesel,Auto,White,1,1,SampleConnect,0,0,1,1,1,1,0,295/80R22.5,295/80R22.5,2020-04-23,2027-04-01,295/80R22.5,
SA24GNS,Spennymoor,18 Tonne,Rigid Truck,Sample Commercial,Rigid 18T,Hire,Delivery Fleet,Demo Hire Services,2024,Active,2024-02-02,0,0,650,103500,KM,2026-10-15,6,2027-04-29,52,0,2026-12-03,12,150,104,9000,Diesel,Auto,Silver,1,1,FleetExample,1,0,0,1,1,1,1,295/80R22.5,295/80R22.5,2024-02-02,2028-02-10,295/80R22.5,
SA19PVX,Spennymoor,18 Tonne,Rigid Truck,Sample Commercial,Rigid 18T,Owned,Delivery Fleet,,2019,Active,2019-12-06,0,0,0,217000,KM,2026-10-01,6,2027-02-11,52,0,2026-10-29,12,250,104,9000,Diesel,Auto,Green / Sample Branding,0,1,FleetExample,0,0,1,1,0,0,0,295/80R22.5,295/80R22.5,2019-12-06,2026-10-08,295/80R22.5,
SA21FCG,Spennymoor,18 Tonne,Rigid Truck,Sample Commercial,Rigid 18T,Lease,Delivery Fleet,Example Fleet Partners,2021,Active,2021-01-13,48,402,0,185250,KM,2026-10-08,6,2027-07-08,52,0,2026-12-17,12,400,104,9000,Diesel,Auto,Blue,1,1,DemoTrack,0,0,0,0,1,0,0,295/80R22.5,295/80R22.5,2021-01-13,2027-03-18,295/80R22.5,
SA21FTL,Spennymoor,18 Tonne,Rigid Truck,Sample Commercial,Rigid 18T,Owned,Delivery Fleet,,2021,Active,2021-08-06,0,0,0,157000,KM,2026-10-22,6,2027-05-27,52,0,2026-11-12,12,250,104,9000,Diesel,Auto,White,0,1,FleetExample,1,0,0,1,1,0,1,295/80R22.5,295/80R22.5,2021-08-06,2027-06-10,295/80R22.5,
SA22XNK,Spennymoor,18 Tonne,Rigid Truck,Sample Commercial,Rigid 18T,Hire,Delivery Fleet,Example Fleet Partners,2022,Active,2022-08-27,0,0,145,9250,KM,2026-10-01,6,2027-09-02,52,0,2026-11-19,12,0,104,9000,Diesel,Auto,Green / Sample Branding,0,0,,1,0,1,1,1,0,1,295/80R22.5,295/80R22.5,2022-08-27,2027-08-05,295/80R22.5,
SA21JCW,Spennymoor,18 Tonne,Rigid Truck,Sample Commercial,Rigid 18T,Hire,Delivery Fleet,Example Fleet Partners,2021,Active,2021-06-17,0,0,145,130000,KM,2026-10-08,6,2027-08-26,52,0,2026-10-01,12,250,104,9000,Diesel,Auto,White / Sample Branding,0,1,DemoTrack,1,0,0,0,1,0,1,295/80R22.5,295/80R22.5,2021-06-17,2028-05-18,295/80R22.5,
SA25AYD,Spennymoor,18 Tonne,Rigid Truck,Sample Commercial,Rigid 18T,Owned,Delivery Fleet,,2025,Active,2025-02-05,0,0,0,149500,KM,2026-10-29,6,2027-02-18,52,0,2026-10-29,12,150,104,9000,Diesel,Auto,White,1,0,,0,0,1,1,0,1,1,295/80R22.5,295/80R22.5,2025-02-05,2027-03-18,295/80R22.5,
SA21PLX,Spennymoor,18 Tonne,Rigid Truck,Sample Commercial,Rigid 18T,Lease,Delivery Fleet,Illustration Rentals,2021,Active,2021-11-16,36,219,0,165250,KM,2026-10-29,6,2026-10-08,52,0,2026-11-12,12,650,104,9000,Diesel,Auto,White / Sample Branding,0,1,SampleConnect,1,0,0,1,1,1,1,295/80R22.5,295/80R22.5,2021-11-16,2027-07-15,295/80R22.5,
SA21VDP,Dundee,18 Tonne,Rigid Truck,Sample Commercial,Rigid 18T,Owned,Delivery Fleet,,2021,Active,2021-06-04,0,0,0,164500,KM,2026-10-15,6,2027-01-21,52,0,2026-12-10,12,650,104,9000,Diesel,Auto,Green / Sample Branding,0,1,FleetExample,0,0,0,1,0,1,0,295/80R22.5,295/80R22.5,2021-06-04,2026-10-08,295/80R22.5,
SA19PXJ,Dundee,18 Tonne,Rigid Truck,Sample Commercial,Rigid 18T,Lease,Delivery Fleet,Example Fleet Partners,2019,Active,2019-06-12,48,224,0,148250,KM,2026-10-01,6,2027-09-23,52,0,2026-10-08,12,150,104,9000,Diesel,Auto,White / Sample Branding,1,1,SampleConnect,0,0,1,1,0,0,1,295/80R22.5,295/80R22.5,2019-06-12,2026-01-29,295/80R22.5,
SA19ERR,Dundee,18 Tonne,Rigid Truck,Sample Commercial,Rigid 18T,Hire,Delivery Fleet,Illustration Rentals,2019,Active,2019-08-15,0,0,145,198500,KM,2026-10-08,6,2026-08-20,52,0,2026-10-29,12,150,104,9000,Diesel,Auto,Silver,1,0,,0,0,0,1,0,1,0,295/80R22.5,295/80R22.5,2019-08-15,2027-02-18,295/80R22.5,
SA25MCD,Dundee,18 Tonne,Rigid Truck,Sample Commercial,Rigid 18T,Owned,Delivery Fleet,,2025,Active,2025-11-13,0,0,0,145250,KM,2026-10-29,6,2027-04-01,52,0,2026-11-12,12,150,104,9000,Diesel,Auto,White,0,0,,1,0,1,0,1,0,1,295/80R22.5,295/80R22.5,2025-11-13,2026-11-26,295/80R22.5,
SA23BFC,Dundee,18 Tonne,Rigid Truck,Sample Commercial,Rigid 18T,Owned,Delivery Fleet,,2023,Active,2023-08-21,0,0,0,7000,KM,2026-10-08,6,2027-06-17,52,0,2026-12-03,12,250,104,9000,Diesel,Auto,Blue,1,1,SampleConnect,1,0,0,1,1,0,1,295/80R22.5,295/80R22.5,2023-08-21,2028-01-13,295/80R22.5,
SA20ENJ,Dundee,18 Tonne,Rigid Truck,Sample Commercial,Rigid 18T,Lease,Delivery Fleet,Illustration Rentals,2020,Active,2020-05-26,60,240,0,188000,KM,2026-10-08,6,2027-06-03,52,0,2026-10-15,12,0,104,9000,Diesel,Auto,Green / Sample Branding,0,0,,0,0,1,0,1,0,0,295/80R22.5,295/80R22.5,2020-05-26,2027-09-02,295/80R22.5,
SA24GLE,Dundee,18 Tonne,Rigid Truck,Sample Commercial,Rigid 18T,Lease,Delivery Fleet,Demo Hire Services,2024,Active,2024-05-07,24,518,0,221500,KM,2026-10-08,6,2027-07-01,52,0,2026-11-05,12,250,104,9000,Diesel,Auto,White / Sample Branding,1,1,SampleConnect,1,0,0,1,1,0,1,295/80R22.5,295/80R22.5,2024-05-07,2027-08-12,295/80R22.5,
SA23XPJ,Dundee,18 Tonne,Rigid Truck,Sample Commercial,Rigid 18T,Hire,Delivery Fleet,Example Fleet Partners,2023,VOR,2023-04-08,0,0,145,114250,KM,2026-10-15,6,2027-01-07,52,0,2026-10-29,12,650,104,9000,Diesel,Auto,Blue,0,1,SampleConnect,0,0,0,1,1,1,0,295/80R22.5,295/80R22.5,2023-04-08,2027-06-24,295/80R22.5,
SA23HRO,Dundee,18 Tonne,Rigid Truck,Sample Commercial,Rigid 18T,Owned,Delivery Fleet,,2023,Active,2023-06-02,0,0,0,85250,KM,2026-11-05,6,2027-09-16,52,0,2026-07-09,12,0,104,9000,Diesel,Auto,White / Sample Branding,1,0,,0,0,1,0,1,1,1,295/80R22.5,295/80R22.5,2023-06-02,2027-05-27,295/80R22.5,
SA23MCX,Crawley,18 Tonne,Rigid Truck,Sample Commercial,Rigid 18T,Lease,Delivery Fleet,Example Fleet Partners,2023,Active,2023-08-09,24,270,0,51500,KM,2026-09-17,6,2027-01-14,52,0,2026-10-08,12,0,104,9000,Diesel,Auto,Silver,0,1,FleetExample,0,0,0,1,0,1,0,295/80R22.5,295/80R22.5,2023-08-09,2027-12-23,295/80R22.5,
SA24COE,Crawley,18 Tonne,Rigid Truck,Sample Commercial,Rigid 18T,Owned,Delivery Fleet,,2024,Active,2024-11-28,0,0,0,185750,KM,2026-10-15,6,2027-02-11,52,0,2026-11-05,12,0,104,9000,Diesel,Auto,White / Sample Branding,0,1,FleetExample,0,0,1,1,1,0,1,295/80R22.5,295/80R22.5,2024-11-28,2028-05-04,295/80R22.5,
SA23RVC,Crawley,18 Tonne,Rigid Truck,Sample Commercial,Rigid 18T,Lease,Delivery Fleet,Sample Leasing Ltd,2023,Active,2023-04-12,24,335,0,49750,KM,2026-10-22,6,2027-04-15,52,0,2026-11-12,12,0,104,9000,Diesel,Auto,Green / Sample Branding,0,1,FleetExample,0,0,0,1,1,1,1,295/80R22.5,295/80R22.5,2023-04-12,2028-03-02,295/80R22.5,
SA25SCH,Crawley,18 Tonne,Rigid Truck,Sample Commercial,Rigid 18T,Lease,Delivery Fleet,Demo Hire Services,2025,Active,2025-01-22,48,317,0,88250,KM,2026-10-08,6,2027-03-25,52,0,2026-11-19,12,250,104,9000,Diesel,Auto,White / Sample Branding,1,1,SampleConnect,1,0,1,0,1,1,1,295/80R22.5,295/80R22.5,2025-01-22,2028-08-03,295/80R22.5,
SA22MSZ,Crawley,18 Tonne,Rigid Truck,Sample Commercial,Rigid 18T,Owned,Delivery Fleet,,2022,Active,2022-02-21,0,0,0,161250,KM,2026-10-22,6,2026-11-26,52,0,2026-11-26,12,250,104,9000,Diesel,Auto,Green / Sample Branding,0,1,DemoTrack,0,0,1,1,1,1,1,295/80R22.5,295/80R22.5,2022-02-21,2027-09-02,295/80R22.5,
SA21NSP,Crawley,18 Tonne,Rigid Truck,Sample Commercial,Rigid 18T,Hire,Delivery Fleet,Example Fleet Partners,2021,VOR,2021-05-09,0,0,145,213000,KM,2026-11-05,6,2027-07-01,52,0,2026-11-05,12,0,104,9000,Diesel,Auto,White,0,1,FleetExample,0,0,0,1,1,0,1,295/80R22.5,295/80R22.5,2021-05-09,2027-01-07,295/80R22.5,
SA19EWH,Crawley,18 Tonne,Rigid Truck,Sample Commercial,Rigid 18T,Hire,Delivery Fleet,Illustration Rentals,2019,Active,2019-07-07,0,0,650,9250,KM,2026-10-08,6,2026-11-05,52,0,2026-11-26,12,400,104,9000,Diesel,Auto,White,0,0,,0,0,1,1,0,0,0,295/80R22.5,295/80R22.5,2019-07-07,2028-02-10,295/80R22.5,
SA22YNN,Crawley,18 Tonne,Rigid Truck,Sample Commercial,Rigid 18T,Lease,Delivery Fleet,Illustration Rentals,2022,VOR,2022-06-16,60,376,0,57750,KM,2026-10-22,6,2027-04-29,52,0,2026-10-22,12,650,104,9000,Diesel,Auto,White / Sample Branding,0,0,,0,0,0,0,1,0,1,295/80R22.5,295/80R22.5,2022-06-16,2027-01-28,295/80R22.5,
SA23PKA,Heywood,18 Tonne,Rigid Truck,Sample Commercial,Rigid 18T,Owned,Delivery Fleet,,2023,Active,2023-08-21,0,0,0,42750,KM,2026-10-22,6,2026-11-26,52,0,2026-11-19,12,400,104,9000,Diesel,Auto,Silver,1,1,FleetExample,0,0,0,1,0,0,0,295/80R22.5,295/80R22.5,2023-08-21,2027-10-14,295/80R22.5,
SA23EAU,Heywood,18 Tonne,Rigid Truck,Sample Commercial,Rigid 18T,Hire,Delivery Fleet,Example Fleet Partners,2023,Active,2023-11-28,0,0,650,97750,KM,2026-11-05,6,2027-03-11,52,0,2026-11-12,12,400,104,9000,Diesel,Auto,White / Sample Branding,0,1,DemoTrack,0,0,0,0,0,0,1,295/80R22.5,295/80R22.5,2023-11-28,2027-09-02,295/80R22.5,
SA20NON,Heywood,18 Tonne,Rigid Truck,Sample Commercial,Rigid 18T,Hire,Delivery Fleet,Sample Leasing Ltd,2020,Active,2020-04-10,0,0,650,160000,KM,2026-10-29,6,2027-04-29,52,0,2026-11-05,12,250,104,9000,Diesel,Auto,Silver,1,0,,0,0,0,1,1,1,0,295/80R22.5,295/80R22.5,2020-04-10,2027-02-18,295/80R22.5,
SA21GLB,Heywood,18 Tonne,Rigid Truck,Sample Commercial,Rigid 18T,Lease,Delivery Fleet,Example Fleet Partners,2021,Active,2021-12-13,48,307,0,176750,KM,2026-10-29,6,2026-10-29,52,0,2026-10-15,12,400,104,9000,Diesel,Auto,Green / Sample Branding,1,0,,0,0,0,1,1,1,1,295/80R22.5,295/80R22.5,2021-12-13,2027-07-08,295/80R22.5,
SA21FTY,Heywood,18 Tonne,Rigid Truck,Sample Commercial,Rigid 18T,Lease,Delivery Fleet,Example Fleet Partners,2021,Active,2021-08-04,24,547,0,136750,KM,2026-10-15,6,2027-02-25,52,0,2026-11-05,12,150,104,9000,Diesel,Auto,White / Sample Branding,0,0,,0,0,1,1,1,0,1,295/80R22.5,295/80R22.5,2021-08-04,2025-02-27,295/80R22.5,
SA23ENV,Heywood,18 Tonne,Rigid Truck,Sample Commercial,Rigid 18T,Hire,Delivery Fleet,Illustration Rentals,2023,Active,2023-04-08,0,0,650,86750,KM,2026-10-15,6,2026-09-17,52,0,2026-12-03,12,400,104,9000,Diesel,Auto,Silver,1,0,,0,0,1,0,0,0,1,295/80R22.5,295/80R22.5,2023-04-08,2026-12-10,295/80R22.5,
SA24OWT,Heywood,18 Tonne,Rigid Truck,Sample Commercial,Rigid 18T,Lease,Delivery Fleet,Example Fleet Partners,2024,Active,2024-12-25,24,270,0,118250,KM,2026-10-15,6,2026-10-29,52,0,2026-10-29,12,400,104,9000,Diesel,Auto,White,1,1,SampleConnect,0,0,0,1,1,1,1,295/80R22.5,295/80R22.5,2024-12-25,2026-11-19,295/80R22.5,
SA22UPK,Heywood,18 Tonne,Rigid Truck,Sample Commercial,Rigid 18T,Lease,Delivery Fleet,Illustration Rentals,2022,Active,2022-11-18,48,362,0,7000,KM,2026-10-15,6,2027-02-18,52,0,2026-10-01,12,0,104,9000,Diesel,Auto,White / Sample Branding,1,0,,1,0,0,0,1,1,0,295/80R22.5,295/80R22.5,2022-11-18,2027-05-20,295/80R22.5,
SA19SVY,Larkhall,18 Tonne,Rigid Truck,Sample Commercial,Rigid 18T,Owned,Delivery Fleet,,2019,Active,2019-10-05,0,0,0,179000,KM,2026-10-08,6,2027-09-16,52,0,2026-12-03,12,150,104,9000,Diesel,Auto,Green / Sample Branding,1,1,SampleConnect,1,0,0,1,1,0,1,295/80R22.5,295/80R22.5,2019-10-05,2027-06-10,295/80R22.5,
SA22NUC,Larkhall,18 Tonne,Rigid Truck,Sample Commercial,Rigid 18T,Lease,Delivery Fleet,Sample Leasing Ltd,2022,Active,2022-02-25,48,436,0,201500,KM,2026-10-22,6,2027-07-08,52,0,2026-11-26,12,400,104,9000,Diesel,Auto,Green / Sample Branding,0,1,FleetExample,0,0,0,1,0,1,0,295/80R22.5,295/80R22.5,2022-02-25,2028-01-20,295/80R22.5,
SA24TVA,Larkhall,18 Tonne,Rigid Truck,Sample Commercial,Rigid 18T,Lease,Delivery Fleet,Sample Leasing Ltd,2024,Active,2024-09-01,48,273,0,109250,KM,2026-10-08,6,2027-07-08,52,0,2026-11-26,12,0,104,9000,Diesel,Auto,Green / Sample Branding,0,0,,0,0,0,1,0,1,0,295/80R22.5,295/80R22.5,2024-09-01,2027-03-18,295/80R22.5,
SA21EVZ,Larkhall,18 Tonne,Rigid Truck,Sample Commercial,Rigid 18T,Lease,Delivery Fleet,Sample Leasing Ltd,2021,Active,2021-05-06,24,279,0,220250,KM,2026-11-05,6,2027-02-25,52,0,2026-07-09,12,0,104,9000,Diesel,Auto,White / Sample Branding,1,1,FleetExample,0,0,1,1,1,1,1,295/80R22.5,295/80R22.5,2021-05-06,2028-08-17,295/80R22.5,
SA24BKV,Larkhall,18 Tonne,Rigid Truck,Sample Commercial,Rigid 18T,Lease,Delivery Fleet,Illustration Rentals,2024,VOR,2024-09-06,60,539,0,76250,KM,2026-09-17,6,2027-09-09,52,0,2026-10-29,12,400,104,9000,Diesel,Auto,White,0,1,DemoTrack,0,0,1,1,1,0,1,295/80R22.5,295/80R22.5,2024-09-06,2028-01-13,295/80R22.5,
SA20BEY,Larkhall,18 Tonne,Rigid Truck,Sample Commercial,Rigid 18T,Hire,Delivery Fleet,Demo Hire Services,2020,Active,2020-09-17,0,0,145,97250,KM,2026-10-01,6,2027-01-14,52,0,2026-12-10,12,0,104,9000,Diesel,Auto,Blue,1,1,DemoTrack,0,0,1,1,1,0,0,295/80R22.5,295/80R22.5,2020-09-17,2028-07-13,295/80R22.5,
SA19YXV,Larkhall,18 Tonne,Rigid Truck,Sample Commercial,Rigid 18T,Owned,Delivery Fleet,,2019,Active,2019-06-11,0,0,0,17750,KM,2026-10-15,6,2026-11-12,52,0,2026-11-19,12,250,104,9000,Diesel,Auto,Silver,0,1,DemoTrack,0,0,1,1,0,1,1,295/80R22.5,295/80R22.5,2019-06-11,2026-10-01,295/80R22.5,
SA20VUH,Basildon,18 Tonne,Rigid Truck,Sample Commercial,Rigid 18T,Owned,Delivery Fleet,,2020,Active,2020-11-10,0,0,0,120500,KM,2026-10-08,6,2027-01-07,52,0,2026-10-15,12,0,104,9000,Diesel,Auto,Green / Sample Branding,0,0,,0,0,0,1,0,1,1,295/80R22.5,295/80R22.5,2020-11-10,2028-06-01,295/80R22.5,
SA25LMD,Basildon,18 Tonne,Rigid Truck,Sample Commercial,Rigid 18T,Lease,Delivery Fleet,Illustration Rentals,2025,Active,2025-07-20,24,405,0,199500,KM,2026-10-22,6,2027-03-11,52,0,2026-12-17,12,250,104,9000,Diesel,Auto,Silver,1,0,,0,0,1,1,1,1,1,295/80R22.5,295/80R22.5,2025-07-20,2026-12-31,295/80R22.5,
SA25PEK,Basildon,18 Tonne,Rigid Truck,Sample Commercial,Rigid 18T,Owned,Delivery Fleet,,2025,Active,2025-07-01,0,0,0,43750,KM,2026-11-05,6,2027-06-03,52,0,2026-10-08,12,0,104,9000,Diesel,Auto,Blue,0,1,FleetExample,1,0,0,1,0,1,1,295/80R22.5,295/80R22.5,2025-07-01,2028-06-22,295/80R22.5,
SA25ZHN,Basildon,18 Tonne,Rigid Truck,Sample Commercial,Rigid 18T,Lease,Delivery Fleet,Example Fleet Partners,2025,Active,2025-11-21,24,438,0,113000,KM,2026-10-29,6,2027-09-16,52,0,2026-11-12,12,650,104,9000,Diesel,Auto,Blue,1,1,FleetExample,0,0,1,0,0,0,1,295/80R22.5,295/80R22.5,2025-11-21,2027-09-23,295/80R22.5,
SA19DJO,Basildon,18 Tonne,Rigid Truck,Sample Commercial,Rigid 18T,Lease,Delivery Fleet,Demo Hire Services,2019,Active,2019-08-15,48,551,0,166250,KM,2026-10-29,6,2027-05-27,52,0,2026-12-03,12,400,104,9000,Diesel,Auto,White,0,0,,0,0,1,1,1,1,1,295/80R22.5,295/80R22.5,2019-08-15,2027-08-12,295/80R22.5,
SA21ZCU,Basildon,18 Tonne,Rigid Truck,Sample Commercial,Rigid 18T,Owned,Delivery Fleet,,2021,Active,2021-08-02,0,0,0,217750,KM,2026-10-22,6,2027-07-01,52,0,2026-12-10,12,150,104,9000,Diesel,Auto,Blue,1,0,,1,0,0,1,0,1,1,295/80R22.5,295/80R22.5,2021-08-02,2027-06-24,295/80R22.5,
SA23UKX,Outside HDV Network,18 Tonne,Rigid Truck,Sample Commercial,Rigid 18T,Hire,Delivery Fleet,Demo Hire Services,2023,Active,2023-12-12,0,0,145,115500,KM,2026-10-15,6,2027-05-13,52,0,2026-10-01,12,150,104,9000,Diesel,Auto,Silver,1,1,SampleConnect,0,0,0,1,1,1,1,295/80R22.5,295/80R22.5,2023-12-12,2026-12-31,295/80R22.5,
SA20WMN,Outside HDV Network,18 Tonne,Rigid Truck,Sample Commercial,Rigid 18T,Hire,Delivery Fleet,Sample Leasing Ltd,2020,Active,2020-08-25,0,0,650,184500,KM,2026-10-15,6,2027-09-09,52,0,2026-10-08,12,650,104,9000,Diesel,Auto,White,1,0,,0,0,1,1,0,1,0,295/80R22.5,295/80R22.5,2020-08-25,2027-06-24,295/80R22.5,
SA24KCG,Outside HDV Network,18 Tonne,Rigid Truck,Sample Commercial,Rigid 18T,Hire,Delivery Fleet,Illustration Rentals,2024,Active,2024-06-27,0,0,650,162500,KM,2026-11-05,6,2027-05-06,52,0,2026-11-26,12,650,104,9000,Diesel,Auto,Silver,0,1,SampleConnect,0,0,1,1,1,1,0,295/80R22.5,295/80R22.5,2024-06-27,2028-02-17,295/80R22.5,
SA25FFS,Outside HDV Network,18 Tonne,Rigid Truck,Sample Commercial,Rigid 18T,Owned,Delivery Fleet,,2025,Active,2025-09-20,0,0,0,194750,KM,2026-10-01,6,2027-04-01,52,0,2026-11-12,12,650,104,9000,Diesel,Auto,White,0,1,FleetExample,1,0,1,1,0,1,1,295/80R22.5,295/80R22.5,2025-09-20,2026-05-14,295/80R22.5,
SA21PEF,Fareham,18 Tonne,Rigid Truck,Sample Commercial,Rigid 18T,Lease,Delivery Fleet,Example Fleet Partners,2021,Active,2021-05-20,36,440,0,227500,KM,2026-11-05,6,2026-05-28,52,0,2026-12-17,12,250,104,9000,Diesel,Auto,White,0,0,,0,0,0,1,1,0,1,295/80R22.5,295/80R22.5,2021-05-20,2027-04-22,295/80R22.5,
SA25OVW,Fareham,18 Tonne,Rigid Truck,Sample Commercial,Rigid 18T,Hire,Delivery Fleet,Sample Leasing Ltd,2025,Active,2025-09-06,0,0,650,141000,KM,2026-10-08,6,2027-08-12,52,0,2026-11-19,12,250,104,9000,Diesel,Auto,White,0,1,SampleConnect,0,0,1,0,0,1,1,295/80R22.5,295/80R22.5,2025-09-06,2026-10-01,295/80R22.5,
SA23DDN,Fareham,18 Tonne,Rigid Truck,Sample Commercial,Rigid 18T,Lease,Delivery Fleet,Demo Hire Services,2023,Active,2023-04-19,24,459,0,160250,KM,2026-10-22,6,2026-10-08,52,0,2026-10-08,12,0,104,9000,Diesel,Auto,White,0,1,SampleConnect,0,0,1,1,0,0,1,295/80R22.5,295/80R22.5,2023-04-19,2027-01-21,295/80R22.5,
SA19SJE,Fareham,18 Tonne,Rigid Truck,Sample Commercial,Rigid 18T,Lease,Delivery Fleet,Illustration Rentals,2019,Active,2019-12-27,48,537,0,192250,KM,2026-10-08,6,2026-10-22,52,0,2026-12-17,12,250,104,9000,Diesel,Auto,White,0,0,,0,0,1,1,0,0,1,295/80R22.5,295/80R22.5,2019-12-27,2027-08-05,295/80R22.5,
SA24RVO,Avonmouth,18 Tonne,Rigid Truck,Sample Commercial,Rigid 18T,Lease,Delivery Fleet,Example Fleet Partners,2024,Active,2024-12-11,24,544,0,39250,KM,2026-11-05,6,2027-08-19,52,0,2026-12-03,12,150,104,9000,Diesel,Auto,Green / Sample Branding,0,0,,1,0,1,1,1,0,1,295/80R22.5,295/80R22.5,2024-12-11,2027-05-13,295/80R22.5,
SA24VGC,Avonmouth,18 Tonne,Rigid Truck,Sample Commercial,Rigid 18T,Lease,Delivery Fleet,Example Fleet Partners,2024,VOR,2024-07-06,24,237,0,9250,KM,2026-10-01,6,2027-08-19,52,0,2026-10-29,12,400,104,9000,Diesel,Auto,Green / Sample Branding,0,1,SampleConnect,0,0,0,1,1,0,0,295/80R22.5,295/80R22.5,2024-07-06,2028-09-21,295/80R22.5,
SA25VME,Avonmouth,18 Tonne,Rigid Truck,Sample Commercial,Rigid 18T,Owned,Delivery Fleet,,2025,Active,2025-05-04,0,0,0,148250,KM,2026-11-05,6,2027-01-28,52,0,2026-09-10,12,650,104,9000,Diesel,Auto,Blue,0,1,DemoTrack,0,0,1,1,0,0,1,295/80R22.5,295/80R22.5,2025-05-04,2028-08-17,295/80R22.5,
SA24SFH,Crewe,18 Tonne,Rigid Truck,Sample Commercial,Rigid 18T,Hire,Delivery Fleet,Demo Hire Services,2024,Active,2024-02-22,0,0,145,202250,KM,2026-09-17,6,2027-09-23,52,0,2026-12-17,12,0,104,9000,Diesel,Auto,Green / Sample Branding,0,1,FleetExample,0,0,0,1,1,0,1,295/80R22.5,295/80R22.5,2024-02-22,2028-07-27,295/80R22.5,
SA19DVW,Crewe,18 Tonne,Rigid Truck,Sample Commercial,Rigid 18T,Owned,Delivery Fleet,,2019,Active,2019-03-18,0,0,0,44500,KM,2026-10-22,6,2027-07-08,52,0,2026-12-17,12,250,104,9000,Diesel,Auto,Silver,1,1,FleetExample,1,0,0,0,0,0,0,295/80R22.5,295/80R22.5,2019-03-18,2027-10-28,295/80R22.5,
SA20KZF,Crewe,18 Tonne,Rigid Truck,Sample Commercial,Rigid 18T,Lease,Delivery Fleet,Sample Leasing Ltd,2020,Active,2020-10-10,36,554,0,79500,KM,2026-10-22,6,2027-02-04,52,0,2026-11-19,12,150,104,9000,Diesel,Auto,White / Sample Branding,0,1,FleetExample,1,0,0,1,1,0,1,295/80R22.5,295/80R22.5,2020-10-10,2027-10-28,295/80R22.5,
SA23BLN,Crewe,18 Tonne,Rigid Truck,Sample Commercial,Rigid 18T,Lease,Delivery Fleet,Demo Hire Services,2023,Active,2023-04-26,24,374,0,218750,KM,2026-10-08,6,2027-07-08,52,0,2026-12-03,12,400,104,9000,Diesel,Auto,Green / Sample Branding,0,0,,0,0,0,0,1,1,0,295/80R22.5,295/80R22.5,2023-04-26,2028-06-01,295/80R22.5,
SA25FGJ,Crewe,18 Tonne,Rigid Truck,Sample Commercial,Rigid 18T,Lease,Delivery Fleet,Sample Leasing Ltd,2025,Active,2025-07-17,48,302,0,189500,KM,2026-10-22,6,2027-05-20,52,0,2026-12-10,12,400,104,9000,Diesel,Auto,Green / Sample Branding,0,0,,0,0,0,0,1,1,1,295/80R22.5,295/80R22.5,2025-07-17,2027-11-11,295/80R22.5,
SA20UPV,Crewe,18 Tonne,Rigid Truck,Sample Commercial,Rigid 18T,Hire,Delivery Fleet,Sample Leasing Ltd,2020,Active,2020-03-14,0,0,650,132000,KM,2026-10-22,6,2027-01-14,52,0,2026-10-15,12,400,104,9000,Diesel,Auto,Blue,0,1,SampleConnect,1,0,1,1,1,0,1,295/80R22.5,295/80R22.5,2020-03-14,2028-07-06,295/80R22.5,
SA24ZLC,Crewe,18 Tonne,Rigid Truck,Sample Commercial,Rigid 18T,Owned,Delivery Fleet,,2024,Active,2024-11-12,0,0,0,184750,KM,2026-10-01,6,2027-09-02,52,0,2026-11-12,12,400,104,9000,Diesel,Auto,Blue,1,1,DemoTrack,1,0,0,1,1,0,1,295/80R22.5,295/80R22.5,2024-11-12,2028-01-13,295/80R22.5,
SA22PRW,Crewe,18 Tonne,Rigid Truck,Sample Commercial,Rigid 18T,Lease,Delivery Fleet,Example Fleet Partners,2022,Active,2022-06-17,36,297,0,63750,KM,2026-10-01,6,2026-10-01,52,0,2026-10-01,12,400,104,9000,Diesel,Auto,Silver,1,1,SampleConnect,0,0,0,1,1,1,1,295/80R22.5,295/80R22.5,2022-06-17,2026-10-22,295/80R22.5,
SA22XEG,Crewe,18 Tonne,Rigid Truck,Sample Commercial,Rigid 18T,Lease,Delivery Fleet,Illustration Rentals,2022,Active,2022-05-04,24,429,0,163750,KM,2026-10-15,6,2026-12-03,52,0,2026-10-01,12,250,104,9000,Diesel,Auto,Green / Sample Branding,0,1,SampleConnect,0,0,0,0,1,0,0,295/80R22.5,295/80R22.5,2022-05-04,2027-09-16,295/80R22.5,
SA21TGN,Crewe,18 Tonne,Rigid Truck,Sample Commercial,Rigid 18T,Lease,Delivery Fleet,Demo Hire Services,2021,Active,2021-01-21,36,220,0,51250,KM,2026-10-15,6,2027-06-10,52,0,2026-10-08,12,0,104,9000,Diesel,Auto,Blue,0,1,SampleConnect,1,0,0,1,1,0,0,295/80R22.5,295/80R22.5,2021-01-21,2027-07-01,295/80R22.5,
SA21VES,Crewe,18 Tonne,Rigid Truck,Sample Commercial,Rigid 18T,Hire,Delivery Fleet,Illustration Rentals,2021,Active,2021-05-26,0,0,145,129000,KM,2026-10-29,6,2027-05-20,52,0,2026-10-08,12,400,104,9000,Diesel,Auto,Blue,1,1,FleetExample,1,0,1,1,1,0,1,295/80R22.5,295/80R22.5,2021-05-26,2027-09-30,295/80R22.5,
SA19OJB,Crewe,18 Tonne,Rigid Truck,Sample Commercial,Rigid 18T,Owned,Delivery Fleet,,2019,Active,2019-11-20,0,0,0,121250,KM,2026-11-05,6,2027-09-16,52,0,2026-11-26,12,150,104,9000,Diesel,Auto,Silver,0,0,,1,0,0,1,0,0,0,295/80R22.5,295/80R22.5,2019-11-20,2027-03-18,295/80R22.5,
SA21WRZ,Crewe,18 Tonne,Rigid Truck,Sample Commercial,Rigid 18T,Lease,Delivery Fleet,Demo Hire Services,2021,Active,2021-06-24,36,273,0,9000,KM,2026-10-15,6,2027-07-22,52,0,2026-12-10,12,150,104,9000,Diesel,Auto,Green / Sample Branding,1,1,FleetExample,0,0,0,1,1,0,0,295/80R22.5,295/80R22.5,2021-06-24,2025-07-03,295/80R22.5,
SA24GMA,Crewe,18 Tonne,Rigid Truck,Sample Commercial,Rigid 18T,Hire,Delivery Fleet,Demo Hire Services,2024,Active,2024-02-13,0,0,145,219750,KM,2026-10-15,6,2026-05-28,52,0,2026-10-01,12,400,104,9000,Diesel,Auto,White,1,0,,0,0,1,1,0,1,1,295/80R22.5,295/80R22.5,2024-02-13,2027-04-29,295/80R22.5,
SA23OGF,Crewe,18 Tonne,Rigid Truck,Sample Commercial,Rigid 18T,Hire,Delivery Fleet,Example Fleet Partners,2023,Active,2023-04-07,0,0,145,180000,KM,2026-10-22,6,2027-03-18,52,0,2026-10-01,12,400,104,9000,Diesel,Auto,White,0,0,,0,0,0,1,1,0,1,295/80R22.5,295/80R22.5,2023-04-07,2028-05-11,295/80R22.5,
SA22PGB,Crewe,18 Tonne,Rigid Truck,Sample Commercial,Rigid 18T,Lease,Delivery Fleet,Sample Leasing Ltd,2022,Active,2022-08-09,24,330,0,175500,KM,2026-10-22,6,2027-02-11,52,0,2026-11-05,12,400,104,9000,Diesel,Auto,Green / Sample Branding,0,1,FleetExample,1,0,0,1,0,0,1,295/80R22.5,295/80R22.5,2022-08-09,2026-12-17,295/80R22.5,
SA23XBN,Crewe,18 Tonne,Rigid Truck,Sample Commercial,Rigid 18T,Lease,Delivery Fleet,Demo Hire Services,2023,Active,2023-08-20,48,217,0,118500,KM,2026-10-01,6,2027-03-04,52,0,2026-12-03,12,400,104,9000,Diesel,Auto,White / Sample Branding,1,1,DemoTrack,0,0,0,1,1,1,1,295/80R22.5,295/80R22.5,2023-08-20,2026-11-05,295/80R22.5,
SA25JZF,Crewe,18 Tonne,Rigid Truck,Sample Commercial,Rigid 18T,Hire,Delivery Fleet,Sample Leasing Ltd,2025,Active,2025-04-24,0,0,650,46000,KM,2026-10-29,6,2027-04-29,52,0,2026-12-10,12,400,104,9000,Diesel,Auto,Blue,0,0,,0,0,0,1,0,0,1,295/80R22.5,295/80R22.5,2025-04-24,2027-12-16,295/80R22.5,
SA21WJU,Crewe,18 Tonne,Rigid Truck,Sample Commercial,Rigid 18T,Hire,Delivery Fleet,Example Fleet Partners,2021,Active,2021-02-18,0,0,650,211500,KM,2026-10-08,6,2027-04-29,52,0,2026-11-26,12,250,104,9000,Diesel,Auto,Blue,0,1,FleetExample,1,0,1,1,0,0,1,295/80R22.5,295/80R22.5,2021-02-18,2027-06-24,295/80R22.5,
SA23SZG,Crewe,18 Tonne,Rigid Truck,Sample Commercial,Rigid 18T,Hire,Delivery Fleet,Illustration Rentals,2023,Active,2023-04-10,0,0,650,84250,KM,2026-10-29,6,2026-10-01,52,0,2026-08-20,12,0,104,9000,Diesel,Auto,Green / Sample Branding,1,0,,0,0,0,1,0,1,1,295/80R22.5,295/80R22.5,2023-04-10,2027-09-30,295/80R22.5,
SA24LFW,Crewe,18 Tonne,Rigid Truck,Sample Commercial,Rigid 18T,Hire,Delivery Fleet,Demo Hire Services,2024,Active,2024-02-02,0,0,145,146500,KM,2026-09-10,6,2026-10-22,52,0,2026-11-12,12,0,104,9000,Diesel,Auto,White / Sample Branding,1,1,DemoTrack,1,0,0,1,0,1,1,295/80R22.5,295/80R22.5,2024-02-02,2027-06-10,295/80R22.5,
SA24BGW,Crewe,18 Tonne,Rigid Truck,Sample Commercial,Rigid 18T,Hire,Delivery Fleet,Illustration Rentals,2024,Active,2024-11-09,0,0,145,171500,KM,2026-10-15,6,2026-10-29,52,0,2026-11-12,12,0,104,9000,Diesel,Auto,Silver,0,0,,0,0,0,1,0,1,1,295/80R22.5,295/80R22.5,2024-11-09,2027-01-14,295/80R22.5,
SA20HDT,Crewe,18 Tonne,Rigid Truck,Sample Commercial,Rigid 18T,Lease,Delivery Fleet,Illustration Rentals,2020,Active,2020-02-28,36,305,0,47000,KM,2026-10-08,6,2026-12-03,52,0,2026-10-29,12,250,104,9000,Diesel,Auto,Green / Sample Branding,0,1,SampleConnect,1,0,0,1,0,0,0,295/80R22.5,295/80R22.5,2020-02-28,2027-05-20,295/80R22.5,
SA24ZOC,Crewe,18 Tonne,Rigid Truck,Sample Commercial,Rigid 18T,Lease,Delivery Fleet,Sample Leasing Ltd,2024,Active,2024-11-02,48,537,0,28000,KM,2026-10-08,6,2027-08-12,52,0,2026-12-03,12,400,104,9000,Diesel,Auto,White / Sample Branding,1,1,FleetExample,0,0,1,1,0,1,1,295/80R22.5,295/80R22.5,2024-11-02,2028-09-14,295/80R22.5,
SA21WAF,Crewe,18 Tonne,Rigid Truck,Sample Commercial,Rigid 18T,Hire,Delivery Fleet,Demo Hire Services,2021,VOR,2021-07-13,0,0,650,169500,KM,2026-10-22,6,2027-06-03,52,0,2026-12-10,12,650,104,9000,Diesel,Auto,Blue,1,1,FleetExample,0,0,0,1,1,0,0,295/80R22.5,295/80R22.5,2021-07-13,2027-03-25,295/80R22.5,
SA19PHM,Crewe,18 Tonne,Rigid Truck,Sample Commercial,Rigid 18T,Lease,Delivery Fleet,Illustration Rentals,2019,Active,2019-02-14,48,385,0,85500,KM,2026-10-01,6,2027-07-29,52,0,2026-10-29,12,650,104,9000,Diesel,Auto,Blue,0,0,,0,0,1,1,1,0,1,295/80R22.5,295/80R22.5,2019-02-14,2028-05-04,295/80R22.5,
SA23HKU,Crewe,18 Tonne,Rigid Truck,Sample Commercial,Rigid 18T,Owned,Delivery Fleet,,2023,VOR,2023-11-25,0,0,0,90250,KM,2026-10-29,6,2027-01-07,52,0,2026-11-12,12,650,104,9000,Diesel,Auto,White / Sample Branding,0,0,,1,0,0,1,1,1,1,295/80R22.5,295/80R22.5,2023-11-25,2028-09-07,295/80R22.5,
SA24JXK,Crewe,18 Tonne,Rigid Truck,Sample Commercial,Rigid 18T,Hire,Delivery Fleet,Sample Leasing Ltd,2024,Active,2024-10-17,0,0,650,134500,KM,2026-10-29,6,2027-07-15,52,0,2026-10-29,12,400,104,9000,Diesel,Auto,Green / Sample Branding,1,1,DemoTrack,0,0,1,1,1,0,1,295/80R22.5,295/80R22.5,2024-10-17,2027-02-25,295/80R22.5,
SA20NYE,Crewe,18 Tonne,Rigid Truck,Sample Commercial,Rigid 18T,Lease,Delivery Fleet,Sample Leasing Ltd,2020,Active,2020-04-04,24,278,0,49000,KM,2026-10-29,6,2027-08-12,52,0,2026-11-26,12,250,104,9000,Diesel,Auto,White / Sample Branding,1,1,DemoTrack,1,0,1,1,0,0,1,295/80R22.5,295/80R22.5,2020-04-04,2028-03-23,295/80R22.5,
SA22EPR,Crewe,18 Tonne,Rigid Truck,Sample Commercial,Rigid 18T,Lease,Delivery Fleet,Illustration Rentals,2022,Active,2022-02-09,60,210,0,221000,KM,2026-10-29,6,2027-02-18,52,0,2026-10-15,12,150,104,9000,Diesel,Auto,White / Sample Branding,1,0,,0,0,1,0,0,0,1,295/80R22.5,295/80R22.5,2022-02-09,2026-10-01,295/80R22.5,
SA19KPE,Crewe,18 Tonne,Rigid Truck,Sample Commercial,Rigid 18T,Owned,Delivery Fleet,,2019,Active,2019-11-06,0,0,0,18000,KM,2026-11-05,6,2027-09-16,52,0,2026-11-12,12,150,104,9000,Diesel,Auto,Silver,1,1,DemoTrack,1,0,0,1,0,0,0,295/80R22.5,295/80R22.5,2019-11-06,2027-04-01,295/80R22.5,
SA24NCV,Crewe,18 Tonne,Rigid Truck,Sample Commercial,Rigid 18T,Lease,Delivery Fleet,Demo Hire Services,2024,Active,2024-09-09,60,263,0,61750,KM,2026-10-29,6,2027-09-09,52,0,2026-10-08,12,250,104,9000,Diesel,Auto,Blue,0,1,SampleConnect,0,0,1,1,1,0,1,295/80R22.5,295/80R22.5,2024-09-09,2028-08-17,295/80R22.5,
SA22HMV,Crewe,18 Tonne,Rigid Truck,Sample Commercial,Rigid 18T,Owned,Delivery Fleet,,2022,VOR,2022-03-19,0,0,0,186250,KM,2026-11-05,6,2027-03-18,52,0,2026-10-01,12,650,104,9000,Diesel,Auto,Silver,1,1,DemoTrack,0,0,1,1,1,0,1,295/80R22.5,295/80R22.5,2022-03-19,2026-02-12,295/80R22.5,
SA20ELG,Crewe,18 Tonne,Rigid Truck,Sample Commercial,Rigid 18T,Lease,Delivery Fleet,Example Fleet Partners,2020,Active,2020-08-23,24,183,0,22250,KM,2026-10-08,6,2025-10-30,52,0,2026-12-03,12,0,104,9000,Diesel,Auto,White / Sample Branding,1,0,,1,0,0,1,1,0,1,295/80R22.5,295/80R22.5,2020-08-23,2027-03-11,295/80R22.5,
SA24TDY,Crewe,18 Tonne,Rigid Truck,Sample Commercial,Rigid 18T,Lease,Delivery Fleet,Illustration Rentals,2024,Active,2024-02-25,36,527,0,76500,KM,2026-11-05,6,2027-07-01,52,0,2026-11-12,12,650,104,9000,Diesel,Auto,Silver,0,0,,0,0,0,1,0,0,1,295/80R22.5,295/80R22.5,2024-02-25,2027-12-02,295/80R22.5,
SA19ACJ,Crewe,18 Tonne,Rigid Truck,Sample Commercial,Rigid 18T,Hire,Delivery Fleet,Demo Hire Services,2019,Active,2019-01-13,0,0,650,81750,KM,2026-10-22,6,2026-12-17,52,0,2026-11-12,12,0,104,9000,Diesel,Auto,White,0,0,,0,0,1,1,1,0,0,295/80R22.5,295/80R22.5,2019-01-13,2027-01-07,295/80R22.5,
SA24BXM,Crewe,18 Tonne,Rigid Truck,Sample Commercial,Rigid 18T,Hire,Delivery Fleet,Example Fleet Partners,2024,VOR,2024-02-06,0,0,145,35500,KM,2026-10-29,6,2027-07-22,52,0,2026-12-10,12,0,104,9000,Diesel,Auto,White / Sample Branding,0,0,,0,0,1,1,0,0,1,295/80R22.5,295/80R22.5,2024-02-06,2027-10-07,295/80R22.5,
SA19VRB,Crewe,18 Tonne,Rigid Truck,Sample Commercial,Rigid 18T,Hire,Delivery Fleet,Illustration Rentals,2019,Active,2019-07-12,0,0,145,147500,KM,2026-10-08,6,2027-05-06,52,0,2026-11-05,12,400,104,9000,Diesel,Auto,Green / Sample Branding,1,1,SampleConnect,0,0,1,1,1,1,0,295/80R22.5,295/80R22.5,2019-07-12,2028-03-02,295/80R22.5,
SA21CUB,Crossgreen,18 Tonne,Rigid Truck,Sample Commercial,Rigid 18T,Hire,Delivery Fleet,Sample Leasing Ltd,2021,Active,2021-01-15,0,0,145,19750,KM,2026-11-05,6,2026-10-01,52,0,2026-12-17,12,150,104,9000,Diesel,Auto,Silver,1,0,,0,0,1,1,0,1,1,295/80R22.5,295/80R22.5,2021-01-15,2026-10-22,295/80R22.5,
SA20YCJ,Crossgreen,18 Tonne,Rigid Truck,Sample Commercial,Rigid 18T,Lease,Delivery Fleet,Sample Leasing Ltd,2020,Active,2020-04-28,48,334,0,95750,KM,2026-10-15,6,2027-05-27,52,0,2026-07-16,12,0,104,9000,Diesel,Auto,Blue,0,0,,1,0,0,1,0,1,0,295/80R22.5,295/80R22.5,2020-04-28,2027-09-16,295/80R22.5,
SA23KDV,Crossgreen,18 Tonne,Rigid Truck,Sample Commercial,Rigid 18T,Owned,Delivery Fleet,,2023,Active,2023-04-01,0,0,0,122500,KM,2026-09-17,6,2027-05-13,52,0,2026-12-03,12,250,104,9000,Diesel,Auto,Green / Sample Branding,0,1,FleetExample,1,0,1,1,0,0,1,295/80R22.5,295/80R22.5,2023-04-01,2028-07-20,295/80R22.5,
SA22RWZ,Crossgreen,18 Tonne,Rigid Truck,Sample Commercial,Rigid 18T,Lease,Delivery Fleet,Sample Leasing Ltd,2022,Active,2022-12-21,36,431,0,104500,KM,2026-10-01,6,2027-05-06,52,0,2026-11-12,12,250,104,9000,Diesel,Auto,White / Sample Branding,1,0,,0,0,0,0,0,1,1,295/80R22.5,295/80R22.5,2022-12-21,2027-01-28,295/80R22.5,
SA22YLB,Crossgreen,18 Tonne,Rigid Truck,Sample Commercial,Rigid 18T,Lease,Delivery Fleet,Illustration Rentals,2022,Active,2022-10-26,48,194,0,114500,KM,2026-10-29,6,2027-05-20,52,0,2026-10-29,12,150,104,9000,Diesel,Auto,Blue,1,1,FleetExample,0,0,1,1,1,1,0,295/80R22.5,295/80R22.5,2022-10-26,2028-05-18,295/80R22.5,
SA19POX,Crossgreen,18 Tonne,Rigid Truck,Sample Commercial,Rigid 18T,Lease,Delivery Fleet,Example Fleet Partners,2019,Active,2019-01-22,48,356,0,212000,KM,2026-10-08,6,2026-12-24,52,0,2026-10-08,12,250,104,9000,Diesel,Auto,Blue,0,1,DemoTrack,1,0,1,1,0,0,1,295/80R22.5,295/80R22.5,2019-01-22,2028-06-08,295/80R22.5,
SA20BXX,Crossgreen,18 Tonne,Rigid Truck,Sample Commercial,Rigid 18T,Lease,Delivery Fleet,Illustration Rentals,2020,VOR,2020-05-23,48,410,0,50250,KM,2026-10-22,6,2027-06-17,52,0,2026-12-10,12,250,104,9000,Diesel,Auto,White,0,1,SampleConnect,0,0,0,1,1,0,1,295/80R22.5,295/80R22.5,2020-05-23,2027-07-08,295/80R22.5,
SA19HYA,Crossgreen,18 Tonne,Rigid Truck,Sample Commercial,Rigid 18T,Lease,Delivery Fleet,Illustration Rentals,2019,Active,2019-06-16,36,541,0,162250,KM,2026-10-08,6,2027-08-05,52,0,2026-12-10,12,250,104,9000,Diesel,Auto,Blue,1,1,FleetExample,0,0,0,1,0,1,1,295/80R22.5,295/80R22.5,2019-06-16,2027-04-01,295/80R22.5,
SA19SSO,Crossgreen,18 Tonne,Rigid Truck,Sample Commercial,Rigid 18T,Owned,Delivery Fleet,,2019,Active,2019-10-22,0,0,0,166750,KM,2026-10-15,6,2026-11-19,52,0,2026-11-26,12,150,104,9000,Diesel,Auto,White / Sample Branding,0,0,,1,0,0,1,0,1,0,295/80R22.5,295/80R22.5,2019-10-22,2028-04-20,295/80R22.5,
SA23PCT,Crossgreen,18 Tonne,Rigid Truck,Sample Commercial,Rigid 18T,Hire,Delivery Fleet,Demo Hire Services,2023,Active,2023-11-09,0,0,650,5750,KM,2026-10-29,6,2027-06-17,52,0,2026-12-17,12,250,104,9000,Diesel,Auto,Blue,1,0,,0,0,1,1,0,0,1,295/80R22.5,295/80R22.5,2023-11-09,2027-03-25,295/80R22.5,
SA21NFS,Crossgreen,18 Tonne,Rigid Truck,Sample Commercial,Rigid 18T,Lease,Delivery Fleet,Illustration Rentals,2021,Active,2021-01-28,24,356,0,118750,KM,2026-10-08,6,2027-07-01,52,0,2026-10-29,12,150,104,9000,Diesel,Auto,Silver,0,1,DemoTrack,0,0,1,1,0,0,0,295/80R22.5,295/80R22.5,2021-01-28,2027-06-10,295/80R22.5,
SA20JNH,Crossgreen,18 Tonne,Rigid Truck,Sample Commercial,Rigid 18T,Owned,Delivery Fleet,,2020,VOR,2020-04-17,0,0,0,141750,KM,2026-10-22,6,2027-09-02,52,0,2026-10-29,12,150,104,9000,Diesel,Auto,White / Sample Branding,0,0,,1,0,0,1,0,0,1,295/80R22.5,295/80R22.5,2020-04-17,2027-03-18,295/80R22.5,
SA25XAV,Crossgreen,18 Tonne,Rigid Truck,Sample Commercial,Rigid 18T,Hire,Delivery Fleet,Sample Leasing Ltd,2025,Active,2025-03-23,0,0,145,202000,KM,2026-10-08,6,2026-10-15,52,0,2026-12-17,12,650,104,9000,Diesel,Auto,White,0,0,,0,0,1,1,1,1,1,295/80R22.5,295/80R22.5,2025-03-23,2027-07-15,295/80R22.5,
SA21PAJ,Crossgreen,18 Tonne,Rigid Truck,Sample Commercial,Rigid 18T,Hire,Delivery Fleet,Sample Leasing Ltd,2021,VOR,2021-02-26,0,0,650,171250,KM,2026-10-01,6,2026-11-05,52,0,2026-10-15,12,400,104,9000,Diesel,Auto,Green / Sample Branding,1,0,,0,0,1,1,0,0,1,295/80R22.5,295/80R22.5,2021-02-26,2028-05-04,295/80R22.5,
SA22DFO,Crossgreen,18 Tonne,Rigid Truck,Sample Commercial,Rigid 18T,Lease,Delivery Fleet,Example Fleet Partners,2022,Active,2022-02-01,36,385,0,138250,KM,2026-10-15,6,2027-03-04,52,0,2026-12-10,12,150,104,9000,Diesel,Auto,White,1,1,SampleConnect,0,0,1,1,0,0,1,295/80R22.5,295/80R22.5,2022-02-01,2025-03-27,295/80R22.5,
SA19SJL,Stoke,18 Tonne,Rigid Truck,Sample Commercial,Rigid 18T,Owned,Delivery Fleet,,2019,Active,2019-09-10,0,0,0,98500,KM,2026-10-29,6,2026-05-28,52,0,2026-12-10,12,400,104,9000,Diesel,Auto,White / Sample Branding,1,1,DemoTrack,0,0,1,0,0,0,1,295/80R22.5,295/80R22.5,2019-09-10,2027-02-25,295/80R22.5,
SA24FEH,Stoke,18 Tonne,Rigid Truck,Sample Commercial,Rigid 18T,Hire,Delivery Fleet,Illustration Rentals,2024,Active,2024-05-05,0,0,650,177750,KM,2026-10-01,6,2026-11-26,52,0,2026-10-29,12,0,104,9000,Diesel,Auto,Silver,1,1,FleetExample,0,0,1,1,1,0,1,295/80R22.5,295/80R22.5,2024-05-05,2028-04-06,295/80R22.5,
SA23ROA,Stoke,18 Tonne,Rigid Truck,Sample Commercial,Rigid 18T,Lease,Delivery Fleet,Example Fleet Partners,2023,Active,2023-11-02,24,378,0,21750,KM,2026-10-08,6,2027-04-08,52,0,2026-11-12,12,400,104,9000,Diesel,Auto,White / Sample Branding,0,1,FleetExample,0,0,0,0,1,0,1,295/80R22.5,295/80R22.5,2023-11-02,2027-04-22,295/80R22.5,
SA19SWS,Stoke,18 Tonne,Rigid Truck,Sample Commercial,Rigid 18T,Lease,Delivery Fleet,Illustration Rentals,2019,Active,2019-12-08,60,396,0,35250,KM,2026-10-22,6,2027-08-26,52,0,2026-12-03,12,400,104,9000,Diesel,Auto,Green / Sample Branding,1,1,FleetExample,0,0,1,1,0,0,1,295/80R22.5,295/80R22.5,2019-12-08,2027-11-25,295/80R22.5,
SA20BTE,Stoke,18 Tonne,Rigid Truck,Sample Commercial,Rigid 18T,Lease,Delivery Fleet,Illustration Rentals,2020,Active,2020-09-10,48,327,0,208250,KM,2026-10-08,6,2027-07-01,52,0,2026-11-26,12,0,104,9000,Diesel,Auto,Green / Sample Branding,0,1,FleetExample,1,0,1,1,0,0,1,295/80R22.5,295/80R22.5,2020-09-10,2028-08-31,295/80R22.5,
SA25SMM,Stoke,18 Tonne,Rigid Truck,Sample Commercial,Rigid 18T,Lease,Delivery Fleet,Sample Leasing Ltd,2025,Active,2025-06-15,60,276,0,214500,KM,2026-10-01,6,2027-05-27,52,0,2026-12-03,12,0,104,9000,Diesel,Auto,Silver,1,1,FleetExample,0,0,0,1,1,1,0,295/80R22.5,295/80R22.5,2025-06-15,2026-12-31,295/80R22.5,
SA23GWK,Stoke,Conventional Trailer,Conventional Trailer,Example Trailers,Box Trailer,Owned,Trunking Network,,2023,Active,2023-08-06,0,0,0,0,M,2026-10-01,6,2027-03-18,52,0,2026-07-30,12,0,0,24000,,,Silver,1,1,SampleConnect,0,1,0,1,0,0,0,215/75R17.5,215/75R17.5,2023-08-06,,,
SA25TTX,Stoke,Conventional Trailer,Conventional Trailer,Example Trailers,Box Trailer,Lease,Trunking Network,Sample Leasing Ltd,2025,Active,2025-12-21,60,283,0,0,M,2026-08-20,6,2027-07-01,52,0,2026-10-01,12,150,0,24000,,,White,0,0,,0,1,0,1,1,1,0,215/75R17.5,215/75R17.5,2025-12-21,,,
SA23NNT,Stoke,Conventional Trailer,Conventional Trailer,Example Trailers,Box Trailer,Hire,Trunking Network,Demo Hire Services,2023,VOR,2023-05-10,0,0,650,0,M,2026-10-22,6,2027-02-18,52,0,2026-11-12,12,650,0,24000,,,Blue,1,1,DemoTrack,1,1,1,1,1,1,0,215/75R17.5,215/75R17.5,2023-05-10,,,
SA20CCH,Stoke,Conventional Trailer,Conventional Trailer,Example Trailers,Box Trailer,Owned,Trunking Network,,2020,Active,2020-10-26,0,0,0,0,M,2026-10-22,6,2027-08-26,52,0,2026-10-01,12,250,0,24000,,,White / Sample Branding,1,0,,0,1,1,1,0,0,0,215/75R17.5,215/75R17.5,2020-10-26,,,
SA22PBE,Stoke,Conventional Trailer,Conventional Trailer,Example Trailers,Box Trailer,Owned,Trunking Network,,2022,Active,2022-06-16,0,0,0,0,M,2026-10-22,6,2027-06-24,52,0,2026-11-26,12,250,0,24000,,,White,1,0,,0,1,1,1,1,0,0,215/75R17.5,215/75R17.5,2022-06-16,,,
SA19MMW,Stoke,Conventional Trailer,Conventional Trailer,Example Trailers,Box Trailer,Lease,Trunking Network,Sample Leasing Ltd,2019,VOR,2019-08-05,48,482,0,0,M,2026-10-01,6,2027-09-02,52,0,2026-12-03,12,0,0,24000,,,Silver,0,0,,0,0,0,1,0,1,0,215/75R17.5,215/75R17.5,2019-08-05,,,
SA23ZSD,Stoke,Megatrailer,Conventional Trailer,Example Trailers,Box Trailer,Owned,Trunking Network,,2023,Active,2023-01-20,0,0,0,0,M,2026-10-22,6,2027-04-15,52,0,2026-11-05,12,400,0,24000,,,White,1,0,,1,1,0,1,1,0,0,215/75R17.5,215/75R17.5,2023-01-20,,,
SA21XAT,Exeter,Megatrailer,Conventional Trailer,Example Trailers,Box Trailer,Owned,Trunking Network,,2021,Active,2021-12-08,0,0,0,0,M,2026-10-08,6,2027-08-26,52,0,2026-12-10,12,650,0,24000,,,White,1,1,FleetExample,0,1,1,0,1,1,0,215/75R17.5,215/75R17.5,2021-12-08,,,
SA21CYF,Exeter,Megatrailer,Conventional Trailer,Example Trailers,Box Trailer,Owned,Trunking Network,,2021,Active,2021-03-09,0,0,0,0,M,2026-10-29,6,2027-08-12,52,0,2026-11-19,12,0,0,24000,,,White / Sample Branding,1,1,DemoTrack,1,0,0,1,1,1,0,215/75R17.5,215/75R17.5,2021-03-09,,,
SA20UOF,Exeter,DD Trailer,Conventional Trailer,Example Trailers,Box Trailer,Owned,Trunking Network,,2020,Active,2020-08-21,0,0,0,0,M,2026-10-29,6,2026-11-19,52,0,2026-12-17,12,650,0,24000,,,White / Sample Branding,1,0,,0,1,0,1,0,0,0,215/75R17.5,215/75R17.5,2020-08-21,,,
SA20TJY,Exeter,Conventional Trailer,Conventional Trailer,Example Trailers,Box Trailer,Lease,Trunking Network,Sample Leasing Ltd,2020,Active,2020-01-06,60,526,0,0,M,2026-10-29,6,2027-03-04,52,0,2026-12-10,12,0,0,24000,,,White,0,0,,0,1,1,1,1,1,0,215/75R17.5,215/75R17.5,2020-01-06,,,
SA24MXX,Exeter,Conventional Trailer,Conventional Trailer,Example Trailers,Box Trailer,Lease,Trunking Network,Example Fleet Partners,2024,Active,2024-11-09,48,233,0,0,M,2026-10-01,6,2027-02-25,52,0,2026-11-26,12,0,0,24000,,,Silver,0,1,FleetExample,0,0,1,1,0,0,0,215/75R17.5,215/75R17.5,2024-11-09,,,
SA21TGJ,Exeter,Conventional Trailer,Conventional Trailer,Example Trailers,Box Trailer,Lease,Trunking Network,Demo Hire Services,2021,Active,2021-07-01,24,306,0,0,M,2026-10-15,6,2027-04-01,52,0,2026-11-19,12,0,0,24000,,,Blue,1,0,,1,0,0,1,0,0,0,215/75R17.5,215/75R17.5,2021-07-01,,,
SA25ASW,Exeter,Conventional Trailer,Conventional Trailer,Example Trailers,Box Trailer,Hire,Trunking Network,Demo Hire Services,2025,Active,2025-02-19,0,0,145,0,M,2026-10-15,6,2027-07-29,52,0,2026-10-15,12,150,0,24000,,,Silver,1,1,DemoTrack,0,1,1,1,1,1,0,215/75R17.5,215/75R17.5,2025-02-19,,,
SA20JLG,Exeter,Conventional Trailer,Conventional Trailer,Example Trailers,Box Trailer,Owned,Trunking Network,,2020,Active,2020-07-19,0,0,0,0,M,2026-10-08,6,2026-04-16,52,0,2026-12-10,12,250,0,24000,,,Blue,1,1,SampleConnect,0,0,0,0,1,0,0,215/75R17.5,215/75R17.5,2020-07-19,,,
SA24NEV,Exeter,Conventional Trailer,Conventional Trailer,Example Trailers,Box Trailer,Hire,Trunking Network,Illustration Rentals,2024,Active,2024-01-02,0,0,650,0,M,2026-10-29,6,2027-06-03,52,0,2026-10-29,12,650,0,24000,,,White,1,1,FleetExample,0,0,0,1,0,0,0,215/75R17.5,215/75R17.5,2024-01-02,,,
SA19DHE,Exeter,Megatrailer,Conventional Trailer,Example Trailers,Box Trailer,Owned,Trunking Network,,2019,Active,2019-01-07,0,0,0,0,M,2026-10-15,6,2027-08-26,52,0,2026-11-26,12,400,0,24000,,,White / Sample Branding,1,1,DemoTrack,1,0,0,1,1,1,0,215/75R17.5,215/75R17.5,2019-01-07,,,
SA25PZK,Exeter,Megatrailer,Conventional Trailer,Example Trailers,Box Trailer,Lease,Trunking Network,Demo Hire Services,2025,Active,2025-10-08,60,273,0,0,M,2026-11-05,6,2026-10-15,52,0,2026-11-19,12,650,0,24000,,,Silver,0,1,DemoTrack,0,0,0,1,0,0,0,215/75R17.5,215/75R17.5,2025-10-08,,,
SA19WVL,Exeter,Megatrailer,Conventional Trailer,Example Trailers,Box Trailer,Owned,Trunking Network,,2019,Active,2019-03-05,0,0,0,0,M,2026-10-08,6,2027-08-05,52,0,2026-12-03,12,400,0,24000,,,Silver,1,1,DemoTrack,0,1,0,1,1,1,0,215/75R17.5,215/75R17.5,2019-03-05,,,
SA24BCV,Coventry,DD Trailer,Conventional Trailer,Example Trailers,Box Trailer,Owned,Trunking Network,,2024,Active,2024-06-27,0,0,0,0,M,2026-10-29,6,2026-10-08,52,0,2026-10-29,12,150,0,24000,,,Green / Sample Branding,0,1,SampleConnect,1,1,0,1,1,0,0,215/75R17.5,215/75R17.5,2024-06-27,,,
SA22KYJ,Coventry,Conventional Trailer,Conventional Trailer,Example Trailers,Box Trailer,Hire,Trunking Network,Sample Leasing Ltd,2022,Active,2022-01-10,0,0,650,0,M,2026-10-29,6,2027-03-25,52,0,2026-08-20,12,0,0,24000,,,Silver,0,1,DemoTrack,0,1,0,1,1,1,0,215/75R17.5,215/75R17.5,2022-01-10,,,
SA24UKB,Coventry,Conventional Trailer,Conventional Trailer,Example Trailers,Box Trailer,Hire,Trunking Network,Illustration Rentals,2024,Active,2024-02-01,0,0,145,0,M,2026-08-27,6,2027-01-14,52,0,2026-11-19,12,250,0,24000,,,White / Sample Branding,1,0,,0,1,1,1,0,0,0,215/75R17.5,215/75R17.5,2024-02-01,,,
SA20OUN,Coventry,Conventional Trailer,Conventional Trailer,Example Trailers,Box Trailer,Lease,Trunking Network,Example Fleet Partners,2020,Active,2020-02-14,60,259,0,0,M,2026-10-08,6,2027-05-13,52,0,2026-10-15,12,400,0,24000,,,Green / Sample Branding,1,1,FleetExample,0,1,1,1,0,1,0,215/75R17.5,215/75R17.5,2020-02-14,,,
SA25PUS,Coventry,Conventional Trailer,Conventional Trailer,Example Trailers,Box Trailer,Hire,Trunking Network,Sample Leasing Ltd,2025,Active,2025-03-01,0,0,650,0,M,2026-10-22,6,2027-07-22,52,0,2026-12-17,12,250,0,24000,,,White,1,0,,0,0,0,0,1,1,0,215/75R17.5,215/75R17.5,2025-03-01,,,
SA19EPZ,Coventry,Conventional Trailer,Conventional Trailer,Example Trailers,Box Trailer,Lease,Trunking Network,Illustration Rentals,2019,Active,2019-09-27,60,475,0,0,M,2026-11-05,6,2027-02-25,52,0,2026-10-15,12,150,0,24000,,,White,1,1,DemoTrack,0,0,1,1,1,1,0,215/75R17.5,215/75R17.5,2019-09-27,,,
SA23YMD,Coventry,Conventional Trailer,Conventional Trailer,Example Trailers,Box Trailer,Lease,Trunking Network,Demo Hire Services,2023,Active,2023-09-13,24,279,0,0,M,2026-10-01,6,2027-08-12,52,0,2026-10-08,12,650,0,24000,,,Green / Sample Branding,0,0,,1,1,1,1,1,0,0,215/75R17.5,215/75R17.5,2023-09-13,,,
SA20CHR,Coventry,Megatrailer,Conventional Trailer,Example Trailers,Box Trailer,Hire,Trunking Network,Illustration Rentals,2020,Active,2020-12-17,0,0,650,0,M,2026-10-22,6,2027-09-02,52,0,2026-10-15,12,650,0,24000,,,Silver,1,0,,0,1,0,1,0,1,0,215/75R17.5,215/75R17.5,2020-12-17,,,
SA21AKG,Coventry,Megatrailer,Conventional Trailer,Example Trailers,Box Trailer,Owned,Trunking Network,,2021,Active,2021-09-21,0,0,0,0,M,2026-10-08,6,2027-08-05,52,0,2026-10-08,12,400,0,24000,,,Silver,0,1,DemoTrack,0,0,1,1,0,0,0,215/75R17.5,215/75R17.5,2021-09-21,,,
SA20YKX,Coventry,Megatrailer,Conventional Trailer,Example Trailers,Box Trailer,Lease,Trunking Network,Sample Leasing Ltd,2020,Active,2020-04-27,36,502,0,0,M,2026-10-01,6,2027-06-10,52,0,2026-11-26,12,250,0,24000,,,Blue,1,1,SampleConnect,0,1,1,1,0,0,0,215/75R17.5,215/75R17.5,2020-04-27,,,
SA20ASE,Coventry,DD Trailer,Conventional Trailer,Example Trailers,Box Trailer,Owned,Trunking Network,,2020,Active,2020-02-08,0,0,0,0,M,2026-11-05,6,2027-05-27,52,0,2026-12-17,12,150,0,24000,,,Green / Sample Branding,1,1,DemoTrack,0,0,0,1,1,0,0,215/75R17.5,215/75R17.5,2020-02-08,,,
SA21PJD,Potters-Bar,Conventional Trailer,Conventional Trailer,Example Trailers,Box Trailer,Hire,Trunking Network,Demo Hire Services,2021,Active,2021-12-26,0,0,145,0,M,2026-11-05,6,2027-07-15,52,0,2026-10-08,12,150,0,24000,,,Blue,0,1,FleetExample,1,1,1,1,1,0,0,215/75R17.5,215/75R17.5,2021-12-26,,,
SA22OYJ,Potters-Bar,Conventional Trailer,Conventional Trailer,Example Trailers,Box Trailer,Hire,Trunking Network,Sample Leasing Ltd,2022,Active,2022-03-24,0,0,650,0,M,2026-10-01,6,2027-09-02,52,0,2026-11-05,12,0,0,24000,,,White,0,0,,0,0,0,1,1,1,0,215/75R17.5,215/75R17.5,2022-03-24,,,
SA20VOW,Potters-Bar,Conventional Trailer,Conventional Trailer,Example Trailers,Box Trailer,Lease,Trunking Network,Sample Leasing Ltd,2020,Active,2020-11-01,36,234,0,0,M,2026-10-15,6,2027-07-15,52,0,2026-12-17,12,0,0,24000,,,Silver,0,0,,0,0,0,1,1,0,0,215/75R17.5,215/75R17.5,2020-11-01,,,
SA21WWL,Potters-Bar,Conventional Trailer,Conventional Trailer,Example Trailers,Box Trailer,Hire,Trunking Network,Example Fleet Partners,2021,Active,2021-05-02,0,0,650,0,M,2026-10-29,6,2027-02-18,52,0,2026-10-01,12,650,0,24000,,,Blue,1,1,SampleConnect,1,1,1,1,1,0,0,215/75R17.5,215/75R17.5,2021-05-02,,,
SA19AMS,Potters-Bar,Conventional Trailer,Conventional Trailer,Example Trailers,Box Trailer,Lease,Trunking Network,Sample Leasing Ltd,2019,Active,2019-12-14,24,418,0,0,M,2026-10-15,6,2025-10-23,52,0,2026-10-29,12,150,0,24000,,,Silver,1,1,DemoTrack,1,1,0,1,0,1,0,215/75R17.5,215/75R17.5,2019-12-14,,,
SA19BHB,Potters-Bar,Conventional Trailer,Conventional Trailer,Example Trailers,Box Trailer,Lease,Trunking Network,Example Fleet Partners,2019,Active,2019-01-10,36,207,0,0,M,2026-11-05,6,2026-12-31,52,0,2026-11-05,12,250,0,24000,,,Blue,1,1,SampleConnect,0,1,1,1,0,0,0,215/75R17.5,215/75R17.5,2019-01-10,,,
SA20CAW,Potters-Bar,Megatrailer,Conventional Trailer,Example Trailers,Box Trailer,Hire,Trunking Network,Illustration Rentals,2020,Active,2020-02-03,0,0,145,0,M,2026-10-01,6,2026-11-12,52,0,2026-12-10,12,150,0,24000,,,Blue,1,0,,1,1,1,0,0,0,0,215/75R17.5,215/75R17.5,2020-02-03,,,
SA20AVC,Potters-Bar,Megatrailer,Conventional Trailer,Example Trailers,Box Trailer,Lease,Trunking Network,Illustration Rentals,2020,Active,2020-05-28,60,317,0,0,M,2026-11-05,6,2027-07-15,52,0,2026-10-08,12,0,0,24000,,,Silver,0,1,DemoTrack,0,0,0,1,0,0,0,215/75R17.5,215/75R17.5,2020-05-28,,,
SA24FEU,Potters-Bar,Megatrailer,Conventional Trailer,Example Trailers,Box Trailer,Lease,Trunking Network,Demo Hire Services,2024,Active,2024-01-07,48,190,0,0,M,2026-10-22,6,2027-01-21,52,0,2026-11-12,12,150,0,24000,,,Green / Sample Branding,1,1,SampleConnect,0,1,0,1,0,1,0,215/75R17.5,215/75R17.5,2024-01-07,,,
SA23UAR,Potters-Bar,DD Trailer,Conventional Trailer,Example Trailers,Box Trailer,Hire,Trunking Network,Example Fleet Partners,2023,Active,2023-03-12,0,0,145,0,M,2026-10-15,6,2027-01-07,52,0,2026-12-17,12,400,0,24000,,,Green / Sample Branding,0,0,,0,1,0,1,1,0,0,215/75R17.5,215/75R17.5,2023-03-12,,,
SA23HCT,Potters-Bar,Conventional Trailer,Conventional Trailer,Example Trailers,Box Trailer,Hire,Trunking Network,Example Fleet Partners,2023,Active,2023-03-26,0,0,145,0,M,2026-10-29,6,2027-04-29,52,0,2026-07-23,12,650,0,24000,,,Blue,1,1,FleetExample,0,1,0,1,0,0,0,215/75R17.5,215/75R17.5,2023-03-26,,,
SA19OVY,Gravesend,Conventional Trailer,Conventional Trailer,Example Trailers,Box Trailer,Hire,Trunking Network,Demo Hire Services,2019,VOR,2019-07-09,0,0,145,0,M,2026-08-27,6,2027-03-18,52,0,2026-10-08,12,150,0,24000,,,Blue,1,1,FleetExample,1,1,0,1,1,0,0,215/75R17.5,215/75R17.5,2019-07-09,,,
SA25NOJ,Gravesend,Conventional Trailer,Conventional Trailer,Example Trailers,Box Trailer,Lease,Trunking Network,Illustration Rentals,2025,Active,2025-04-23,36,364,0,0,M,2026-10-15,6,2027-04-29,52,0,2026-10-08,12,650,0,24000,,,White / Sample Branding,1,0,,1,1,0,1,1,0,0,215/75R17.5,215/75R17.5,2025-04-23,,,
SA24JEW,Gravesend,Conventional Trailer,Conventional Trailer,Example Trailers,Box Trailer,Hire,Trunking Network,Sample Leasing Ltd,2024,Active,2024-03-05,0,0,650,0,M,2026-10-01,6,2027-08-26,52,0,2026-10-01,12,400,0,24000,,,Green / Sample Branding,1,1,FleetExample,1,0,1,1,0,0,0,215/75R17.5,215/75R17.5,2024-03-05,,,
SA23XES,Gravesend,Conventional Trailer,Conventional Trailer,Example Trailers,Box Trailer,Hire,Trunking Network,Demo Hire Services,2023,Active,2023-03-13,0,0,650,0,M,2026-10-15,6,2027-09-09,52,0,2026-10-29,12,250,0,24000,,,Blue,1,0,,0,0,1,1,0,0,0,215/75R17.5,215/75R17.5,2023-03-13,,,
SA22VHH,Gravesend,Conventional Trailer,Conventional Trailer,Example Trailers,Box Trailer,Lease,Trunking Network,Sample Leasing Ltd,2022,Active,2022-02-10,24,321,0,0,M,2026-10-22,6,2026-10-15,52,0,2026-10-22,12,0,0,24000,,,Blue,0,0,,0,0,0,0,0,1,0,215/75R17.5,215/75R17.5,2022-02-10,,,
SA23OSY,Gravesend,Megatrailer,Conventional Trailer,Example Trailers,Box Trailer,Hire,Trunking Network,Illustration Rentals,2023,Active,2023-04-05,0,0,145,0,M,2026-10-08,6,2026-10-01,52,0,2026-12-17,12,0,0,24000,,,Blue,0,0,,0,1,1,1,0,0,0,215/75R17.5,215/75R17.5,2023-04-05,,,
SA25GKR,Gravesend,Megatrailer,Conventional Trailer,Example Trailers,Box Trailer,Hire,Trunking Network,Example Fleet Partners,2025,Active,2025-05-07,0,0,650,0,M,2026-11-05,6,2027-02-18,52,0,2026-12-03,12,400,0,24000,,,Green / Sample Branding,1,0,,0,0,0,1,0,1,0,215/75R17.5,215/75R17.5,2025-05-07,,,
SA19HDS,Gravesend,Megatrailer,Conventional Trailer,Example Trailers,Box Trailer,Owned,Trunking Network,,2019,Active,2019-02-12,0,0,0,0,M,2026-10-22,6,2027-03-04,52,0,2026-10-01,12,400,0,24000,,,Green / Sample Branding,1,0,,0,0,0,1,0,0,0,215/75R17.5,215/75R17.5,2019-02-12,,,
SA22NZW,Gravesend,DD Trailer,Conventional Trailer,Example Trailers,Box Trailer,Lease,Trunking Network,Illustration Rentals,2022,Active,2022-12-23,48,492,0,0,M,2026-10-22,6,2027-07-15,52,0,2026-12-03,12,0,0,24000,,,White,1,0,,0,0,1,1,1,1,0,215/75R17.5,215/75R17.5,2022-12-23,,,
SA21SXC,Gravesend,Conventional Trailer,Conventional Trailer,Example Trailers,Box Trailer,Hire,Trunking Network,Example Fleet Partners,2021,Active,2021-11-19,0,0,650,0,M,2026-10-15,6,2027-08-05,52,0,2026-12-17,12,150,0,24000,,,Blue,0,1,FleetExample,1,1,1,0,0,0,0,215/75R17.5,215/75R17.5,2021-11-19,,,
SA23HMD,Gravesend,Conventional Trailer,Conventional Trailer,Example Trailers,Box Trailer,Owned,Trunking Network,,2023,Active,2023-12-12,0,0,0,0,M,2026-10-22,6,2027-05-20,52,0,2026-12-03,12,0,0,24000,,,Green / Sample Branding,0,0,,0,0,1,1,0,0,0,215/75R17.5,215/75R17.5,2023-12-12,,,
SA21MGA,Yaxley,Conventional Trailer,Conventional Trailer,Example Trailers,Box Trailer,Hire,Trunking Network,Illustration Rentals,2021,Active,2021-01-02,0,0,650,0,M,2026-10-01,6,2026-11-05,52,0,2026-12-17,12,150,0,24000,,,Green / Sample Branding,0,1,FleetExample,1,1,1,1,0,0,0,215/75R17.5,215/75R17.5,2021-01-02,,,
SA25TXV,Yaxley,Conventional Trailer,Conventional Trailer,Example Trailers,Box Trailer,Owned,Trunking Network,,2025,VOR,2025-05-01,0,0,0,0,M,2026-10-15,6,2027-02-18,52,0,2026-10-29,12,650,0,24000,,,Silver,1,0,,1,1,1,1,1,1,0,215/75R17.5,215/75R17.5,2025-05-01,,,
SA21SYL,Yaxley,Conventional Trailer,Conventional Trailer,Example Trailers,Box Trailer,Owned,Trunking Network,,2021,Active,2021-09-16,0,0,0,0,M,2026-10-29,6,2026-07-23,52,0,2026-10-01,12,150,0,24000,,,White,0,1,DemoTrack,1,0,0,1,1,1,0,215/75R17.5,215/75R17.5,2021-09-16,,,
SA23LXB,Yaxley,Conventional Trailer,Conventional Trailer,Example Trailers,Box Trailer,Owned,Trunking Network,,2023,Active,2023-02-01,0,0,0,0,M,2026-10-01,6,2027-01-07,52,0,2026-10-01,12,0,0,24000,,,Green / Sample Branding,0,0,,1,1,1,1,1,1,0,215/75R17.5,215/75R17.5,2023-02-01,,,
SA23XDW,Yaxley,Megatrailer,Conventional Trailer,Example Trailers,Box Trailer,Hire,Trunking Network,Illustration Rentals,2023,Active,2023-12-22,0,0,650,0,M,2026-10-01,6,2027-05-13,52,0,2026-11-05,12,250,0,24000,,,Blue,0,1,DemoTrack,0,1,1,1,0,1,0,215/75R17.5,215/75R17.5,2023-12-22,,,
SA23ELA,Yaxley,Megatrailer,Conventional Trailer,Example Trailers,Box Trailer,Owned,Trunking Network,,2023,Active,2023-01-04,0,0,0,0,M,2026-10-15,6,2027-02-18,52,0,2026-10-22,12,400,0,24000,,,White,1,0,,0,1,0,1,1,0,0,215/75R17.5,215/75R17.5,2023-01-04,,,
SA20DKD,Yaxley,Megatrailer,Conventional Trailer,Example Trailers,Box Trailer,Hire,Trunking Network,Illustration Rentals,2020,Active,2020-12-02,0,0,650,0,M,2026-10-15,6,2027-04-08,52,0,2026-10-08,12,250,0,24000,,,Green / Sample Branding,1,0,,0,1,1,1,0,1,0,215/75R17.5,215/75R17.5,2020-12-02,,,
SA19VKB,Yaxley,DD Trailer,Conventional Trailer,Example Trailers,Box Trailer,Lease,Trunking Network,Sample Leasing Ltd,2019,Active,2019-11-02,36,356,0,0,M,2026-10-08,6,2027-03-18,52,0,2026-10-08,12,250,0,24000,,,Silver,0,0,,0,1,0,1,1,1,0,215/75R17.5,215/75R17.5,2019-11-02,,,
SA25WSK,Yaxley,Conventional Trailer,Conventional Trailer,Example Trailers,Box Trailer,Owned,Trunking Network,,2025,Active,2025-11-08,0,0,0,0,M,2026-10-01,6,2026-10-22,52,0,2026-08-13,12,250,0,24000,,,White / Sample Branding,0,0,,0,0,0,1,0,0,0,215/75R17.5,215/75R17.5,2025-11-08,,,
SA20JSF,Yaxley,Conventional Trailer,Conventional Trailer,Example Trailers,Box Trailer,Owned,Trunking Network,,2020,Active,2020-03-25,0,0,0,0,M,2026-08-27,6,2027-05-06,52,0,2026-11-12,12,400,0,24000,,,Blue,0,1,FleetExample,1,0,1,1,1,0,0,215/75R17.5,215/75R17.5,2020-03-25,,,
SA24LJM,Luton,Conventional Trailer,Conventional Trailer,Example Trailers,Box Trailer,Lease,Trunking Network,Example Fleet Partners,2024,Active,2024-07-08,48,366,0,0,M,2026-10-01,6,2027-03-04,52,0,2026-12-17,12,250,0,24000,,,Blue,0,1,SampleConnect,1,0,1,1,0,1,0,215/75R17.5,215/75R17.5,2024-07-08,,,
SA25NOD,Luton,Conventional Trailer,Conventional Trailer,Example Trailers,Box Trailer,Lease,Trunking Network,Illustration Rentals,2025,Active,2025-08-03,48,388,0,0,M,2026-10-08,6,2027-02-25,52,0,2026-11-26,12,250,0,24000,,,Green / Sample Branding,0,1,SampleConnect,0,0,0,1,1,1,0,215/75R17.5,215/75R17.5,2025-08-03,,,
SA22NPN,Luton,Conventional Trailer,Conventional Trailer,Example Trailers,Box Trailer,Hire,Trunking Network,Sample Leasing Ltd,2022,Active,2022-11-05,0,0,145,0,M,2026-10-29,6,2027-05-20,52,0,2026-11-05,12,400,0,24000,,,Blue,1,0,,0,0,0,1,0,1,0,215/75R17.5,215/75R17.5,2022-11-05,,,
SA20LEP,Luton,Conventional Trailer,Conventional Trailer,Example Trailers,Box Trailer,Lease,Trunking Network,Illustration Rentals,2020,Active,2020-08-14,36,245,0,0,M,2026-10-15,6,2026-11-12,52,0,2026-12-10,12,150,0,24000,,,Blue,1,1,SampleConnect,1,1,1,1,1,0,0,215/75R17.5,215/75R17.5,2020-08-14,,,
SA19JAB,Luton,Megatrailer,Conventional Trailer,Example Trailers,Box Trailer,Hire,Trunking Network,Demo Hire Services,2019,Active,2019-06-24,0,0,650,0,M,2026-10-29,6,2026-11-26,52,0,2026-10-22,12,650,0,24000,,,White / Sample Branding,1,0,,0,1,1,1,1,0,0,215/75R17.5,215/75R17.5,2019-06-24,,,
SA19BSB,Luton,Megatrailer,Conventional Trailer,Example Trailers,Box Trailer,Owned,Trunking Network,,2019,Active,2019-09-20,0,0,0,0,M,2026-11-05,6,2027-03-04,52,0,2026-10-22,12,150,0,24000,,,White,1,0,,0,0,0,1,0,1,0,215/75R17.5,215/75R17.5,2019-09-20,,,
SA24DPH,Luton,Megatrailer,Conventional Trailer,Example Trailers,Box Trailer,Hire,Trunking Network,Demo Hire Services,2024,Active,2024-04-11,0,0,650,0,M,2026-11-05,6,2026-11-05,52,0,2026-12-10,12,150,0,24000,,,Green / Sample Branding,0,1,SampleConnect,1,0,0,1,0,1,0,215/75R17.5,215/75R17.5,2024-04-11,,,
SA22DGS,Luton,DD Trailer,Conventional Trailer,Example Trailers,Box Trailer,Lease,Trunking Network,Illustration Rentals,2022,Active,2022-05-09,60,215,0,0,M,2026-10-01,6,2027-01-21,52,0,2026-10-08,12,150,0,24000,,,Silver,0,1,FleetExample,1,0,0,0,0,0,0,215/75R17.5,215/75R17.5,2022-05-09,,,
SA20KMB,Luton,Conventional Trailer,Conventional Trailer,Example Trailers,Box Trailer,Hire,Trunking Network,Demo Hire Services,2020,Active,2020-09-08,0,0,650,0,M,2026-10-15,6,2026-10-22,52,0,2026-11-05,12,0,0,24000,,,Silver,0,1,DemoTrack,0,1,1,1,0,0,0,215/75R17.5,215/75R17.5,2020-09-08,,,
SA22PGX,Luton,Conventional Trailer,Conventional Trailer,Example Trailers,Box Trailer,Hire,Trunking Network,Illustration Rentals,2022,VOR,2022-12-19,0,0,145,0,M,2026-10-29,6,2026-12-24,52,0,2026-10-22,12,0,0,24000,,,Silver,1,1,FleetExample,0,1,1,1,1,0,0,215/75R17.5,215/75R17.5,2022-12-19,,,
SA24ZCH,Newport,Conventional Trailer,Conventional Trailer,Example Trailers,Box Trailer,Owned,Trunking Network,,2024,Active,2024-01-13,0,0,0,0,M,2026-10-22,6,2027-02-11,52,0,2026-12-03,12,0,0,24000,,,White,0,1,SampleConnect,1,0,1,1,0,1,0,215/75R17.5,215/75R17.5,2024-01-13,,,
SA19OTO,Newport,Conventional Trailer,Conventional Trailer,Example Trailers,Box Trailer,Lease,Trunking Network,Example Fleet Partners,2019,Active,2019-10-18,36,349,0,0,M,2026-10-15,6,2027-04-15,52,0,2026-11-26,12,400,0,24000,,,Green / Sample Branding,0,0,,0,0,1,1,1,1,0,215/75R17.5,215/75R17.5,2019-10-18,,,
SA23AVH,Newport,Conventional Trailer,Conventional Trailer,Example Trailers,Box Trailer,Lease,Trunking Network,Sample Leasing Ltd,2023,Active,2023-10-22,60,384,0,0,M,2026-10-08,6,2026-07-30,52,0,2026-11-05,12,400,0,24000,,,Green / Sample Branding,1,0,,0,0,0,1,0,0,0,215/75R17.5,215/75R17.5,2023-10-22,,,
SA19AZP,Newport,Conventional Trailer,Conventional Trailer,Example Trailers,Box Trailer,Hire,Trunking Network,Example Fleet Partners,2019,Active,2019-12-02,0,0,145,0,M,2026-11-05,6,2027-01-07,52,0,2026-10-29,12,650,0,24000,,,White / Sample Branding,1,1,FleetExample,1,0,0,0,0,0,0,215/75R17.5,215/75R17.5,2019-12-02,,,
SA23ZZH,Newport,Megatrailer,Conventional Trailer,Example Trailers,Box Trailer,Owned,Trunking Network,,2023,Active,2023-02-11,0,0,0,0,M,2026-10-08,6,2027-02-18,52,0,2026-10-15,12,250,0,24000,,,Silver,0,0,,0,1,0,0,0,0,0,215/75R17.5,215/75R17.5,2023-02-11,,,
SA23PAS,Newport,Megatrailer,Conventional Trailer,Example Trailers,Box Trailer,Lease,Trunking Network,Example Fleet Partners,2023,Active,2023-09-11,60,191,0,0,M,2026-10-01,6,2026-12-03,52,0,2026-10-01,12,250,0,24000,,,White / Sample Branding,0,1,SampleConnect,0,0,1,1,1,1,0,215/75R17.5,215/75R17.5,2023-09-11,,,
SA25HSG,Newport,Megatrailer,Conventional Trailer,Example Trailers,Box Trailer,Owned,Trunking Network,,2025,Active,2025-08-12,0,0,0,0,M,2026-10-08,6,2027-05-13,52,0,2026-11-12,12,250,0,24000,,,Blue,0,1,SampleConnect,1,1,1,0,1,1,0,215/75R17.5,215/75R17.5,2025-08-12,,,
SA22DMP,Newport,DD Trailer,Conventional Trailer,Example Trailers,Box Trailer,Hire,Trunking Network,Sample Leasing Ltd,2022,Active,2022-09-01,0,0,650,0,M,2026-10-01,6,2027-09-23,52,0,2026-11-19,12,650,0,24000,,,White / Sample Branding,1,1,FleetExample,0,0,0,1,1,0,0,215/75R17.5,215/75R17.5,2022-09-01,,,
SA19YVN,Newport,Conventional Trailer,Conventional Trailer,Example Trailers,Box Trailer,Hire,Trunking Network,Demo Hire Services,2019,Active,2019-05-19,0,0,650,0,M,2026-10-01,6,2027-09-02,52,0,2026-09-17,12,250,0,24000,,,Blue,1,0,,1,0,1,1,1,0,0,215/75R17.5,215/75R17.5,2019-05-19,,,
SA19FLR,Newport,Conventional Trailer,Conventional Trailer,Example Trailers,Box Trailer,Lease,Trunking Network,Example Fleet Partners,2019,Active,2019-04-03,60,346,0,0,M,2026-08-27,6,2027-08-05,52,0,2026-11-26,12,400,0,24000,,,Green / Sample Branding,1,1,FleetExample,1,1,0,1,0,0,0,215/75R17.5,215/75R17.5,2019-04-03,,,
SA22VPV,Spennymoor,Conventional Trailer,Conventional Trailer,Example Trailers,Box Trailer,Lease,Trunking Network,Sample Leasing Ltd,2022,Active,2022-08-13,36,520,0,0,M,2026-10-22,6,2027-03-11,52,0,2026-10-22,12,250,0,24000,,,Green / Sample Branding,1,1,DemoTrack,0,1,1,1,1,1,0,215/75R17.5,215/75R17.5,2022-08-13,,,
SA19BYZ,Spennymoor,Conventional Trailer,Conventional Trailer,Example Trailers,Box Trailer,Hire,Trunking Network,Sample Leasing Ltd,2019,Active,2019-02-22,0,0,145,0,M,2026-11-05,6,2026-11-05,52,0,2026-12-10,12,650,0,24000,,,Green / Sample Branding,0,0,,1,1,0,1,0,1,0,215/75R17.5,215/75R17.5,2019-02-22,,,
SA25MPB,Spennymoor,Conventional Trailer,Conventional Trailer,Example Trailers,Box Trailer,Lease,Trunking Network,Demo Hire Services,2025,Active,2025-11-12,24,335,0,0,M,2026-10-29,6,2027-05-06,52,0,2026-10-15,12,0,0,24000,,,Silver,1,1,DemoTrack,1,0,0,1,1,1,0,215/75R17.5,215/75R17.5,2025-11-12,,,
SA22PXY,Spennymoor,Conventional Trailer,Conventional Trailer,Example Trailers,Box Trailer,Hire,Trunking Network,Sample Leasing Ltd,2022,Active,2022-12-11,0,0,650,0,M,2026-10-01,6,2026-12-10,52,0,2026-10-22,12,0,0,24000,,,Silver,0,1,FleetExample,0,0,1,1,1,0,0,215/75R17.5,215/75R17.5,2022-12-11,,,
SA23UHZ,Spennymoor,Megatrailer,Conventional Trailer,Example Trailers,Box Trailer,Lease,Trunking Network,Illustration Rentals,2023,VOR,2023-11-15,24,318,0,0,M,2026-11-05,6,2027-02-11,52,0,2026-10-22,12,400,0,24000,,,Silver,1,0,,0,0,0,1,0,0,0,215/75R17.5,215/75R17.5,2023-11-15,,,
SA25MXM,Spennymoor,Megatrailer,Conventional Trailer,Example Trailers,Box Trailer,Hire,Trunking Network,Illustration Rentals,2025,Active,2025-11-17,0,0,145,0,M,2026-10-08,6,2027-08-26,52,0,2026-10-29,12,150,0,24000,,,White,0,1,FleetExample,0,0,1,0,0,0,0,215/75R17.5,215/75R17.5,2025-11-17,,,
SA21YYV,Spennymoor,Megatrailer,Conventional Trailer,Example Trailers,Box Trailer,Hire,Trunking Network,Demo Hire Services,2021,Active,2021-03-10,0,0,145,0,M,2026-10-15,6,2026-11-19,52,0,2026-10-22,12,650,0,24000,,,White / Sample Branding,1,0,,0,0,0,1,0,1,0,215/75R17.5,215/75R17.5,2021-03-10,,,
SA20ETY,Spennymoor,DD Trailer,Conventional Trailer,Example Trailers,Box Trailer,Hire,Trunking Network,Sample Leasing Ltd,2020,Active,2020-02-18,0,0,145,0,M,2026-10-08,6,2027-05-20,52,0,2026-11-12,12,0,0,24000,,,Green / Sample Branding,1,0,,0,0,1,1,1,1,0,215/75R17.5,215/75R17.5,2020-02-18,,,
SA24BCU,Spennymoor,Conventional Trailer,Conventional Trailer,Example Trailers,Box Trailer,Lease,Trunking Network,Example Fleet Partners,2024,Active,2024-10-27,36,522,0,0,M,2026-10-01,6,2027-02-25,52,0,2026-10-29,12,0,0,24000,,,White,1,0,,1,1,0,1,1,0,0,215/75R17.5,215/75R17.5,2024-10-27,,,
SA19YVY,Spennymoor,Conventional Trailer,Conventional Trailer,Example Trailers,Box Trailer,Hire,Trunking Network,Example Fleet Partners,2019,Active,2019-12-24,0,0,650,0,M,2026-11-05,6,2027-09-16,52,0,2026-10-01,12,400,0,24000,,,Green / Sample Branding,0,1,DemoTrack,0,1,1,1,1,1,0,215/75R17.5,215/75R17.5,2019-12-24,,,
SA22AVZ,Dundee,Conventional Trailer,Conventional Trailer,Example Trailers,Box Trailer,Lease,Trunking Network,Illustration Rentals,2022,Active,2022-12-28,48,553,0,0,M,2026-11-05,6,2027-04-15,52,0,2026-11-19,12,150,0,24000,,,Blue,1,1,FleetExample,0,1,0,1,0,1,0,215/75R17.5,215/75R17.5,2022-12-28,,,
SA21XXN,Dundee,Conventional Trailer,Conventional Trailer,Example Trailers,Box Trailer,Lease,Trunking Network,Example Fleet Partners,2021,Active,2021-10-05,48,544,0,0,M,2026-10-22,6,2027-08-12,52,0,2026-12-10,12,0,0,24000,,,White,1,0,,0,1,1,1,0,1,0,215/75R17.5,215/75R17.5,2021-10-05,,,
SA23AGT,Dundee,Conventional Trailer,Conventional Trailer,Example Trailers,Box Trailer,Hire,Trunking Network,Sample Leasing Ltd,2023,Active,2023-11-15,0,0,145,0,M,2026-10-08,6,2026-04-09,52,0,2026-10-15,12,0,0,24000,,,White / Sample Branding,0,1,DemoTrack,1,0,0,1,0,0,0,215/75R17.5,215/75R17.5,2023-11-15,,,
SA21FUN,Dundee,Conventional Trailer,Conventional Trailer,Example Trailers,Box Trailer,Owned,Trunking Network,,2021,Active,2021-07-14,0,0,0,0,M,2026-10-22,6,2027-01-14,52,0,2026-12-10,12,650,0,24000,,,Silver,1,0,,1,1,1,1,1,0,0,215/75R17.5,215/75R17.5,2021-07-14,,,
SA24DVZ,Dundee,Megatrailer,Conventional Trailer,Example Trailers,Box Trailer,Lease,Trunking Network,Demo Hire Services,2024,Active,2024-04-07,60,432,0,0,M,2026-10-15,6,2026-11-26,52,0,2026-11-12,12,650,0,24000,,,Green / Sample Branding,1,0,,0,1,1,0,0,0,0,215/75R17.5,215/75R17.5,2024-04-07,,,
SA20TLZ,Dundee,Megatrailer,Conventional Trailer,Example Trailers,Box Trailer,Lease,Trunking Network,Example Fleet Partners,2020,Active,2020-08-20,36,511,0,0,M,2026-11-05,6,2026-12-17,52,0,2026-10-15,12,400,0,24000,,,Green / Sample Branding,1,1,DemoTrack,0,0,1,1,0,1,0,215/75R17.5,215/75R17.5,2020-08-20,,,
SA20DCO,Dundee,Megatrailer,Conventional Trailer,Example Trailers,Box Trailer,Lease,Trunking Network,Sample Leasing Ltd,2020,VOR,2020-05-08,48,530,0,0,M,2026-11-05,6,2026-10-08,52,0,2026-12-10,12,250,0,24000,,,Green / Sample Branding,1,1,FleetExample,1,1,0,1,0,0,0,215/75R17.5,215/75R17.5,2020-05-08,,,
SA22FHS,Dundee,DD Trailer,Conventional Trailer,Example Trailers,Box Trailer,Owned,Trunking Network,,2022,Active,2022-01-11,0,0,0,0,M,2026-10-08,6,2027-09-23,52,0,2026-10-08,12,0,0,24000,,,Blue,1,1,DemoTrack,0,0,0,1,0,1,0,215/75R17.5,215/75R17.5,2022-01-11,,,
SA19KNH,Dundee,Conventional Trailer,Conventional Trailer,Example Trailers,Box Trailer,Owned,Trunking Network,,2019,Active,2019-06-15,0,0,0,0,M,2026-10-29,6,2027-01-21,52,0,2026-07-09,12,250,0,24000,,,Blue,1,1,SampleConnect,0,1,0,1,1,0,0,215/75R17.5,215/75R17.5,2019-06-15,,,
SA20HUG,Crawley,Conventional Trailer,Conventional Trailer,Example Trailers,Box Trailer,Lease,Trunking Network,Illustration Rentals,2020,Active,2020-10-18,24,253,0,0,M,2026-08-20,6,2027-02-25,52,0,2026-10-15,12,400,0,24000,,,White,0,0,,0,0,0,1,1,1,0,215/75R17.5,215/75R17.5,2020-10-18,,,
SA21XAU,Crawley,Conventional Trailer,Conventional Trailer,Example Trailers,Box Trailer,Lease,Trunking Network,Demo Hire Services,2021,Active,2021-10-10,48,457,0,0,M,2026-10-22,6,2027-09-02,52,0,2026-12-10,12,650,0,24000,,,Green / Sample Branding,1,1,SampleConnect,1,1,0,1,0,1,0,215/75R17.5,215/75R17.5,2021-10-10,,,
SA25JPX,Crawley,Conventional Trailer,Conventional Trailer,Example Trailers,Box Trailer,Lease,Trunking Network,Sample Leasing Ltd,2025,Active,2025-11-13,60,253,0,0,M,2026-11-05,6,2026-10-08,52,0,2026-12-17,12,0,0,24000,,,Blue,0,1,FleetExample,1,1,0,1,1,1,0,215/75R17.5,215/75R17.5,2025-11-13,,,
SA23FCB,Crawley,Conventional Trailer,Conventional Trailer,Example Trailers,Box Trailer,Lease,Trunking Network,Demo Hire Services,2023,Active,2023-02-04,60,542,0,0,M,2026-10-29,6,2026-10-22,52,0,2026-10-15,12,400,0,24000,,,Green / Sample Branding,0,1,FleetExample,1,1,0,1,0,0,0,215/75R17.5,215/75R17.5,2023-02-04,,,
SA23BLS,Crawley,Conventional Trailer,Conventional Trailer,Example Trailers,Box Trailer,Hire,Trunking Network,Example Fleet Partners,2023,VOR,2023-01-10,0,0,145,0,M,2026-10-29,6,2027-08-26,52,0,2026-11-05,12,0,0,24000,,,White / Sample Branding,1,1,DemoTrack,0,1,0,1,1,0,0,215/75R17.5,215/75R17.5,2023-01-10,,,
SA25TST,Crawley,Megatrailer,Conventional Trailer,Example Trailers,Box Trailer,Lease,Trunking Network,Sample Leasing Ltd,2025,Active,2025-09-25,36,362,0,0,M,2026-10-22,6,2027-05-06,52,0,2026-12-03,12,150,0,24000,,,Silver,0,0,,1,0,1,0,1,1,0,215/75R17.5,215/75R17.5,2025-09-25,,,
SA21AOG,Crawley,Megatrailer,Conventional Trailer,Example Trailers,Box Trailer,Owned,Trunking Network,,2021,Active,2021-01-21,0,0,0,0,M,2026-11-05,6,2027-06-10,52,0,2026-11-26,12,250,0,24000,,,White / Sample Branding,0,0,,1,1,1,0,1,1,0,215/75R17.5,215/75R17.5,2021-01-21,,,
SA25JLO,Crawley,Megatrailer,Conventional Trailer,Example Trailers,Box Trailer,Hire,Trunking Network,Sample Leasing Ltd,2025,Active,2025-02-21,0,0,650,0,M,2026-11-05,6,2026-10-08,52,0,2026-12-03,12,250,0,24000,,,White / Sample Branding,0,1,DemoTrack,0,1,1,1,1,0,0,215/75R17.5,215/75R17.5,2025-02-21,,,
SA21JYY,Heywood,DD Trailer,Conventional Trailer,Example Trailers,Box Trailer,Hire,Trunking Network,Sample Leasing Ltd,2021,VOR,2021-07-08,0,0,650,0,M,2026-11-05,6,2027-03-04,52,0,2026-12-03,12,250,0,24000,,,White / Sample Branding,1,0,,0,1,0,1,1,0,0,215/75R17.5,215/75R17.5,2021-07-08,,,
SA23THU,Heywood,Conventional Trailer,Conventional Trailer,Example Trailers,Box Trailer,Owned,Trunking Network,,2023,Active,2023-08-05,0,0,0,0,M,2026-10-29,6,2027-03-11,52,0,2026-11-19,12,650,0,24000,,,Blue,1,0,,1,1,1,1,1,0,0,215/75R17.5,215/75R17.5,2023-08-05,,,
SA20GTJ,Heywood,Conventional Trailer,Conventional Trailer,Example Trailers,Box Trailer,Lease,Trunking Network,Demo Hire Services,2020,Active,2020-10-25,48,349,0,0,M,2026-10-15,6,2027-02-25,52,0,2026-11-05,12,400,0,24000,,,Green / Sample Branding,0,1,SampleConnect,0,1,0,1,1,1,0,215/75R17.5,215/75R17.5,2020-10-25,,,
SA23UVD,Heywood,Conventional Trailer,Conventional Trailer,Example Trailers,Box Trailer,Lease,Trunking Network,Example Fleet Partners,2023,Active,2023-02-07,36,530,0,0,M,2026-11-05,6,2027-07-15,52,0,2026-10-01,12,400,0,24000,,,White / Sample Branding,0,1,SampleConnect,0,1,0,1,1,0,0,215/75R17.5,215/75R17.5,2023-02-07,,,
SA25UAS,Heywood,Conventional Trailer,Conventional Trailer,Example Trailers,Box Trailer,Hire,Trunking Network,Sample Leasing Ltd,2025,Active,2025-05-14,0,0,650,0,M,2026-10-15,6,2026-10-15,52,0,2026-12-10,12,400,0,24000,,,White / Sample Branding,0,1,SampleConnect,1,1,0,0,0,1,0,215/75R17.5,215/75R17.5,2025-05-14,,,
SA22ERH,Heywood,Conventional Trailer,Conventional Trailer,Example Trailers,Box Trailer,Lease,Trunking Network,Illustration Rentals,2022,Active,2022-09-03,24,512,0,0,M,2026-10-22,6,2026-01-29,52,0,2026-10-29,12,150,0,24000,,,White / Sample Branding,1,1,DemoTrack,0,0,0,1,0,0,0,215/75R17.5,215/75R17.5,2022-09-03,,,
SA23HBX,Heywood,Conventional Trailer,Conventional Trailer,Example Trailers,Box Trailer,Owned,Trunking Network,,2023,Active,2023-08-11,0,0,0,0,M,2026-10-29,6,2027-06-24,52,0,2026-11-26,12,150,0,24000,,,White,1,0,,0,1,0,1,1,0,0,215/75R17.5,215/75R17.5,2023-08-11,,,
SA24UMW,Heywood,Megatrailer,Conventional Trailer,Example Trailers,Box Trailer,Hire,Trunking Network,Example Fleet Partners,2024,Active,2024-05-20,0,0,145,0,M,2026-10-01,6,2026-10-22,52,0,2026-11-19,12,0,0,24000,,,White,1,1,DemoTrack,0,1,1,1,0,0,0,215/75R17.5,215/75R17.5,2024-05-20,,,
SA25JUD,Larkhall,Megatrailer,Conventional Trailer,Example Trailers,Box Trailer,Lease,Trunking Network,Demo Hire Services,2025,Active,2025-01-15,36,424,0,0,M,2026-10-29,6,2027-07-29,52,0,2026-12-03,12,400,0,24000,,,Silver,1,1,FleetExample,1,1,1,1,0,0,0,215/75R17.5,215/75R17.5,2025-01-15,,,
SA20SHL,Larkhall,Megatrailer,Conventional Trailer,Example Trailers,Box Trailer,Owned,Trunking Network,,2020,Active,2020-04-21,0,0,0,0,M,2026-11-05,6,2026-11-05,52,0,2026-12-03,12,400,0,24000,,,Silver,0,0,,1,0,0,1,1,0,0,215/75R17.5,215/75R17.5,2020-04-21,,,
SA25PRX,Larkhall,DD Trailer,Conventional Trailer,Example Trailers,Box Trailer,Lease,Trunking Network,Demo Hire Services,2025,Active,2025-09-14,60,307,0,0,M,2026-10-15,6,2026-12-03,52,0,2026-11-26,12,150,0,24000,,,Green / Sample Branding,0,1,SampleConnect,0,1,0,1,1,0,0,215/75R17.5,215/75R17.5,2025-09-14,,,
SA19UXN,Larkhall,Conventional Trailer,Conventional Trailer,Example Trailers,Box Trailer,Hire,Trunking Network,Demo Hire Services,2019,Active,2019-07-25,0,0,650,0,M,2026-10-01,6,2027-03-04,52,0,2026-09-17,12,650,0,24000,,,Silver,1,1,FleetExample,1,1,0,0,1,0,0,215/75R17.5,215/75R17.5,2019-07-25,,,
SA22ZAV,Larkhall,Conventional Trailer,Conventional Trailer,Example Trailers,Box Trailer,Hire,Trunking Network,Example Fleet Partners,2022,Active,2022-10-11,0,0,650,0,M,2026-09-17,6,2027-04-01,52,0,2026-10-22,12,0,0,24000,,,White,1,0,,1,0,0,1,0,0,0,215/75R17.5,215/75R17.5,2022-10-11,,,
SA24OOM,Larkhall,Conventional Trailer,Conventional Trailer,Example Trailers,Box Trailer,Hire,Trunking Network,Sample Leasing Ltd,2024,Active,2024-07-27,0,0,145,0,M,2026-10-29,6,2027-03-25,52,0,2026-12-03,12,650,0,24000,,,White,0,0,,1,0,0,1,1,1,0,215/75R17.5,215/75R17.5,2024-07-27,,,
SA23WCD,Larkhall,Conventional Trailer,Conventional Trailer,Example Trailers,Box Trailer,Owned,Trunking Network,,2023,Active,2023-11-10,0,0,0,0,M,2026-11-05,6,2027-09-16,52,0,2026-11-26,12,400,0,24000,,,Silver,1,1,DemoTrack,0,1,0,1,0,1,0,215/75R17.5,215/75R17.5,2023-11-10,,,
SA20RFZ,Basildon,Conventional Trailer,Conventional Trailer,Example Trailers,Box Trailer,Hire,Trunking Network,Example Fleet Partners,2020,Active,2020-02-24,0,0,650,0,M,2026-10-08,6,2027-03-04,52,0,2026-11-12,12,150,0,24000,,,Green / Sample Branding,1,1,SampleConnect,1,1,0,1,1,0,0,215/75R17.5,215/75R17.5,2020-02-24,,,
SA19TMC,Basildon,Conventional Trailer,Conventional Trailer,Example Trailers,Box Trailer,Lease,Trunking Network,Sample Leasing Ltd,2019,Active,2019-03-14,24,479,0,0,M,2026-10-15,6,2027-09-16,52,0,2026-12-17,12,250,0,24000,,,Green / Sample Branding,0,0,,0,1,1,1,1,1,0,215/75R17.5,215/75R17.5,2019-03-14,,,
SA24FPB,Basildon,Megatrailer,Conventional Trailer,Example Trailers,Box Trailer,Owned,Trunking Network,,2024,Active,2024-05-19,0,0,0,0,M,2026-10-15,6,2027-05-27,52,0,2026-11-26,12,650,0,24000,,,White,0,1,SampleConnect,0,1,1,1,0,1,0,215/75R17.5,215/75R17.5,2024-05-19,,,
SA25GMV,Basildon,Megatrailer,Conventional Trailer,Example Trailers,Box Trailer,Owned,Trunking Network,,2025,VOR,2025-05-08,0,0,0,0,M,2026-10-15,6,2026-10-29,52,0,2026-11-05,12,0,0,24000,,,Green / Sample Branding,0,1,DemoTrack,0,1,1,1,0,1,0,215/75R17.5,215/75R17.5,2025-05-08,,,
SA25CVS,Basildon,Megatrailer,Conventional Trailer,Example Trailers,Box Trailer,Hire,Trunking Network,Illustration Rentals,2025,Active,2025-11-19,0,0,650,0,M,2026-10-08,6,2027-09-23,52,0,2026-11-05,12,150,0,24000,,,Blue,1,0,,0,1,0,1,1,1,0,215/75R17.5,215/75R17.5,2025-11-19,,,
SA22GUP,Basildon,DD Trailer,Conventional Trailer,Example Trailers,Box Trailer,Lease,Trunking Network,Demo Hire Services,2022,Active,2022-05-08,48,465,0,0,M,2026-10-01,6,2027-03-04,52,0,2026-10-08,12,250,0,24000,,,White,1,1,FleetExample,1,1,1,1,0,0,0,215/75R17.5,215/75R17.5,2022-05-08,,,
SA25GJG,Outside HDV Network,Conventional Trailer,Conventional Trailer,Example Trailers,Box Trailer,Lease,Trunking Network,Illustration Rentals,2025,Active,2025-12-20,24,428,0,0,M,2026-10-08,6,2027-04-01,52,0,2026-12-03,12,400,0,24000,,,Silver,0,0,,0,1,1,1,0,0,0,215/75R17.5,215/75R17.5,2025-12-20,,,
SA20VOV,Outside HDV Network,Conventional Trailer,Conventional Trailer,Example Trailers,Box Trailer,Lease,Trunking Network,Example Fleet Partners,2020,Active,2020-01-10,24,555,0,0,M,2026-10-15,6,2027-04-15,52,0,2026-12-10,12,650,0,24000,,,White / Sample Branding,1,0,,1,1,0,1,0,0,0,215/75R17.5,215/75R17.5,2020-01-10,,,
SA25OGH,Outside HDV Network,Conventional Trailer,Conventional Trailer,Example Trailers,Box Trailer,Lease,Trunking Network,Sample Leasing Ltd,2025,Active,2025-02-02,48,429,0,0,M,2026-10-22,6,2027-07-08,52,0,2026-11-05,12,150,0,24000,,,Blue,1,0,,0,1,1,1,1,1,0,215/75R17.5,215/75R17.5,2025-02-02,,,
SA21ECC,Outside HDV Network,Conventional Trailer,Conventional Trailer,Example Trailers,Box Trailer,Lease,Trunking Network,Example Fleet Partners,2021,Active,2021-07-16,36,308,0,0,M,2026-10-15,6,2027-02-25,52,0,2026-10-08,12,400,0,24000,,,Silver,1,0,,1,1,0,1,1,0,0,215/75R17.5,215/75R17.5,2021-07-16,,,
SA23GBJ,Fareham,Conventional Trailer,Conventional Trailer,Example Trailers,Box Trailer,Lease,Trunking Network,Illustration Rentals,2023,VOR,2023-11-26,36,521,0,0,M,2026-10-29,6,2026-08-20,52,0,2026-10-29,12,400,0,24000,,,Blue,0,1,DemoTrack,1,1,0,1,1,0,0,215/75R17.5,215/75R17.5,2023-11-26,,,
SA23OCA,Fareham,Conventional Trailer,Conventional Trailer,Example Trailers,Box Trailer,Lease,Trunking Network,Sample Leasing Ltd,2023,Active,2023-04-20,60,315,0,0,M,2026-10-01,6,2027-04-01,52,0,2026-11-05,12,250,0,24000,,,White,0,1,FleetExample,0,1,0,1,0,0,0,215/75R17.5,215/75R17.5,2023-04-20,,,
SA22GDW,Fareham,Megatrailer,Conventional Trailer,Example Trailers,Box Trailer,Owned,Trunking Network,,2022,Active,2022-02-09,0,0,0,0,M,2026-10-15,6,2026-12-03,52,0,2026-12-17,12,0,0,24000,,,Green / Sample Branding,0,1,SampleConnect,1,1,0,1,1,0,0,215/75R17.5,215/75R17.5,2022-02-09,,,
SA19VTY,Fareham,Megatrailer,Conventional Trailer,Example Trailers,Box Trailer,Lease,Trunking Network,Example Fleet Partners,2019,Active,2019-12-28,36,493,0,0,M,2026-10-08,6,2027-06-24,52,0,2026-11-12,12,650,0,24000,,,Green / Sample Branding,0,0,,0,1,1,1,0,1,0,215/75R17.5,215/75R17.5,2019-12-28,,,
SA25RHA,Avonmouth,Megatrailer,Conventional Trailer,Example Trailers,Box Trailer,Hire,Trunking Network,Sample Leasing Ltd,2025,Active,2025-02-26,0,0,650,0,M,2026-10-15,6,2026-12-03,52,0,2026-10-01,12,0,0,24000,,,Green / Sample Branding,0,1,SampleConnect,0,0,0,1,1,0,0,215/75R17.5,215/75R17.5,2025-02-26,,,
SA21UTW,Avonmouth,DD Trailer,Conventional Trailer,Example Trailers,Box Trailer,Hire,Trunking Network,Demo Hire Services,2021,Active,2021-04-09,0,0,650,0,M,2026-10-22,6,2027-01-21,52,0,2026-11-05,12,650,0,24000,,,White,1,0,,0,0,1,1,0,1,0,215/75R17.5,215/75R17.5,2021-04-09,,,
SA22FJM,Avonmouth,Conventional Trailer,Conventional Trailer,Example Trailers,Box Trailer,Hire,Trunking Network,Illustration Rentals,2022,Active,2022-09-11,0,0,650,0,M,2026-10-08,6,2027-04-08,52,0,2026-08-27,12,250,0,24000,,,White,0,0,,0,1,0,1,1,0,0,215/75R17.5,215/75R17.5,2022-09-11,,,
SA25SNZ,Crewe,Conventional Trailer,Conventional Trailer,Example Trailers,Box Trailer,Hire,Trunking Network,Sample Leasing Ltd,2025,Active,2025-12-06,0,0,145,0,M,2026-08-20,6,2027-07-29,52,0,2026-11-19,12,650,0,24000,,,White,1,1,FleetExample,0,1,1,1,0,0,0,215/75R17.5,215/75R17.5,2025-12-06,,,
SA22HXJ,Crewe,Conventional Trailer,Conventional Trailer,Example Trailers,Box Trailer,Lease,Trunking Network,Sample Leasing Ltd,2022,Active,2022-09-14,36,187,0,0,M,2026-10-15,6,2027-04-08,52,0,2026-10-08,12,250,0,24000,,,White,0,0,,0,1,0,1,0,1,0,215/75R17.5,215/75R17.5,2022-09-14,,,
SA23LOX,Crewe,Conventional Trailer,Conventional Trailer,Example Trailers,Box Trailer,Owned,Trunking Network,,2023,Active,2023-10-02,0,0,0,0,M,2026-10-22,6,2027-01-07,52,0,2026-11-26,12,400,0,24000,,,Silver,0,1,DemoTrack,1,1,1,1,0,0,0,215/75R17.5,215/75R17.5,2023-10-02,,,
SA21XBY,Crewe,Conventional Trailer,Conventional Trailer,Example Trailers,Box Trailer,Lease,Trunking Network,Sample Leasing Ltd,2021,Active,2021-06-22,36,432,0,0,M,2026-10-22,6,2027-02-25,52,0,2026-10-01,12,150,0,24000,,,Blue,0,1,SampleConnect,0,1,0,1,0,0,0,215/75R17.5,215/75R17.5,2021-06-22,,,
SA23UFU,Crewe,Conventional Trailer,Conventional Trailer,Example Trailers,Box Trailer,Lease,Trunking Network,Example Fleet Partners,2023,Active,2023-06-03,24,223,0,0,M,2026-10-08,6,2027-09-02,52,0,2026-12-17,12,150,0,24000,,,Silver,0,0,,1,1,1,1,1,1,0,215/75R17.5,215/75R17.5,2023-06-03,,,
SA23CYS,Crewe,Megatrailer,Conventional Trailer,Example Trailers,Box Trailer,Lease,Trunking Network,Example Fleet Partners,2023,Active,2023-12-24,24,264,0,0,M,2026-10-08,6,2027-01-28,52,0,2026-11-12,12,250,0,24000,,,White,0,0,,1,1,1,1,0,1,0,215/75R17.5,215/75R17.5,2023-12-24,,,
SA24ANW,Crewe,Megatrailer,Conventional Trailer,Example Trailers,Box Trailer,Lease,Trunking Network,Sample Leasing Ltd,2024,Active,2024-12-13,24,540,0,0,M,2026-10-08,6,2026-11-19,52,0,2026-12-10,12,400,0,24000,,,Blue,1,1,DemoTrack,1,1,0,1,1,1,0,215/75R17.5,215/75R17.5,2024-12-13,,,
SA22JSY,Crewe,Megatrailer,Conventional Trailer,Example Trailers,Box Trailer,Lease,Trunking Network,Sample Leasing Ltd,2022,Active,2022-11-14,60,525,0,0,M,2026-11-05,6,2027-09-23,52,0,2026-11-12,12,650,0,24000,,,White / Sample Branding,1,1,DemoTrack,0,1,0,0,1,0,0,215/75R17.5,215/75R17.5,2022-11-14,,,
SA21CFP,Crewe,DD Trailer,Conventional Trailer,Example Trailers,Box Trailer,Owned,Trunking Network,,2021,Active,2021-11-15,0,0,0,0,M,2026-10-29,6,2026-10-15,52,0,2026-12-17,12,0,0,24000,,,Blue,1,1,SampleConnect,0,0,1,1,0,0,0,215/75R17.5,215/75R17.5,2021-11-15,,,
SA25FKO,Crewe,Conventional Trailer,Conventional Trailer,Example Trailers,Box Trailer,Hire,Trunking Network,Demo Hire Services,2025,Active,2025-08-14,0,0,650,0,M,2026-10-29,6,2027-06-03,52,0,2026-11-19,12,650,0,24000,,,Silver,1,1,DemoTrack,0,0,1,1,1,0,0,215/75R17.5,215/75R17.5,2025-08-14,,,
SA25VGT,Crewe,Conventional Trailer,Conventional Trailer,Example Trailers,Box Trailer,Lease,Trunking Network,Demo Hire Services,2025,Active,2025-07-22,24,188,0,0,M,2026-10-29,6,2027-03-25,52,0,2026-10-01,12,0,0,24000,,,White,0,1,DemoTrack,0,1,1,0,0,1,0,215/75R17.5,215/75R17.5,2025-07-22,,,
SA20ZLL,Crewe,Conventional Trailer,Conventional Trailer,Example Trailers,Box Trailer,Lease,Trunking Network,Sample Leasing Ltd,2020,Active,2020-01-13,36,455,0,0,M,2026-10-22,6,2027-05-27,52,0,2026-12-17,12,250,0,24000,,,White / Sample Branding,0,0,,0,1,0,0,0,0,0,215/75R17.5,215/75R17.5,2020-01-13,,,
SA22JKA,Crewe,Conventional Trailer,Conventional Trailer,Example Trailers,Box Trailer,Lease,Trunking Network,Demo Hire Services,2022,Active,2022-06-24,48,214,0,0,M,2026-10-15,6,2027-03-18,52,0,2026-10-08,12,150,0,24000,,,Green / Sample Branding,0,1,DemoTrack,0,0,1,1,0,1,0,215/75R17.5,215/75R17.5,2022-06-24,,,
SA23DTU,Crewe,Conventional Trailer,Conventional Trailer,Example Trailers,Box Trailer,Owned,Trunking Network,,2023,Active,2023-04-21,0,0,0,0,M,2026-10-08,6,2025-10-30,52,0,2026-11-12,12,650,0,24000,,,Green / Sample Branding,0,0,,0,1,1,1,0,1,0,215/75R17.5,215/75R17.5,2023-04-21,,,
SA23AVZ,Crewe,Conventional Trailer,Conventional Trailer,Example Trailers,Box Trailer,Hire,Trunking Network,Sample Leasing Ltd,2023,Active,2023-03-07,0,0,650,0,M,2026-10-15,6,2027-02-25,52,0,2026-11-26,12,150,0,24000,,,Silver,1,0,,0,1,0,0,0,0,0,215/75R17.5,215/75R17.5,2023-03-07,,,
SA25OFT,Crewe,Megatrailer,Conventional Trailer,Example Trailers,Box Trailer,Lease,Trunking Network,Sample Leasing Ltd,2025,Active,2025-03-01,36,335,0,0,M,2026-11-05,6,2026-10-29,52,0,2026-10-29,12,250,0,24000,,,Blue,0,1,FleetExample,1,1,0,1,1,1,0,215/75R17.5,215/75R17.5,2025-03-01,,,
SA20NHJ,Crewe,Megatrailer,Conventional Trailer,Example Trailers,Box Trailer,Hire,Trunking Network,Example Fleet Partners,2020,Active,2020-07-25,0,0,145,0,M,2026-10-15,6,2027-09-09,52,0,2026-12-10,12,400,0,24000,,,Green / Sample Branding,1,0,,1,1,1,1,0,1,0,215/75R17.5,215/75R17.5,2020-07-25,,,
SA20BHF,Crewe,Megatrailer,Conventional Trailer,Example Trailers,Box Trailer,Hire,Trunking Network,Demo Hire Services,2020,Active,2020-03-09,0,0,650,0,M,2026-10-29,6,2026-11-05,52,0,2026-12-17,12,250,0,24000,,,Silver,0,1,DemoTrack,0,0,1,1,1,1,0,215/75R17.5,215/75R17.5,2020-03-09,,,
SA22UGE,Crewe,DD Trailer,Conventional Trailer,Example Trailers,Box Trailer,Lease,Trunking Network,Sample Leasing Ltd,2022,Active,2022-01-01,36,358,0,0,M,2026-10-08,6,2027-02-11,52,0,2026-11-05,12,250,0,24000,,,Blue,0,0,,0,0,1,1,0,1,0,215/75R17.5,215/75R17.5,2022-01-01,,,
SA22JZA,Crewe,Conventional Trailer,Conventional Trailer,Example Trailers,Box Trailer,Owned,Trunking Network,,2022,Active,2022-02-15,0,0,0,0,M,2026-10-15,6,2027-09-16,52,0,2026-08-20,12,650,0,24000,,,Blue,0,0,,0,1,1,1,1,0,0,215/75R17.5,215/75R17.5,2022-02-15,,,
SA24MXJ,Crewe,Conventional Trailer,Conventional Trailer,Example Trailers,Box Trailer,Hire,Trunking Network,Example Fleet Partners,2024,Active,2024-08-10,0,0,650,0,M,2026-09-24,6,2026-12-17,52,0,2026-12-17,12,0,0,24000,,,Silver,1,0,,1,1,0,0,1,0,0,215/75R17.5,215/75R17.5,2024-08-10,,,
SA25ALV,Crewe,Conventional Trailer,Conventional Trailer,Example Trailers,Box Trailer,Hire,Trunking Network,Example Fleet Partners,2025,Active,2025-08-25,0,0,650,0,M,2026-10-08,6,2027-02-11,52,0,2026-11-12,12,150,0,24000,,,White / Sample Branding,0,1,FleetExample,0,0,1,1,1,0,0,215/75R17.5,215/75R17.5,2025-08-25,,,
SA22OLZ,Crewe,Conventional Trailer,Conventional Trailer,Example Trailers,Box Trailer,Lease,Trunking Network,Sample Leasing Ltd,2022,Active,2022-02-01,24,395,0,0,M,2026-10-29,6,2026-10-29,52,0,2026-12-03,12,650,0,24000,,,Green / Sample Branding,1,0,,0,0,0,1,1,0,0,215/75R17.5,215/75R17.5,2022-02-01,,,
SA22NRW,Crewe,Conventional Trailer,Conventional Trailer,Example Trailers,Box Trailer,Lease,Trunking Network,Example Fleet Partners,2022,Active,2022-12-28,48,198,0,0,M,2026-10-22,6,2027-07-01,52,0,2026-10-01,12,250,0,24000,,,White / Sample Branding,0,1,FleetExample,1,1,1,1,1,1,0,215/75R17.5,215/75R17.5,2022-12-28,,,
SA24KOD,Crewe,Conventional Trailer,Conventional Trailer,Example Trailers,Box Trailer,Hire,Trunking Network,Illustration Rentals,2024,Active,2024-09-13,0,0,145,0,M,2026-10-01,6,2027-09-23,52,0,2026-10-15,12,650,0,24000,,,White / Sample Branding,0,1,FleetExample,0,1,0,1,1,1,0,215/75R17.5,215/75R17.5,2024-09-13,,,
SA19AYL,Crewe,Megatrailer,Conventional Trailer,Example Trailers,Box Trailer,Hire,Trunking Network,Example Fleet Partners,2019,Active,2019-08-17,0,0,145,0,M,2026-10-29,6,2027-05-13,52,0,2026-11-26,12,250,0,24000,,,White,0,1,DemoTrack,0,1,0,1,1,0,0,215/75R17.5,215/75R17.5,2019-08-17,,,
SA25FZB,Crewe,Megatrailer,Conventional Trailer,Example Trailers,Box Trailer,Hire,Trunking Network,Illustration Rentals,2025,Active,2025-07-21,0,0,650,0,M,2026-10-22,6,2027-04-08,52,0,2026-11-05,12,400,0,24000,,,Green / Sample Branding,1,1,DemoTrack,0,1,0,1,1,1,0,215/75R17.5,215/75R17.5,2025-07-21,,,
SA23XXJ,Crewe,Megatrailer,Conventional Trailer,Example Trailers,Box Trailer,Hire,Trunking Network,Illustration Rentals,2023,Active,2023-12-24,0,0,650,0,M,2026-10-22,6,2027-06-17,52,0,2026-11-26,12,250,0,24000,,,Silver,1,1,DemoTrack,0,0,1,1,1,0,0,215/75R17.5,215/75R17.5,2023-12-24,,,
SA21RKH,Crewe,DD Trailer,Conventional Trailer,Example Trailers,Box Trailer,Hire,Trunking Network,Illustration Rentals,2021,Active,2021-11-12,0,0,145,0,M,2026-10-01,6,2027-07-08,52,0,2026-10-08,12,650,0,24000,,,Silver,0,0,,1,1,1,1,1,0,0,215/75R17.5,215/75R17.5,2021-11-12,,,
SA23RWS,Crewe,Conventional Trailer,Conventional Trailer,Example Trailers,Box Trailer,Hire,Trunking Network,Illustration Rentals,2023,Active,2023-06-05,0,0,145,0,M,2026-11-05,6,2027-06-10,52,0,2026-10-22,12,0,0,24000,,,Silver,0,1,FleetExample,0,0,1,1,1,0,0,215/75R17.5,215/75R17.5,2023-06-05,,,
SA25TXF,Crewe,Conventional Trailer,Conventional Trailer,Example Trailers,Box Trailer,Lease,Trunking Network,Illustration Rentals,2025,Active,2025-09-05,36,368,0,0,M,2026-10-29,6,2026-11-19,52,0,2026-10-08,12,650,0,24000,,,White,0,0,,0,1,0,1,0,1,0,215/75R17.5,215/75R17.5,2025-09-05,,,
SA21ZYT,Crewe,Conventional Trailer,Conventional Trailer,Example Trailers,Box Trailer,Hire,Trunking Network,Example Fleet Partners,2021,Active,2021-11-19,0,0,145,0,M,2026-10-22,6,2026-10-22,52,0,2026-11-05,12,0,0,24000,,,White / Sample Branding,0,1,DemoTrack,1,1,0,0,0,1,0,215/75R17.5,215/75R17.5,2021-11-19,,,
SA22VMR,Crewe,Conventional Trailer,Conventional Trailer,Example Trailers,Box Trailer,Lease,Trunking Network,Sample Leasing Ltd,2022,Active,2022-04-20,48,473,0,0,M,2026-10-22,6,2027-08-05,52,0,2026-11-05,12,150,0,24000,,,Silver,0,0,,0,0,1,1,1,0,0,215/75R17.5,215/75R17.5,2022-04-20,,,
SA23TSS,Crewe,Conventional Trailer,Conventional Trailer,Example Trailers,Box Trailer,Hire,Trunking Network,Example Fleet Partners,2023,Active,2023-07-02,0,0,145,0,M,2026-10-22,6,2026-09-17,52,0,2026-10-29,12,400,0,24000,,,Green / Sample Branding,1,0,,0,1,0,0,1,1,0,215/75R17.5,215/75R17.5,2023-07-02,,,
SA24YFW,Crewe,Conventional Trailer,Conventional Trailer,Example Trailers,Box Trailer,Hire,Trunking Network,Example Fleet Partners,2024,Active,2024-01-07,0,0,145,0,M,2026-10-01,6,2027-05-27,52,0,2026-12-17,12,250,0,24000,,,Blue,1,1,SampleConnect,1,1,1,1,1,0,0,215/75R17.5,215/75R17.5,2024-01-07,,,
SA20MUA,Crewe,Megatrailer,Conventional Trailer,Example Trailers,Box Trailer,Lease,Trunking Network,Demo Hire Services,2020,Active,2020-11-26,36,298,0,0,M,2026-10-01,6,2026-11-12,52,0,2026-10-08,12,650,0,24000,,,White / Sample Branding,0,0,,1,1,0,0,0,0,0,215/75R17.5,215/75R17.5,2020-11-26,,,
SA19XFR,Crewe,Megatrailer,Conventional Trailer,Example Trailers,Box Trailer,Lease,Trunking Network,Sample Leasing Ltd,2019,Active,2019-05-24,36,265,0,0,M,2026-10-01,6,2026-11-05,52,0,2026-10-08,12,400,0,24000,,,White / Sample Branding,0,1,SampleConnect,0,1,0,1,0,0,0,215/75R17.5,215/75R17.5,2019-05-24,,,
SA24NVF,Crewe,Megatrailer,Conventional Trailer,Example Trailers,Box Trailer,Hire,Trunking Network,Demo Hire Services,2024,Active,2024-10-16,0,0,145,0,M,2026-10-22,6,2027-07-29,52,0,2026-11-05,12,400,0,24000,,,White / Sample Branding,1,1,SampleConnect,0,1,1,1,1,0,0,215/75R17.5,215/75R17.5,2024-10-16,,,
SA19VFU,Crossgreen,DD Trailer,Conventional Trailer,Example Trailers,Box Trailer,Owned,Trunking Network,,2019,Active,2019-01-07,0,0,0,0,M,2026-10-08,6,2027-05-06,52,0,2026-10-22,12,400,0,24000,,,White / Sample Branding,1,0,,0,0,1,1,0,0,0,215/75R17.5,215/75R17.5,2019-01-07,,,
SA25BEL,Crossgreen,Conventional Trailer,Conventional Trailer,Example Trailers,Box Trailer,Hire,Trunking Network,Illustration Rentals,2025,VOR,2025-09-16,0,0,145,0,M,2026-10-22,6,2027-07-22,52,0,2026-09-03,12,0,0,24000,,,Blue,1,1,DemoTrack,0,0,1,1,0,0,0,215/75R17.5,215/75R17.5,2025-09-16,,,
SA22RAD,Crossgreen,Conventional Trailer,Conventional Trailer,Example Trailers,Box Trailer,Lease,Trunking Network,Demo Hire Services,2022,Active,2022-04-27,60,208,0,0,M,2026-09-24,6,2027-04-22,52,0,2026-11-19,12,0,0,24000,,,White / Sample Branding,0,1,FleetExample,0,1,0,1,0,0,0,215/75R17.5,215/75R17.5,2022-04-27,,,
SA22JXU,Crossgreen,Conventional Trailer,Conventional Trailer,Example Trailers,Box Trailer,Hire,Trunking Network,Sample Leasing Ltd,2022,Active,2022-10-04,0,0,650,0,M,2026-10-29,6,2027-04-01,52,0,2026-12-10,12,650,0,24000,,,Blue,1,1,FleetExample,0,0,0,1,0,1,0,215/75R17.5,215/75R17.5,2022-10-04,,,
SA21NEM,Crossgreen,Conventional Trailer,Conventional Trailer,Example Trailers,Box Trailer,Lease,Trunking Network,Demo Hire Services,2021,Active,2021-06-04,48,488,0,0,M,2026-10-08,6,2026-11-05,52,0,2026-10-08,12,400,0,24000,,,Blue,1,1,FleetExample,0,1,0,1,0,0,0,215/75R17.5,215/75R17.5,2021-06-04,,,
SA21WBR,Crossgreen,Conventional Trailer,Conventional Trailer,Example Trailers,Box Trailer,Owned,Trunking Network,,2021,Active,2021-11-06,0,0,0,0,M,2026-10-29,6,2027-09-23,52,0,2026-11-19,12,250,0,24000,,,White,0,0,,0,1,0,1,1,1,0,215/75R17.5,215/75R17.5,2021-11-06,,,
SA25KUX,Crossgreen,Conventional Trailer,Conventional Trailer,Example Trailers,Box Trailer,Owned,Trunking Network,,2025,Active,2025-08-28,0,0,0,0,M,2026-10-15,6,2027-01-14,52,0,2026-12-03,12,650,0,24000,,,Green / Sample Branding,0,0,,0,1,0,1,0,0,0,215/75R17.5,215/75R17.5,2025-08-28,,,
SA23YJY,Crossgreen,Megatrailer,Conventional Trailer,Example Trailers,Box Trailer,Hire,Trunking Network,Example Fleet Partners,2023,Active,2023-06-13,0,0,145,0,M,2026-10-22,6,2027-04-29,52,0,2026-10-22,12,400,0,24000,,,Silver,0,0,,0,1,0,1,1,1,0,215/75R17.5,215/75R17.5,2023-06-13,,,
SA19FDL,Crossgreen,Megatrailer,Conventional Trailer,Example Trailers,Box Trailer,Lease,Trunking Network,Illustration Rentals,2019,Active,2019-12-24,60,454,0,0,M,2026-10-01,6,2027-02-25,52,0,2026-11-26,12,650,0,24000,,,Blue,0,0,,0,1,1,1,1,0,0,215/75R17.5,215/75R17.5,2019-12-24,,,
SA20CRD,Crossgreen,Megatrailer,Conventional Trailer,Example Trailers,Box Trailer,Lease,Trunking Network,Example Fleet Partners,2020,Active,2020-07-16,60,328,0,0,M,2026-10-01,6,2027-07-01,52,0,2026-11-12,12,650,0,24000,,,White / Sample Branding,0,1,DemoTrack,0,0,1,0,0,0,0,215/75R17.5,215/75R17.5,2020-07-16,,,
SA21UJO,Crossgreen,DD Trailer,Conventional Trailer,Example Trailers,Box Trailer,Hire,Trunking Network,Example Fleet Partners,2021,Active,2021-10-05,0,0,145,0,M,2026-10-22,6,2027-04-22,52,0,2026-12-10,12,250,0,24000,,,Green / Sample Branding,0,0,,1,1,1,1,1,0,0,215/75R17.5,215/75R17.5,2021-10-05,,,
SA21NCJ,Crossgreen,Conventional Trailer,Conventional Trailer,Example Trailers,Box Trailer,Lease,Trunking Network,Example Fleet Partners,2021,Active,2021-05-06,48,534,0,0,M,2026-10-29,6,2027-09-02,52,0,2026-11-05,12,0,0,24000,,,Blue,0,0,,1,1,1,0,1,0,0,215/75R17.5,215/75R17.5,2021-05-06,,,
SA24VNF,Crossgreen,Conventional Trailer,Conventional Trailer,Example Trailers,Box Trailer,Hire,Trunking Network,Sample Leasing Ltd,2024,Active,2024-11-02,0,0,650,0,M,2026-10-08,6,2027-02-04,52,0,2026-12-03,12,250,0,24000,,,Green / Sample Branding,0,1,FleetExample,0,0,0,1,0,0,0,215/75R17.5,215/75R17.5,2024-11-02,,,
SA21MGZ,Crossgreen,Conventional Trailer,Conventional Trailer,Example Trailers,Box Trailer,Hire,Trunking Network,Sample Leasing Ltd,2021,Active,2021-11-25,0,0,145,0,M,2026-10-01,6,2026-11-19,52,0,2026-10-08,12,250,0,24000,,,White / Sample Branding,0,0,,0,0,1,0,1,1,0,215/75R17.5,215/75R17.5,2021-11-25,,,
SA23GSC,Crossgreen,Conventional Trailer,Conventional Trailer,Example Trailers,Box Trailer,Lease,Trunking Network,Illustration Rentals,2023,Active,2023-08-22,48,496,0,0,M,2026-10-22,6,2027-05-27,52,0,2026-10-01,12,0,0,24000,,,Silver,1,1,SampleConnect,0,0,0,1,0,0,0,215/75R17.5,215/75R17.5,2023-08-22,,,
SA25UDV,Stoke,Conventional Trailer,Conventional Trailer,Example Trailers,Box Trailer,Hire,Trunking Network,Illustration Rentals,2025,Active,2025-10-26,0,0,145,0,M,2026-10-08,6,2026-08-27,52,0,2026-11-26,12,0,0,24000,,,Green / Sample Branding,1,1,SampleConnect,1,1,0,1,1,0,0,215/75R17.5,215/75R17.5,2025-10-26,,,
SA24GXJ,Stoke,Conventional Trailer,Conventional Trailer,Example Trailers,Box Trailer,Hire,Trunking Network,Example Fleet Partners,2024,Active,2024-11-02,0,0,145,0,M,2026-10-01,6,2026-12-10,52,0,2026-10-29,12,150,0,24000,,,Blue,1,0,,1,1,0,1,0,1,0,215/75R17.5,215/75R17.5,2024-11-02,,,
SA23VOG,Stoke,Megatrailer,Conventional Trailer,Example Trailers,Box Trailer,Owned,Trunking Network,,2023,Active,2023-09-20,0,0,0,0,M,2026-10-29,6,2027-04-22,52,0,2026-10-01,12,0,0,24000,,,Silver,0,1,SampleConnect,0,1,1,1,1,0,0,215/75R17.5,215/75R17.5,2023-09-20,,,
SA24SMU,Stoke,Megatrailer,Conventional Trailer,Example Trailers,Box Trailer,Lease,Trunking Network,Sample Leasing Ltd,2024,Active,2024-02-03,48,231,0,0,M,2026-10-15,6,2026-10-01,52,0,2026-11-19,12,150,0,24000,,,Blue,0,0,,0,1,0,1,1,1,0,215/75R17.5,215/75R17.5,2024-02-03,,,
SA20ULO,Stoke,Megatrailer,Conventional Trailer,Example Trailers,Box Trailer,Lease,Trunking Network,Illustration Rentals,2020,Active,2020-01-13,60,195,0,0,M,2026-11-05,6,2026-10-01,52,0,2026-10-08,12,150,0,24000,,,White,1,0,,1,0,1,1,1,0,0,215/75R17.5,215/75R17.5,2020-01-13,,,
SA22XMR,Stoke,DD Trailer,Conventional Trailer,Example Trailers,Box Trailer,Owned,Trunking Network,,2022,Active,2022-03-27,0,0,0,0,M,2026-11-05,6,2027-09-02,52,0,2026-11-05,12,250,0,24000,,,Green / Sample Branding,0,1,FleetExample,1,0,0,1,1,0,0,215/75R17.5,215/75R17.5,2022-03-27,,,
SA20HHF,Stoke,Conventional Trailer,Conventional Trailer,Example Trailers,Box Trailer,Owned,Trunking Network,,2020,Active,2020-11-21,0,0,0,0,M,2026-10-22,6,2026-11-19,52,0,2026-09-10,12,0,0,24000,,,Silver,0,1,SampleConnect,0,1,0,1,0,0,0,215/75R17.5,215/75R17.5,2020-11-21,,,
SA19BVY,Stoke,Conventional Trailer,Conventional Trailer,Example Trailers,Box Trailer,Lease,Trunking Network,Demo Hire Services,2019,Active,2019-12-27,60,406,0,0,M,2026-09-17,6,2027-07-08,52,0,2026-12-17,12,0,0,24000,,,Blue,1,1,FleetExample,0,1,1,1,0,0,0,215/75R17.5,215/75R17.5,2019-12-27,,,
SA19GNY,Stoke,Conventional Trailer,Conventional Trailer,Example Trailers,Box Trailer,Owned,Trunking Network,,2019,Active,2019-03-26,0,0,0,0,M,2026-10-01,6,2027-06-17,52,0,2026-11-26,12,400,0,24000,,,Blue,0,1,SampleConnect,1,1,0,1,0,1,0,215/75R17.5,215/75R17.5,2019-03-26,,,
SA25YZX,Stoke,Conventional Trailer,Conventional Trailer,Example Trailers,Box Trailer,Lease,Trunking Network,Demo Hire Services,2025,VOR,2025-09-16,24,471,0,0,M,2026-10-01,6,2027-04-15,52,0,2026-10-29,12,150,0,24000,,,White / Sample Branding,0,1,SampleConnect,1,1,1,0,1,0,0,215/75R17.5,215/75R17.5,2025-09-16,,,
SA22KBK,Stoke,Conventional Trailer,Conventional Trailer,Example Trailers,Box Trailer,Lease,Trunking Network,Demo Hire Services,2022,Active,2022-07-12,36,253,0,0,M,2026-10-08,6,2027-07-01,52,0,2026-10-15,12,150,0,24000,,,Silver,0,0,,1,1,1,1,1,0,0,215/75R17.5,215/75R17.5,2022-07-12,,,
SA19OFJ,Stoke,Conventional Trailer,Conventional Trailer,Example Trailers,Box Trailer,Owned,Trunking Network,,2019,Active,2019-04-06,0,0,0,0,M,2026-11-05,6,2026-11-05,52,0,2026-10-15,12,250,0,24000,,,White / Sample Branding,0,1,SampleConnect,0,1,1,1,1,0,0,215/75R17.5,215/75R17.5,2019-04-06,,,
SA24ZGY,Stoke,Megatrailer,Conventional Trailer,Example Trailers,Box Trailer,Hire,Trunking Network,Demo Hire Services,2024,Active,2024-06-02,0,0,650,0,M,2026-10-08,6,2027-07-01,52,0,2026-11-26,12,0,0,24000,,,Silver,0,1,SampleConnect,1,1,1,0,0,1,0,215/75R17.5,215/75R17.5,2024-06-02,,,
SA21CMV,Exeter,Megatrailer,Conventional Trailer,Example Trailers,Box Trailer,Lease,Trunking Network,Example Fleet Partners,2021,Active,2021-02-11,24,248,0,0,M,2026-11-05,6,2027-08-05,52,0,2026-12-17,12,0,0,24000,,,White / Sample Branding,1,0,,0,0,0,1,1,0,0,215/75R17.5,215/75R17.5,2021-02-11,,,
SA22CME,Exeter,Megatrailer,Conventional Trailer,Example Trailers,Box Trailer,Owned,Trunking Network,,2022,Active,2022-12-12,0,0,0,0,M,2026-10-29,6,2026-12-03,52,0,2026-11-05,12,150,0,24000,,,White / Sample Branding,0,1,SampleConnect,0,0,0,1,0,0,0,215/75R17.5,215/75R17.5,2022-12-12,,,
SA19SGY,Exeter,DD Trailer,Conventional Trailer,Example Trailers,Box Trailer,Lease,Trunking Network,Demo Hire Services,2019,Active,2019-11-19,48,366,0,0,M,2026-10-22,6,2027-04-29,52,0,2026-10-08,12,150,0,24000,,,White / Sample Branding,0,0,,0,1,1,1,1,0,0,215/75R17.5,215/75R17.5,2019-11-19,,,
SA21TOY,Exeter,Conventional Trailer,Conventional Trailer,Example Trailers,Box Trailer,Owned,Trunking Network,,2021,Active,2021-07-23,0,0,0,0,M,2026-10-01,6,2027-05-06,52,0,2026-11-05,12,650,0,24000,,,White,0,0,,1,1,1,1,0,1,0,215/75R17.5,215/75R17.5,2021-07-23,,,
SA21HCP,Exeter,Conventional Trailer,Conventional Trailer,Example Trailers,Box Trailer,Owned,Trunking Network,,2021,Active,2021-08-18,0,0,0,0,M,2026-10-08,6,2027-05-13,52,0,2026-11-12,12,650,0,24000,,,Blue,1,1,FleetExample,1,0,1,1,0,1,0,215/75R17.5,215/75R17.5,2021-08-18,,,
SA25MBX,Exeter,Conventional Trailer,Conventional Trailer,Example Trailers,Box Trailer,Lease,Trunking Network,Sample Leasing Ltd,2025,Active,2025-10-16,60,349,0,0,M,2026-10-29,6,2027-05-27,52,0,2026-10-29,12,650,0,24000,,,Silver,1,1,DemoTrack,0,0,1,1,1,1,0,215/75R17.5,215/75R17.5,2025-10-16,,,
SA21PJC,Exeter,Conventional Trailer,Conventional Trailer,Example Trailers,Box Trailer,Lease,Trunking Network,Sample Leasing Ltd,2021,Active,2021-08-02,48,224,0,0,M,2026-10-29,6,2027-02-11,52,0,2026-12-17,12,250,0,24000,,,White / Sample Branding,0,1,DemoTrack,0,0,1,1,0,0,0,215/75R17.5,215/75R17.5,2021-08-02,,,
SA24GMC,Exeter,Conventional Trailer,Conventional Trailer,Example Trailers,Box Trailer,Lease,Trunking Network,Illustration Rentals,2024,Active,2024-10-24,60,551,0,0,M,2026-11-05,6,2026-03-12,52,0,2026-11-26,12,650,0,24000,,,Silver,1,0,,1,0,1,1,0,0,0,215/75R17.5,215/75R17.5,2024-10-24,,,
SA22UPY,Exeter,Conventional Trailer,Conventional Trailer,Example Trailers,Box Trailer,Lease,Trunking Network,Illustration Rentals,2022,Active,2022-02-25,36,314,0,0,M,2026-10-29,6,2027-05-27,52,0,2026-10-22,12,250,0,24000,,,Green / Sample Branding,0,0,,1,0,0,1,1,0,0,215/75R17.5,215/75R17.5,2022-02-25,,,
SA22NPS,Exeter,Megatrailer,Conventional Trailer,Example Trailers,Box Trailer,Lease,Trunking Network,Sample Leasing Ltd,2022,Active,2022-05-07,24,383,0,0,M,2026-10-01,6,2026-12-31,52,0,2026-11-26,12,0,0,24000,,,Blue,1,0,,0,1,1,1,1,0,0,215/75R17.5,215/75R17.5,2022-05-07,,,
SA24VTS,Exeter,Megatrailer,Conventional Trailer,Example Trailers,Box Trailer,Lease,Trunking Network,Demo Hire Services,2024,Active,2024-07-09,60,430,0,0,M,2026-10-01,6,2027-04-01,52,0,2026-10-08,12,250,0,24000,,,White,1,0,,1,0,0,1,1,0,0,215/75R17.5,215/75R17.5,2024-07-09,,,
SA25WBX,Exeter,Megatrailer,Conventional Trailer,Example Trailers,Box Trailer,Owned,Trunking Network,,2025,Active,2025-08-27,0,0,0,0,M,2026-10-08,6,2027-04-22,52,0,2026-10-22,12,150,0,24000,,,Green / Sample Branding,0,1,SampleConnect,0,1,0,1,0,1,0,215/75R17.5,215/75R17.5,2025-08-27,,,
SA21BAK,Coventry,DD Trailer,Conventional Trailer,Example Trailers,Box Trailer,Owned,Trunking Network,,2021,Active,2021-09-07,0,0,0,0,M,2026-10-29,6,2027-04-08,52,0,2026-12-17,12,150,0,24000,,,Silver,1,0,,0,0,1,1,1,1,0,215/75R17.5,215/75R17.5,2021-09-07,,,
SA22YAB,Coventry,Conventional Trailer,Conventional Trailer,Example Trailers,Box Trailer,Owned,Trunking Network,,2022,Active,2022-06-09,0,0,0,0,M,2026-10-29,6,2027-08-26,52,0,2026-09-03,12,400,0,24000,,,White,1,1,SampleConnect,0,1,0,1,0,0,0,215/75R17.5,215/75R17.5,2022-06-09,,,
SA24CVB,Coventry,Conventional Trailer,Conventional Trailer,Example Trailers,Box Trailer,Lease,Trunking Network,Illustration Rentals,2024,Active,2024-03-12,60,341,0,0,M,2026-09-10,6,2027-05-06,52,0,2026-11-19,12,250,0,24000,,,Blue,1,1,SampleConnect,1,1,1,1,0,1,0,215/75R17.5,215/75R17.5,2024-03-12,,,
SA25HVP,Coventry,Conventional Trailer,Conventional Trailer,Example Trailers,Box Trailer,Lease,Trunking Network,Sample Leasing Ltd,2025,Active,2025-07-23,48,466,0,0,M,2026-10-29,6,2027-07-15,52,0,2026-10-29,12,250,0,24000,,,Silver,1,0,,0,1,1,0,0,0,0,215/75R17.5,215/75R17.5,2025-07-23,,,
SA25CGV,Coventry,Conventional Trailer,Conventional Trailer,Example Trailers,Box Trailer,Hire,Trunking Network,Illustration Rentals,2025,Active,2025-09-25,0,0,650,0,M,2026-10-15,6,2027-09-09,52,0,2026-10-08,12,250,0,24000,,,Green / Sample Branding,0,1,DemoTrack,0,0,1,1,0,1,0,215/75R17.5,215/75R17.5,2025-09-25,,,
SA24DTB,Coventry,Conventional Trailer,Conventional Trailer,Example Trailers,Box Trailer,Lease,Trunking Network,Sample Leasing Ltd,2024,Active,2024-10-24,48,182,0,0,M,2026-10-08,6,2027-06-24,52,0,2026-12-17,12,250,0,24000,,,Blue,1,1,SampleConnect,0,0,0,1,1,1,0,215/75R17.5,215/75R17.5,2024-10-24,,,
SA19PVU,Coventry,Conventional Trailer,Conventional Trailer,Example Trailers,Box Trailer,Hire,Trunking Network,Illustration Rentals,2019,VOR,2019-01-06,0,0,650,0,M,2026-10-29,6,2027-06-10,52,0,2026-12-10,12,650,0,24000,,,Blue,0,1,FleetExample,0,1,0,0,0,1,0,215/75R17.5,215/75R17.5,2019-01-06,,,
SA24PEE,Coventry,Megatrailer,Conventional Trailer,Example Trailers,Box Trailer,Owned,Trunking Network,,2024,Active,2024-01-23,0,0,0,0,M,2026-10-15,6,2027-06-10,52,0,2026-10-01,12,400,0,24000,,,White,0,1,FleetExample,1,1,0,0,1,0,0,215/75R17.5,215/75R17.5,2024-01-23,,,
SA25PCF,Coventry,Megatrailer,Conventional Trailer,Example Trailers,Box Trailer,Lease,Trunking Network,Demo Hire Services,2025,Active,2025-06-02,36,296,0,0,M,2026-10-22,6,2027-07-15,52,0,2026-10-15,12,400,0,24000,,,White / Sample Branding,1,0,,0,0,1,1,1,0,0,215/75R17.5,215/75R17.5,2025-06-02,,,
SA21FSF,Coventry,Megatrailer,Conventional Trailer,Example Trailers,Box Trailer,Lease,Trunking Network,Illustration Rentals,2021,Active,2021-06-23,60,415,0,0,M,2026-10-08,6,2027-08-19,52,0,2026-10-01,12,400,0,24000,,,White,0,0,,0,0,1,1,1,0,0,215/75R17.5,215/75R17.5,2021-06-23,,,
SA25PRY,Coventry,DD Trailer,Conventional Trailer,Example Trailers,Box Trailer,Hire,Trunking Network,Demo Hire Services,2025,Active,2025-04-17,0,0,650,0,M,2026-10-29,6,2027-08-26,52,0,2026-12-03,12,0,0,24000,,,Silver,1,1,SampleConnect,1,1,0,1,0,1,0,215/75R17.5,215/75R17.5,2025-04-17,,,
SA21HXW,Potters-Bar,Conventional Trailer,Conventional Trailer,Example Trailers,Box Trailer,Owned,Trunking Network,,2021,Active,2021-08-13,0,0,0,0,M,2026-10-22,6,2027-08-12,52,0,2026-12-17,12,400,0,24000,,,Green / Sample Branding,1,1,DemoTrack,0,1,1,1,1,1,0,215/75R17.5,215/75R17.5,2021-08-13,,,
SA20RHA,Potters-Bar,Conventional Trailer,Conventional Trailer,Example Trailers,Box Trailer,Hire,Trunking Network,Example Fleet Partners,2020,Active,2020-02-27,0,0,650,0,M,2026-10-22,6,2027-07-22,52,0,2026-12-10,12,0,0,24000,,,Silver,1,1,DemoTrack,0,1,0,1,1,0,0,215/75R17.5,215/75R17.5,2020-02-27,,,
SA24TVT,Potters-Bar,Conventional Trailer,Conventional Trailer,Example Trailers,Box Trailer,Hire,Trunking Network,Sample Leasing Ltd,2024,Active,2024-05-15,0,0,650,0,M,2026-10-22,6,2027-08-26,52,0,2026-10-29,12,150,0,24000,,,Blue,1,0,,1,1,1,1,1,1,0,215/75R17.5,215/75R17.5,2024-05-15,,,
SA19PZL,Potters-Bar,Conventional Trailer,Conventional Trailer,Example Trailers,Box Trailer,Hire,Trunking Network,Sample Leasing Ltd,2019,VOR,2019-03-02,0,0,650,0,M,2026-11-05,6,2027-09-09,52,0,2026-10-29,12,650,0,24000,,,Silver,1,0,,0,0,0,1,0,0,0,215/75R17.5,215/75R17.5,2019-03-02,,,
SA25LNF,Potters-Bar,Company Cars,Company Car,Sample Motors,Model C,Hire,Company Cars,Demo Hire Services,2025,Active,2025-03-05,0,0,650,37750,M,2026-11-05,52,2025-12-25,52,0,2027-08-19,52,650,0,0,Hybrid,Auto,Green / Sample Branding,0,0,,0,0,0,1,1,0,0,225/65R16C,225/65R16C,2025-03-05,,,
SA20BHB,Potters-Bar,Company Cars,Company Car,Sample Motors,Model C,Owned,Company Cars,,2020,Active,2020-04-16,0,0,0,147250,M,2026-12-10,52,2027-04-01,52,0,2027-08-12,52,150,0,0,Hybrid,Auto,White / Sample Branding,0,0,,1,0,0,1,0,1,0,225/65R16C,225/65R16C,2020-04-16,,,
SA22WWY,Potters-Bar,Company Cars,Company Car,Sample Motors,Model C,Hire,Company Cars,Illustration Rentals,2022,Active,2022-07-11,0,0,145,108500,M,2027-01-28,52,2027-04-01,52,0,2027-01-28,52,250,0,0,Hybrid,Auto,Silver,1,0,,0,0,0,1,1,0,0,225/65R16C,225/65R16C,2022-07-11,,,
SA20OMD,Potters-Bar,Company Cars,Company Car,Sample Motors,Model C,Hire,Company Cars,Example Fleet Partners,2020,Active,2020-03-23,0,0,650,235000,M,2027-05-06,52,2027-01-28,52,0,2027-09-02,52,250,0,0,Hybrid,Auto,White,0,0,,1,0,0,1,0,1,0,225/65R16C,225/65R16C,2020-03-23,,,
SA25BJV,Potters-Bar,Company Cars,Company Car,Sample Motors,Model C,Owned,Company Cars,,2025,Active,2025-05-17,0,0,0,139250,M,2027-07-22,52,2027-04-29,52,0,2027-02-04,52,650,0,0,Hybrid,Auto,Silver,1,0,,0,0,1,1,1,0,0,225/65R16C,225/65R16C,2025-05-17,,,
SA24JSG,Potters-Bar,Company Cars,Company Car,Sample Motors,Model C,Hire,Company Cars,Sample Leasing Ltd,2024,Active,2024-09-21,0,0,145,239750,M,2027-09-16,52,2027-09-09,52,0,2027-05-27,52,250,0,0,Hybrid,Auto,Green / Sample Branding,1,1,FleetExample,0,0,0,1,1,1,0,225/65R16C,225/65R16C,2024-09-21,,,
SA25CYJ,Potters-Bar,Company Cars,Company Car,Sample Motors,Model C,Lease,Company Cars,Demo Hire Services,2025,Active,2025-12-28,60,306,0,121750,M,2027-01-21,52,2027-07-08,52,0,2025-12-18,52,400,0,0,Hybrid,Auto,Green / Sample Branding,1,1,SampleConnect,0,0,0,1,0,1,0,225/65R16C,225/65R16C,2025-12-28,,,
SA24UKG,Gravesend,Company Cars,Company Car,Sample Motors,Model C,Hire,Company Cars,Sample Leasing Ltd,2024,Active,2024-10-07,0,0,145,113500,M,2025-12-18,52,2026-10-08,52,0,2027-07-15,52,400,0,0,Hybrid,Auto,White,0,1,SampleConnect,1,0,0,1,1,0,0,225/65R16C,225/65R16C,2024-10-07,,,
SA20OUS,Gravesend,Company Cars,Company Car,Sample Motors,Model C,Lease,Company Cars,Example Fleet Partners,2020,Active,2020-03-28,60,530,0,151250,M,2027-01-14,52,2027-02-18,52,0,2027-06-17,52,650,0,0,Hybrid,Auto,White / Sample Branding,1,1,FleetExample,0,0,0,1,1,0,0,225/65R16C,225/65R16C,2020-03-28,,,
SA21HWZ,Gravesend,Company Cars,Company Car,Sample Motors,Model C,Lease,Company Cars,Sample Leasing Ltd,2021,Active,2021-08-12,48,398,0,207000,M,2026-12-31,52,2026-10-08,52,0,2026-11-05,52,400,0,0,Hybrid,Auto,White,0,1,FleetExample,1,0,1,1,1,0,0,225/65R16C,225/65R16C,2021-08-12,,,
SA24TFU,Gravesend,Company Cars,Company Car,Sample Motors,Model C,Lease,Company Cars,Sample Leasing Ltd,2024,Active,2024-03-05,24,420,0,27500,M,2026-12-10,52,2027-04-15,52,0,2027-01-07,52,250,0,0,Hybrid,Auto,White / Sample Branding,0,1,FleetExample,1,0,1,1,0,1,0,225/65R16C,225/65R16C,2024-03-05,,,
SA25HZU,Gravesend,Company Cars,Company Car,Sample Motors,Model C,Lease,Company Cars,Illustration Rentals,2025,Active,2025-01-14,60,343,0,18750,M,2026-10-08,52,2027-01-14,52,0,2027-07-08,52,650,0,0,Hybrid,Auto,Blue,1,0,,1,0,1,1,1,0,0,225/65R16C,225/65R16C,2025-01-14,,,
SA19BMB,Gravesend,Company Cars,Company Car,Sample Motors,Model C,Owned,Company Cars,,2019,Active,2019-10-15,0,0,0,66250,M,2027-04-15,52,2027-09-09,52,0,2026-12-10,52,400,0,0,Hybrid,Auto,Blue,1,0,,0,0,0,1,0,0,0,225/65R16C,225/65R16C,2019-10-15,,,
SA19DVL,Gravesend,Company Cars,Company Car,Sample Motors,Model C,Hire,Company Cars,Sample Leasing Ltd,2019,Active,2019-07-17,0,0,650,108750,M,2027-04-22,52,2027-06-03,52,0,2027-07-15,52,150,0,0,Hybrid,Auto,Green / Sample Branding,1,1,DemoTrack,1,0,0,1,1,0,0,225/65R16C,225/65R16C,2019-07-17,,,
SA22YBP,Gravesend,Company Cars,Company Car,Sample Motors,Model C,Hire,Company Cars,Example Fleet Partners,2022,Active,2022-10-08,0,0,145,207000,M,2026-12-31,52,2027-01-28,52,0,2027-09-23,52,0,0,0,Hybrid,Auto,White,0,1,DemoTrack,0,0,0,0,0,1,0,225/65R16C,225/65R16C,2022-10-08,,,
SA25ETP,Gravesend,Company Cars,Company Car,Sample Motors,Model C,Lease,Company Cars,Demo Hire Services,2025,Active,2025-01-26,48,361,0,68500,M,2027-05-20,52,2027-01-28,52,0,2027-04-01,52,400,0,0,Hybrid,Auto,Blue,0,1,DemoTrack,0,0,0,1,0,1,0,225/65R16C,225/65R16C,2025-01-26,,,
SA25JAN,Gravesend,Company Cars,Company Car,Sample Motors,Model C,Owned,Company Cars,,2025,Active,2025-11-13,0,0,0,77250,M,2027-07-08,52,2027-07-01,52,0,2027-09-16,52,0,0,0,Hybrid,Auto,White / Sample Branding,0,0,,0,0,1,1,0,0,0,225/65R16C,225/65R16C,2025-11-13,,,
SA19CLE,Gravesend,Company Cars,Company Car,Sample Motors,Model C,Lease,Company Cars,Illustration Rentals,2019,Active,2019-01-17,48,437,0,72500,M,2027-02-04,52,2027-02-25,52,0,2027-04-29,52,650,0,0,Hybrid,Auto,Blue,1,0,,1,0,0,1,0,1,0,225/65R16C,225/65R16C,2019-01-17,,,
SA25OGL,Yaxley,Company Cars,Company Car,Sample Motors,Model C,Lease,Company Cars,Example Fleet Partners,2025,Active,2025-12-18,48,421,0,85250,M,2027-07-29,52,2027-03-04,52,0,2026-10-15,52,650,0,0,Hybrid,Auto,White,1,0,,0,0,1,1,0,0,0,225/65R16C,225/65R16C,2025-12-18,,,
SA25ALH,Yaxley,Company Cars,Company Car,Sample Motors,Model C,Lease,Company Cars,Illustration Rentals,2025,Active,2025-02-26,60,377,0,78250,M,2027-05-06,52,2027-03-25,52,0,2027-02-04,52,0,0,0,Hybrid,Auto,Green / Sample Branding,1,1,FleetExample,0,0,0,1,1,0,0,225/65R16C,225/65R16C,2025-02-26,,,
SA25SSH,Yaxley,Company Cars,Company Car,Sample Motors,Model C,Hire,Company Cars,Demo Hire Services,2025,Active,2025-04-27,0,0,145,138750,M,2027-08-19,52,2026-01-15,52,0,2027-08-19,52,650,0,0,Hybrid,Auto,Green / Sample Branding,0,1,DemoTrack,0,0,1,1,0,0,0,225/65R16C,225/65R16C,2025-04-27,,,
SA20WTV,Yaxley,Company Cars,Company Car,Sample Motors,Model C,Lease,Company Cars,Illustration Rentals,2020,Active,2020-11-22,48,456,0,134750,M,2027-09-23,52,2027-04-01,52,0,2027-06-24,52,250,0,0,Hybrid,Auto,White,0,0,,1,0,0,0,1,0,0,225/65R16C,225/65R16C,2020-11-22,,,
SA21MPB,Yaxley,Company Cars,Company Car,Sample Motors,Model C,Owned,Company Cars,,2021,Active,2021-05-16,0,0,0,146500,M,2027-07-15,52,2027-03-11,52,0,2026-10-29,52,400,0,0,Hybrid,Auto,Blue,0,1,SampleConnect,1,0,0,1,0,0,0,225/65R16C,225/65R16C,2021-05-16,,,
SA21WMM,Yaxley,Company Cars,Company Car,Sample Motors,Model C,Hire,Company Cars,Sample Leasing Ltd,2021,Active,2021-12-17,0,0,145,130000,M,2027-01-21,52,2027-04-29,52,0,2027-01-21,52,250,0,0,Hybrid,Auto,Silver,0,0,,0,0,1,1,1,0,0,225/65R16C,225/65R16C,2021-12-17,,,
SA24JBM,Yaxley,Company Cars,Company Car,Sample Motors,Model C,Lease,Company Cars,Demo Hire Services,2024,Active,2024-07-04,48,291,0,71000,M,2026-10-08,52,2026-11-05,52,0,2026-10-29,52,650,0,0,Hybrid,Auto,Blue,0,0,,0,0,0,0,1,0,0,225/65R16C,225/65R16C,2024-07-04,,,
SA24EXP,Yaxley,Company Cars,Company Car,Sample Motors,Model C,Owned,Company Cars,,2024,Active,2024-12-20,0,0,0,166250,M,2027-01-28,52,2027-05-06,52,0,2027-02-18,52,650,0,0,Hybrid,Auto,Silver,0,1,SampleConnect,0,0,1,1,0,0,0,225/65R16C,225/65R16C,2024-12-20,,,
SA21CDB,Yaxley,Company Cars,Company Car,Sample Motors,Model C,Hire,Company Cars,Illustration Rentals,2021,Active,2021-11-18,0,0,650,222750,M,2027-09-02,52,2026-12-31,52,0,2026-01-15,52,150,0,0,Hybrid,Auto,Green / Sample Branding,0,1,DemoTrack,0,0,1,1,0,1,0,225/65R16C,225/65R16C,2021-11-18,,,
SA24CPT,Yaxley,Company Cars,Company Car,Sample Motors,Model C,Lease,Company Cars,Demo Hire Services,2024,Active,2024-06-01,60,306,0,180500,M,2026-08-13,52,2027-07-29,52,0,2027-06-24,52,150,0,0,Hybrid,Auto,Blue,0,1,SampleConnect,0,0,1,0,1,1,0,225/65R16C,225/65R16C,2024-06-01,,,
SA23SFO,Luton,Company Cars,Company Car,Sample Motors,Model C,Hire,Company Cars,Example Fleet Partners,2023,Active,2023-03-22,0,0,650,139250,M,2027-05-13,52,2027-07-01,52,0,2027-02-11,52,650,0,0,Hybrid,Auto,Blue,0,1,DemoTrack,0,0,0,1,1,1,0,225/65R16C,225/65R16C,2023-03-22,,,
SA19ABV,Luton,Company Cars,Company Car,Sample Motors,Model C,Lease,Company Cars,Example Fleet Partners,2019,Active,2019-07-05,60,283,0,67500,M,2027-06-03,52,2027-08-26,52,0,2027-06-10,52,150,0,0,Hybrid,Auto,Silver,1,0,,0,0,1,1,1,1,0,225/65R16C,225/65R16C,2019-07-05,,,
SA21ZRW,Luton,Company Cars,Company Car,Sample Motors,Model C,Hire,Company Cars,Demo Hire Services,2021,Active,2021-07-02,0,0,145,67250,M,2027-08-19,52,2026-10-15,52,0,2026-10-08,52,650,0,0,Hybrid,Auto,Silver,1,1,SampleConnect,0,0,1,1,0,0,0,225/65R16C,225/65R16C,2021-07-02,,,
SA19JSR,Luton,Company Cars,Company Car,Sample Motors,Model C,Hire,Company Cars,Illustration Rentals,2019,Active,2019-10-13,0,0,650,131250,M,2027-01-07,52,2026-11-05,52,0,2027-02-04,52,650,0,0,Hybrid,Auto,Blue,1,1,DemoTrack,1,0,0,1,1,0,0,225/65R16C,225/65R16C,2019-10-13,,,
SA23ZMR,Luton,Company Cars,Company Car,Sample Motors,Model C,Hire,Company Cars,Demo Hire Services,2023,Active,2023-02-13,0,0,145,32750,M,2027-08-19,52,2027-07-29,52,0,2027-04-29,52,650,0,0,Hybrid,Auto,White,1,1,SampleConnect,1,0,0,1,1,0,0,225/65R16C,225/65R16C,2023-02-13,,,
SA19PBG,Luton,Company Cars,Company Car,Sample Motors,Model C,Lease,Company Cars,Illustration Rentals,2019,Active,2019-07-21,24,437,0,130000,M,2027-09-02,52,2027-09-02,52,0,2027-07-22,52,250,0,0,Hybrid,Auto,White,0,0,,0,0,1,1,1,0,0,225/65R16C,225/65R16C,2019-07-21,,,
SA24GTS,Luton,Company Cars,Company Car,Sample Motors,Model C,Owned,Company Cars,,2024,Active,2024-04-06,0,0,0,206750,M,2027-07-29,52,2026-12-17,52,0,2026-12-17,52,0,0,0,Hybrid,Auto,Green / Sample Branding,0,1,FleetExample,0,0,0,1,1,1,0,225/65R16C,225/65R16C,2024-04-06,,,
SA21GYK,Luton,Company Cars,Company Car,Sample Motors,Model C,Hire,Company Cars,Example Fleet Partners,2021,Active,2021-06-07,0,0,145,46500,M,2027-08-19,52,2027-06-24,52,0,2027-02-11,52,400,0,0,Hybrid,Auto,Silver,1,1,FleetExample,0,0,1,1,0,1,0,225/65R16C,225/65R16C,2021-06-07,,,
SA24GPM,Luton,Company Cars,Company Car,Sample Motors,Model C,Lease,Company Cars,Illustration Rentals,2024,Active,2024-09-26,48,259,0,221000,M,2027-04-08,52,2026-11-05,52,0,2026-12-31,52,400,0,0,Hybrid,Auto,Blue,0,0,,0,0,0,1,0,1,0,225/65R16C,225/65R16C,2024-09-26,,,
SA22GGC,Luton,Company Cars,Company Car,Sample Motors,Model C,Hire,Company Cars,Demo Hire Services,2022,Active,2022-01-03,0,0,145,40250,M,2027-02-04,52,2027-09-23,52,0,2027-05-27,52,0,0,0,Hybrid,Auto,Silver,0,0,,0,0,1,1,1,0,0,225/65R16C,225/65R16C,2022-01-03,,,
SA25VYU,Newport,Company Cars,Company Car,Sample Motors,Model C,Lease,Company Cars,Sample Leasing Ltd,2025,Active,2025-09-27,60,457,0,224500,M,2027-03-18,52,2027-04-29,52,0,2027-01-28,52,150,0,0,Hybrid,Auto,Silver,1,1,FleetExample,1,0,1,1,0,0,0,225/65R16C,225/65R16C,2025-09-27,,,
SA20TBX,Newport,Company Cars,Company Car,Sample Motors,Model C,Owned,Company Cars,,2020,Active,2020-01-25,0,0,0,68250,M,2027-04-15,52,2027-07-08,52,0,2027-04-15,52,650,0,0,Hybrid,Auto,White / Sample Branding,1,1,SampleConnect,0,0,1,0,0,1,0,225/65R16C,225/65R16C,2020-01-25,,,
SA25UXR,Newport,Company Cars,Company Car,Sample Motors,Model C,Lease,Company Cars,Illustration Rentals,2025,Active,2025-01-26,48,371,0,205750,M,2026-11-19,52,2026-02-12,52,0,2027-07-29,52,650,0,0,Hybrid,Auto,Silver,1,0,,1,0,0,1,1,1,0,225/65R16C,225/65R16C,2025-01-26,,,
SA20ZXH,Newport,Company Cars,Company Car,Sample Motors,Model C,Lease,Company Cars,Demo Hire Services,2020,Active,2020-06-12,48,271,0,236000,M,2027-03-11,52,2026-12-10,52,0,2027-04-22,52,400,0,0,Hybrid,Auto,Silver,0,1,DemoTrack,0,0,1,1,1,0,0,225/65R16C,225/65R16C,2020-06-12,,,
SA21SNJ,Newport,Company Cars,Company Car,Sample Motors,Model C,Lease,Company Cars,Sample Leasing Ltd,2021,Active,2021-07-16,36,270,0,23250,M,2027-09-23,52,2027-02-11,52,0,2027-05-27,52,650,0,0,Hybrid,Auto,Blue,1,0,,0,0,0,1,0,0,0,225/65R16C,225/65R16C,2021-07-16,,,
SA21ZXP,Newport,Company Cars,Company Car,Sample Motors,Model C,Hire,Company Cars,Illustration Rentals,2021,Active,2021-03-02,0,0,145,226250,M,2026-10-01,52,2026-10-15,52,0,2027-02-25,52,0,0,0,Hybrid,Auto,White,0,1,SampleConnect,1,0,1,0,1,0,0,225/65R16C,225/65R16C,2021-03-02,,,
SA19USN,Newport,Company Cars,Company Car,Sample Motors,Model C,Lease,Company Cars,Demo Hire Services,2019,Active,2019-04-18,36,361,0,8000,M,2027-07-01,52,2026-10-08,52,0,2027-05-06,52,650,0,0,Hybrid,Auto,Silver,1,0,,0,0,1,1,1,1,0,225/65R16C,225/65R16C,2019-04-18,,,
SA24RGJ,Newport,Company Cars,Company Car,Sample Motors,Model C,Lease,Company Cars,Illustration Rentals,2024,Active,2024-06-09,60,403,0,108000,M,2027-07-01,52,2027-09-09,52,0,2027-03-18,52,0,0,0,Hybrid,Auto,Silver,0,1,FleetExample,0,0,1,1,1,0,0,225/65R16C,225/65R16C,2024-06-09,,,
SA24BMG,Newport,Company Cars,Company Car,Sample Motors,Model C,Lease,Company Cars,Demo Hire Services,2024,Active,2024-01-05,24,520,0,144000,M,2027-05-20,52,2027-04-08,52,0,2026-04-30,52,650,0,0,Hybrid,Auto,Silver,0,0,,0,0,0,1,1,0,0,225/65R16C,225/65R16C,2024-01-05,,,
SA19JDK,Newport,Company Cars,Company Car,Sample Motors,Model C,Hire,Company Cars,Sample Leasing Ltd,2019,Active,2019-10-03,0,0,650,181500,M,2026-06-25,52,2027-04-08,52,0,2027-03-18,52,150,0,0,Hybrid,Auto,Green / Sample Branding,0,1,DemoTrack,1,0,0,1,1,0,0,225/65R16C,225/65R16C,2019-10-03,,,
SA25DNF,Spennymoor,Company Cars,Company Car,Sample Motors,Model C,Lease,Company Cars,Illustration Rentals,2025,Active,2025-09-08,24,558,0,190000,M,2026-10-22,52,2027-04-08,52,0,2027-02-25,52,150,0,0,Hybrid,Auto,Silver,0,0,,0,0,1,0,1,1,0,225/65R16C,225/65R16C,2025-09-08,,,
SA21JWV,Spennymoor,Company Cars,Company Car,Sample Motors,Model C,Lease,Company Cars,Illustration Rentals,2021,Active,2021-08-13,24,461,0,232250,M,2027-01-07,52,2027-02-18,52,0,2027-08-19,52,0,0,0,Hybrid,Auto,White,0,1,FleetExample,0,0,0,0,1,1,0,225/65R16C,225/65R16C,2021-08-13,,,
SA25APN,Spennymoor,Company Cars,Company Car,Sample Motors,Model C,Hire,Company Cars,Demo Hire Services,2025,Active,2025-11-16,0,0,145,38750,M,2027-03-18,52,2026-10-29,52,0,2027-09-09,52,0,0,0,Hybrid,Auto,Blue,0,0,,0,0,1,1,1,0,0,225/65R16C,225/65R16C,2025-11-16,,,
SA25WVZ,Spennymoor,Company Cars,Company Car,Sample Motors,Model C,Hire,Company Cars,Example Fleet Partners,2025,Active,2025-05-16,0,0,650,162500,M,2027-05-20,52,2027-02-25,52,0,2027-01-28,52,250,0,0,Hybrid,Auto,Silver,1,0,,0,0,1,1,1,0,0,225/65R16C,225/65R16C,2025-05-16,,,
SA22TOG,Spennymoor,Company Cars,Company Car,Sample Motors,Model C,Lease,Company Cars,Demo Hire Services,2022,Active,2022-12-24,24,422,0,92500,M,2026-11-05,52,2027-04-29,52,0,2027-05-20,52,650,0,0,Hybrid,Auto,White,1,1,FleetExample,0,0,0,1,1,1,0,225/65R16C,225/65R16C,2022-12-24,,,
SA24EUB,Spennymoor,Company Cars,Company Car,Sample Motors,Model C,Lease,Company Cars,Demo Hire Services,2024,Active,2024-04-28,36,233,0,188000,M,2027-07-15,52,2027-01-21,52,0,2027-01-21,52,0,0,0,Hybrid,Auto,White,0,0,,0,0,0,1,1,0,0,225/65R16C,225/65R16C,2024-04-28,,,
SA19DXJ,Spennymoor,Company Cars,Company Car,Sample Motors,Model C,Hire,Company Cars,Sample Leasing Ltd,2019,Active,2019-07-18,0,0,650,11500,M,2027-01-28,52,2027-05-06,52,0,2027-01-14,52,650,0,0,Hybrid,Auto,Silver,1,1,SampleConnect,1,0,0,1,1,0,0,225/65R16C,225/65R16C,2019-07-18,,,
SA23BVS,Spennymoor,Company Cars,Company Car,Sample Motors,Model C,Owned,Company Cars,,2023,Active,2023-11-25,0,0,0,61500,M,2027-06-10,52,2027-06-24,52,0,2027-03-11,52,400,0,0,Hybrid,Auto,White,1,0,,1,0,1,1,1,1,0,225/65R16C,225/65R16C,2023-11-25,,,
SA24TZX,Spennymoor,Company Cars,Company Car,Sample Motors,Model C,Owned,Company Cars,,2024,Active,2024-03-22,0,0,0,94500,M,2026-11-26,52,2027-07-01,52,0,2026-12-10,52,150,0,0,Hybrid,Auto,White / Sample Branding,1,1,DemoTrack,0,0,1,1,0,1,0,225/65R16C,225/65R16C,2024-03-22,,,
SA25UKY,Spennymoor,Company Cars,Company Car,Sample Motors,Model C,Owned,Company Cars,,2025,Active,2025-02-24,0,0,0,132500,M,2027-07-01,52,2026-10-29,52,0,2027-07-01,52,150,0,0,Hybrid,Auto,Green / Sample Branding,1,0,,1,0,1,1,0,0,0,225/65R16C,225/65R16C,2025-02-24,,,
SA22UFK,Dundee,Company Cars,Company Car,Sample Motors,Model C,Lease,Company Cars,Example Fleet Partners,2022,Active,2022-06-07,36,303,0,19250,M,2027-07-29,52,2027-04-22,52,0,2027-05-20,52,250,0,0,Hybrid,Auto,White,0,1,DemoTrack,1,0,1,1,1,1,0,225/65R16C,225/65R16C,2022-06-07,,,
SA21XEH,Dundee,Company Cars,Company Car,Sample Motors,Model C,Hire,Company Cars,Example Fleet Partners,2021,Active,2021-03-12,0,0,650,80500,M,2026-12-10,52,2027-04-01,52,0,2027-05-20,52,400,0,0,Hybrid,Auto,Silver,1,1,DemoTrack,0,0,1,1,0,1,0,225/65R16C,225/65R16C,2021-03-12,,,
SA20PUO,Dundee,Company Cars,Company Car,Sample Motors,Model C,Owned,Company Cars,,2020,Active,2020-10-01,0,0,0,158500,M,2026-10-08,52,2026-06-18,52,0,2026-10-08,52,650,0,0,Hybrid,Auto,Silver,1,0,,0,0,0,1,1,1,0,225/65R16C,225/65R16C,2020-10-01,,,
SA22TJW,Dundee,Company Cars,Company Car,Sample Motors,Model C,Hire,Company Cars,Example Fleet Partners,2022,Active,2022-08-10,0,0,145,207500,M,2027-03-04,52,2026-10-08,52,0,2027-01-28,52,400,0,0,Hybrid,Auto,Blue,1,1,SampleConnect,0,0,1,1,1,0,0,225/65R16C,225/65R16C,2022-08-10,,,
SA24JHD,Dundee,Company Cars,Company Car,Sample Motors,Model C,Hire,Company Cars,Illustration Rentals,2024,Active,2024-06-10,0,0,145,203750,M,2026-12-24,52,2026-10-01,52,0,2027-06-17,52,250,0,0,Hybrid,Auto,Silver,0,0,,0,0,0,0,1,0,0,225/65R16C,225/65R16C,2024-06-10,,,
SA22XJY,Dundee,Company Cars,Company Car,Sample Motors,Model C,Lease,Company Cars,Sample Leasing Ltd,2022,Active,2022-10-18,36,553,0,47250,M,2027-09-16,52,2026-10-08,52,0,2026-12-17,52,0,0,0,Hybrid,Auto,White / Sample Branding,1,0,,1,0,0,0,0,0,0,225/65R16C,225/65R16C,2022-10-18,,,
SA22JAN,Dundee,Company Cars,Company Car,Sample Motors,Model C,Lease,Company Cars,Demo Hire Services,2022,Active,2022-12-20,24,484,0,194250,M,2027-09-09,52,2027-04-22,52,0,2027-04-29,52,150,0,0,Hybrid,Auto,Silver,0,0,,1,0,0,1,0,0,0,225/65R16C,225/65R16C,2022-12-20,,,
SA23RNK,Dundee,Company Cars,Company Car,Sample Motors,Model C,Owned,Company Cars,,2023,Active,2023-07-01,0,0,0,9750,M,2027-06-03,52,2027-07-29,52,0,2027-05-20,52,400,0,0,Hybrid,Auto,White,1,0,,0,0,1,1,0,1,0,225/65R16C,225/65R16C,2023-07-01,,,
SA21UHP,Dundee,Company Cars,Company Car,Sample Motors,Model C,Hire,Company Cars,Sample Leasing Ltd,2021,Active,2021-08-08,0,0,145,52000,M,2026-10-01,52,2027-02-25,52,0,2026-03-19,52,400,0,0,Hybrid,Auto,White,0,1,FleetExample,0,0,1,1,0,1,0,225/65R16C,225/65R16C,2021-08-08,,,
SA20ZRB,Crawley,Company Cars,Company Car,Sample Motors,Model C,Hire,Company Cars,Illustration Rentals,2020,Active,2020-12-20,0,0,650,151250,M,2025-10-30,52,2027-06-24,52,0,2027-03-18,52,150,0,0,Hybrid,Auto,White / Sample Branding,0,1,DemoTrack,1,0,0,1,0,0,0,225/65R16C,225/65R16C,2020-12-20,,,
SA24VJD,Crawley,Company Cars,Company Car,Sample Motors,Model C,Lease,Company Cars,Illustration Rentals,2024,Active,2024-03-03,48,252,0,229750,M,2027-02-11,52,2027-01-21,52,0,2026-10-15,52,0,0,0,Hybrid,Auto,White,1,1,DemoTrack,1,0,0,1,1,1,0,225/65R16C,225/65R16C,2024-03-03,,,
SA22YLY,Crawley,Company Cars,Company Car,Sample Motors,Model C,Lease,Company Cars,Sample Leasing Ltd,2022,Active,2022-02-23,48,261,0,180500,M,2027-09-09,52,2027-07-29,52,0,2027-03-25,52,250,0,0,Hybrid,Auto,White / Sample Branding,0,0,,0,0,0,0,1,0,0,225/65R16C,225/65R16C,2022-02-23,,,
SA20PRB,Crawley,Company Cars,Company Car,Sample Motors,Model C,Hire,Company Cars,Demo Hire Services,2020,Active,2020-10-02,0,0,650,133500,M,2027-02-18,52,2026-10-01,52,0,2026-11-12,52,0,0,0,Hybrid,Auto,White / Sample Branding,0,0,,0,0,1,1,0,1,0,225/65R16C,225/65R16C,2020-10-02,,,
SA22OUR,Crawley,Company Cars,Company Car,Sample Motors,Model C,Lease,Company Cars,Sample Leasing Ltd,2022,Active,2022-05-26,36,195,0,58250,M,2027-04-22,52,2027-08-05,52,0,2027-08-26,52,250,0,0,Hybrid,Auto,Green / Sample Branding,0,0,,1,0,0,1,0,0,0,225/65R16C,225/65R16C,2022-05-26,,,
SA23LET,Crawley,Company Cars,Company Car,Sample Motors,Model C,Owned,Company Cars,,2023,Active,2023-03-04,0,0,0,130000,M,2027-07-08,52,2027-05-20,52,0,2027-07-15,52,250,0,0,Hybrid,Auto,White / Sample Branding,1,1,FleetExample,0,0,0,1,0,0,0,225/65R16C,225/65R16C,2023-03-04,,,
SA24YGJ,Crawley,Company Cars,Company Car,Sample Motors,Model C,Lease,Company Cars,Illustration Rentals,2024,Active,2024-05-17,60,543,0,185000,M,2027-07-08,52,2026-10-01,52,0,2027-07-22,52,650,0,0,Hybrid,Auto,Green / Sample Branding,1,1,SampleConnect,0,0,0,1,0,1,0,225/65R16C,225/65R16C,2024-05-17,,,
SA19XBB,Crawley,Company Cars,Company Car,Sample Motors,Model C,Owned,Company Cars,,2019,Active,2019-03-15,0,0,0,125250,M,2027-05-06,52,2027-04-08,52,0,2027-06-24,52,150,0,0,Hybrid,Auto,White,0,0,,0,0,0,0,1,1,0,225/65R16C,225/65R16C,2019-03-15,,,
SA19EGD,Heywood,Company Cars,Company Car,Sample Motors,Model C,Lease,Company Cars,Sample Leasing Ltd,2019,Active,2019-04-01,60,291,0,24500,M,2027-04-08,52,2027-07-15,52,0,2027-09-09,52,400,0,0,Hybrid,Auto,Green / Sample Branding,0,0,,0,0,1,1,1,1,0,225/65R16C,225/65R16C,2019-04-01,,,
SA25FUS,Heywood,Company Cars,Company Car,Sample Motors,Model C,Lease,Company Cars,Demo Hire Services,2025,Active,2025-12-18,36,521,0,41500,M,2027-08-05,52,2027-05-20,52,0,2027-09-23,52,650,0,0,Hybrid,Auto,White / Sample Branding,1,0,,1,0,0,1,1,0,0,225/65R16C,225/65R16C,2025-12-18,,,
SA25RXM,Heywood,Company Cars,Company Car,Sample Motors,Model C,Owned,Company Cars,,2025,Active,2025-02-25,0,0,0,108250,M,2027-05-27,52,2027-08-19,52,0,2027-07-08,52,650,0,0,Hybrid,Auto,Blue,0,0,,1,0,1,1,0,0,0,225/65R16C,225/65R16C,2025-02-25,,,
SA21RLY,Heywood,Company Cars,Company Car,Sample Motors,Model C,Lease,Company Cars,Example Fleet Partners,2021,Active,2021-04-19,48,367,0,237750,M,2027-08-19,52,2027-01-28,52,0,2027-03-11,52,400,0,0,Hybrid,Auto,White,0,1,DemoTrack,0,0,1,1,0,1,0,225/65R16C,225/65R16C,2021-04-19,,,
SA19BRA,Heywood,Company Cars,Company Car,Sample Motors,Model C,Lease,Company Cars,Example Fleet Partners,2019,Active,2019-10-21,60,235,0,177750,M,2026-12-17,52,2027-03-18,52,0,2026-10-22,52,250,0,0,Hybrid,Auto,Silver,0,1,SampleConnect,0,0,0,1,0,1,0,225/65R16C,225/65R16C,2019-10-21,,,
SA25SUS,Heywood,Company Cars,Company Car,Sample Motors,Model C,Lease,Company Cars,Example Fleet Partners,2025,Active,2025-03-15,60,197,0,235500,M,2027-08-19,52,2026-03-12,52,0,2027-04-22,52,150,0,0,Hybrid,Auto,Green / Sample Branding,1,0,,0,0,0,1,0,0,0,225/65R16C,225/65R16C,2025-03-15,,,
SA20UWW,Heywood,Company Cars,Company Car,Sample Motors,Model C,Owned,Company Cars,,2020,Active,2020-04-22,0,0,0,198250,M,2026-10-01,52,2027-03-25,52,0,2027-01-14,52,250,0,0,Hybrid,Auto,White,0,0,,0,0,0,1,1,1,0,225/65R16C,225/65R16C,2020-04-22,,,
SA19NJR,Heywood,Company Cars,Company Car,Sample Motors,Model C,Hire,Company Cars,Example Fleet Partners,2019,Active,2019-03-12,0,0,145,217250,M,2027-09-02,52,2027-01-21,52,0,2027-05-06,52,150,0,0,Hybrid,Auto,Green / Sample Branding,0,0,,0,0,1,1,1,0,0,225/65R16C,225/65R16C,2019-03-12,,,
SA21OPU,Larkhall,Company Cars,Company Car,Sample Motors,Model C,Lease,Company Cars,Sample Leasing Ltd,2021,Active,2021-12-19,36,332,0,188750,M,2027-02-04,52,2027-05-27,52,0,2027-09-23,52,150,0,0,Hybrid,Auto,Silver,0,1,DemoTrack,0,0,0,1,0,0,0,225/65R16C,225/65R16C,2021-12-19,,,
SA25RJO,Larkhall,Company Cars,Company Car,Sample Motors,Model C,Hire,Company Cars,Demo Hire Services,2025,Active,2025-02-03,0,0,650,165250,M,2027-06-17,52,2027-06-24,52,0,2027-05-20,52,150,0,0,Hybrid,Auto,Silver,0,1,DemoTrack,0,0,0,1,1,0,0,225/65R16C,225/65R16C,2025-02-03,,,
SA21CBE,Larkhall,Company Cars,Company Car,Sample Motors,Model C,Hire,Company Cars,Example Fleet Partners,2021,Active,2021-03-14,0,0,145,141750,M,2027-07-29,52,2027-02-18,52,0,2027-08-12,52,650,0,0,Hybrid,Auto,Silver,0,0,,0,0,1,1,1,0,0,225/65R16C,225/65R16C,2021-03-14,,,
SA25BCY,Larkhall,Company Cars,Company Car,Sample Motors,Model C,Hire,Company Cars,Example Fleet Partners,2025,Active,2025-11-02,0,0,145,49250,M,2027-09-09,52,2026-11-05,52,0,2026-03-05,52,400,0,0,Hybrid,Auto,Silver,0,1,SampleConnect,1,0,1,1,1,0,0,225/65R16C,225/65R16C,2025-11-02,,,
SA22NJS,Larkhall,Company Cars,Company Car,Sample Motors,Model C,Owned,Company Cars,,2022,Active,2022-05-24,0,0,0,21750,M,2026-05-28,52,2027-05-06,52,0,2027-04-22,52,0,0,0,Hybrid,Auto,Silver,1,0,,1,0,1,1,1,0,0,225/65R16C,225/65R16C,2022-05-24,,,
SA24FNZ,Larkhall,Company Cars,Company Car,Sample Motors,Model C,Lease,Company Cars,Example Fleet Partners,2024,Active,2024-09-25,24,198,0,142500,M,2027-06-24,52,2027-04-29,52,0,2027-05-06,52,400,0,0,Hybrid,Auto,Green / Sample Branding,0,1,FleetExample,0,0,0,1,0,1,0,225/65R16C,225/65R16C,2024-09-25,,,
SA23RJP,Larkhall,Company Cars,Company Car,Sample Motors,Model C,Lease,Company Cars,Example Fleet Partners,2023,Active,2023-01-27,48,528,0,201750,M,2027-06-17,52,2027-01-14,52,0,2026-12-31,52,400,0,0,Hybrid,Auto,Green / Sample Branding,0,1,SampleConnect,0,0,0,1,0,1,0,225/65R16C,225/65R16C,2023-01-27,,,
SA20XRB,Basildon,Company Cars,Company Car,Sample Motors,Model C,Hire,Company Cars,Demo Hire Services,2020,Active,2020-03-21,0,0,650,115500,M,2026-10-15,52,2027-03-18,52,0,2027-09-02,52,400,0,0,Hybrid,Auto,Silver,0,0,,0,0,0,1,0,0,0,225/65R16C,225/65R16C,2020-03-21,,,
SA25TOW,Basildon,Company Cars,Company Car,Sample Motors,Model C,Lease,Company Cars,Demo Hire Services,2025,Active,2025-11-25,36,551,0,95750,M,2026-12-24,52,2026-11-26,52,0,2027-01-21,52,250,0,0,Hybrid,Auto,White,0,1,DemoTrack,0,0,0,1,1,0,0,225/65R16C,225/65R16C,2025-11-25,,,
SA25FAB,Basildon,Company Cars,Company Car,Sample Motors,Model C,Hire,Company Cars,Illustration Rentals,2025,Active,2025-04-02,0,0,650,237500,M,2027-03-25,52,2026-11-05,52,0,2027-02-18,52,150,0,0,Hybrid,Auto,Blue,1,1,SampleConnect,0,0,1,1,1,0,0,225/65R16C,225/65R16C,2025-04-02,,,
SA22BCT,Basildon,Company Cars,Company Car,Sample Motors,Model C,Hire,Company Cars,Illustration Rentals,2022,Active,2022-10-22,0,0,145,33250,M,2027-07-22,52,2027-05-13,52,0,2026-11-05,52,0,0,0,Hybrid,Auto,Silver,1,1,FleetExample,0,0,0,1,1,0,0,225/65R16C,225/65R16C,2022-10-22,,,
SA19RYC,Basildon,Company Cars,Company Car,Sample Motors,Model C,Hire,Company Cars,Example Fleet Partners,2019,Active,2019-02-27,0,0,650,58500,M,2027-08-05,52,2027-06-03,52,0,2026-10-01,52,250,0,0,Hybrid,Auto,White,1,0,,1,0,1,1,1,0,0,225/65R16C,225/65R16C,2019-02-27,,,
SA19JDN,Basildon,Company Cars,Company Car,Sample Motors,Model C,Lease,Company Cars,Example Fleet Partners,2019,Active,2019-06-21,36,289,0,171250,M,2026-10-15,52,2027-07-22,52,0,2027-09-09,52,400,0,0,Hybrid,Auto,White,1,1,DemoTrack,0,0,1,1,0,1,0,225/65R16C,225/65R16C,2019-06-21,,,
SA21XLT,Outside HDV Network,Company Cars,Company Car,Sample Motors,Model C,Owned,Company Cars,,2021,Active,2021-08-02,0,0,0,61500,M,2027-07-22,52,2026-12-24,52,0,2027-06-03,52,250,0,0,Hybrid,Auto,White / Sample Branding,1,0,,1,0,1,1,0,1,0,225/65R16C,225/65R16C,2021-08-02,,,
SA24GEN,Outside HDV Network,Company Cars,Company Car,Sample Motors,Model C,Hire,Company Cars,Sample Leasing Ltd,2024,Active,2024-02-05,0,0,145,30500,M,2027-07-29,52,2027-08-19,52,0,2027-06-17,52,250,0,0,Hybrid,Auto,Green / Sample Branding,0,0,,0,0,0,0,1,0,0,225/65R16C,225/65R16C,2024-02-05,,,
SA22BXH,Outside HDV Network,Company Cars,Company Car,Sample Motors,Model C,Owned,Company Cars,,2022,Active,2022-06-18,0,0,0,149250,M,2027-06-10,52,2027-02-18,52,0,2027-08-26,52,250,0,0,Hybrid,Auto,White / Sample Branding,1,1,DemoTrack,1,0,0,1,0,1,0,225/65R16C,225/65R16C,2022-06-18,,,
SA21XKX,Outside HDV Network,Company Cars,Company Car,Sample Motors,Model C,Hire,Company Cars,Illustration Rentals,2021,Active,2021-04-02,0,0,650,97750,M,2026-10-15,52,2027-07-22,52,0,2027-01-28,52,250,0,0,Hybrid,Auto,Silver,0,0,,1,0,0,1,0,0,0,225/65R16C,225/65R16C,2021-04-02,,,
SA21MGG,Fareham,Company Cars,Company Car,Sample Motors,Model C,Hire,Company Cars,Illustration Rentals,2021,Active,2021-02-26,0,0,145,228000,M,2026-12-24,52,2026-07-16,52,0,2027-05-06,52,0,0,0,Hybrid,Auto,White,0,0,,0,0,0,1,1,0,0,225/65R16C,225/65R16C,2021-02-26,,,
SA20OFZ,Fareham,Company Cars,Company Car,Sample Motors,Model C,Owned,Company Cars,,2020,Active,2020-04-05,0,0,0,221250,M,2026-12-10,52,2027-06-10,52,0,2027-01-28,52,400,0,0,Hybrid,Auto,White / Sample Branding,1,1,DemoTrack,0,0,1,1,1,0,0,225/65R16C,225/65R16C,2020-04-05,,,
SA20YKW,Fareham,Company Cars,Company Car,Sample Motors,Model C,Hire,Company Cars,Example Fleet Partners,2020,Active,2020-06-04,0,0,650,236750,M,2027-06-24,52,2026-12-10,52,0,2027-07-22,52,650,0,0,Hybrid,Auto,White / Sample Branding,1,0,,0,0,0,0,0,0,0,225/65R16C,225/65R16C,2020-06-04,,,
SA20EZN,Fareham,Company Cars,Company Car,Sample Motors,Model C,Hire,Company Cars,Illustration Rentals,2020,Active,2020-01-03,0,0,650,130500,M,2026-10-22,52,2027-04-29,52,0,2027-04-22,52,0,0,0,Hybrid,Auto,White,0,0,,0,0,0,1,1,1,0,225/65R16C,225/65R16C,2020-01-03,,,
SA25GHL,Avonmouth,Company Cars,Company Car,Sample Motors,Model C,Lease,Company Cars,Demo Hire Services,2025,Active,2025-03-26,48,422,0,121250,M,2026-11-05,52,2027-04-15,52,0,2027-07-29,52,250,0,0,Hybrid,Auto,White,0,0,,0,0,1,1,0,1,0,225/65R16C,225/65R16C,2025-03-26,,,
SA21YSL,Avonmouth,Company Cars,Company Car,Sample Motors,Model C,Lease,Company Cars,Illustration Rentals,2021,Active,2021-11-07,24,244,0,59250,M,2027-09-23,52,2026-10-01,52,0,2027-05-13,52,650,0,0,Hybrid,Auto,Silver,1,0,,0,0,1,1,1,1,0,225/65R16C,225/65R16C,2021-11-07,,,
SA21UHU,Avonmouth,Company Cars,Company Car,Sample Motors,Model C,Lease,Company Cars,Demo Hire Services,2021,Active,2021-07-25,36,322,0,108000,M,2027-08-12,52,2027-03-11,52,0,2025-12-04,52,250,0,0,Hybrid,Auto,Blue,0,1,DemoTrack,1,0,1,1,1,1,0,225/65R16C,225/65R16C,2021-07-25,,,
SA23YVS,Crewe,Company Cars,Company Car,Sample Motors,Model C,Lease,Company Cars,Sample Leasing Ltd,2023,Active,2023-02-21,36,297,0,205000,M,2025-12-11,52,2027-05-06,52,0,2027-04-29,52,650,0,0,Hybrid,Auto,Blue,1,1,SampleConnect,1,0,0,1,1,0,0,225/65R16C,225/65R16C,2023-02-21,,,
SA24JYN,Crewe,Company Cars,Company Car,Sample Motors,Model C,Lease,Company Cars,Sample Leasing Ltd,2024,Active,2024-01-01,48,266,0,56250,M,2027-06-17,52,2027-07-01,52,0,2027-04-22,52,150,0,0,Hybrid,Auto,White / Sample Branding,0,1,FleetExample,0,0,1,1,1,0,0,225/65R16C,225/65R16C,2024-01-01,,,
SA24EVJ,Crewe,Company Cars,Company Car,Sample Motors,Model C,Owned,Company Cars,,2024,Active,2024-11-09,0,0,0,129500,M,2026-12-24,52,2027-07-22,52,0,2027-09-09,52,0,0,0,Hybrid,Auto,White / Sample Branding,1,0,,0,0,1,1,1,1,0,225/65R16C,225/65R16C,2024-11-09,,,
SA22VTX,Crewe,Company Cars,Company Car,Sample Motors,Model C,Hire,Company Cars,Example Fleet Partners,2022,Active,2022-02-10,0,0,145,19750,M,2027-07-01,52,2027-05-13,52,0,2027-09-09,52,400,0,0,Hybrid,Auto,White / Sample Branding,1,0,,0,0,0,1,1,0,0,225/65R16C,225/65R16C,2022-02-10,,,
SA21YFT,Crewe,Company Cars,Company Car,Sample Motors,Model C,Hire,Company Cars,Example Fleet Partners,2021,Active,2021-08-12,0,0,650,232750,M,2027-08-05,52,2027-03-25,52,0,2027-09-16,52,250,0,0,Hybrid,Auto,Silver,1,1,DemoTrack,1,0,1,1,1,0,0,225/65R16C,225/65R16C,2021-08-12,,,
SA20ZKP,Crewe,Company Cars,Company Car,Sample Motors,Model C,Lease,Company Cars,Demo Hire Services,2020,Active,2020-08-25,48,378,0,118750,M,2027-01-28,52,2026-11-26,52,0,2027-06-10,52,150,0,0,Hybrid,Auto,Silver,0,1,FleetExample,0,0,0,1,1,0,0,225/65R16C,225/65R16C,2020-08-25,,,
SA24MJN,Crewe,Company Cars,Company Car,Sample Motors,Model C,Owned,Company Cars,,2024,Active,2024-10-01,0,0,0,182000,M,2027-06-03,52,2027-09-02,52,0,2027-05-06,52,150,0,0,Hybrid,Auto,White / Sample Branding,1,1,SampleConnect,0,0,1,0,0,1,0,225/65R16C,225/65R16C,2024-10-01,,,
SA24PYC,Crewe,Company Cars,Company Car,Sample Motors,Model C,Owned,Company Cars,,2024,Active,2024-05-07,0,0,0,90750,M,2027-02-04,52,2026-12-03,52,0,2027-07-29,52,650,0,0,Hybrid,Auto,White,0,0,,0,0,1,1,0,0,0,225/65R16C,225/65R16C,2024-05-07,,,
SA19WNC,Crewe,Company Cars,Company Car,Sample Motors,Model C,Lease,Company Cars,Sample Leasing Ltd,2019,Active,2019-03-02,60,386,0,160000,M,2026-10-01,52,2027-06-10,52,0,2027-06-03,52,650,0,0,Hybrid,Auto,Blue,1,1,SampleConnect,0,0,1,1,0,0,0,225/65R16C,225/65R16C,2019-03-02,,,
SA23KWM,Crewe,Company Cars,Company Car,Sample Motors,Model C,Lease,Company Cars,Sample Leasing Ltd,2023,Active,2023-08-17,48,520,0,157750,M,2026-12-24,52,2027-06-24,52,0,2027-01-14,52,400,0,0,Hybrid,Auto,Green / Sample Branding,1,1,FleetExample,0,0,1,1,0,0,0,225/65R16C,225/65R16C,2023-08-17,,,
SA24AKZ,Crewe,Company Cars,Company Car,Sample Motors,Model C,Hire,Company Cars,Sample Leasing Ltd,2024,Active,2024-04-22,0,0,145,206500,M,2027-02-25,52,2027-09-16,52,0,2026-12-03,52,650,0,0,Hybrid,Auto,Blue,1,1,SampleConnect,0,0,0,1,1,0,0,225/65R16C,225/65R16C,2024-04-22,,,
SA19SSX,Crewe,Company Cars,Company Car,Sample Motors,Model C,Owned,Company Cars,,2019,Active,2019-02-03,0,0,0,129500,M,2027-09-09,52,2027-03-11,52,0,2027-03-11,52,150,0,0,Hybrid,Auto,Green / Sample Branding,0,0,,0,0,0,1,1,0,0,225/65R16C,225/65R16C,2019-02-03,,,
SA24WZC,Crewe,Company Cars,Company Car,Sample Motors,Model C,Lease,Company Cars,Illustration Rentals,2024,Active,2024-10-25,48,449,0,171500,M,2027-07-15,52,2027-06-24,52,0,2027-02-11,52,650,0,0,Hybrid,Auto,Green / Sample Branding,1,1,SampleConnect,1,0,1,1,0,0,0,225/65R16C,225/65R16C,2024-10-25,,,
SA21JBL,Crewe,Company Cars,Company Car,Sample Motors,Model C,Lease,Company Cars,Example Fleet Partners,2021,Active,2021-10-15,36,334,0,173750,M,2027-09-02,52,2026-04-30,52,0,2026-11-26,52,250,0,0,Hybrid,Auto,Green / Sample Branding,0,1,DemoTrack,0,0,0,1,1,1,0,225/65R16C,225/65R16C,2021-10-15,,,
SA22UAZ,Crewe,Company Cars,Company Car,Sample Motors,Model C,Lease,Company Cars,Sample Leasing Ltd,2022,Active,2022-01-17,24,322,0,121500,M,2027-04-15,52,2027-07-15,52,0,2026-11-26,52,0,0,0,Hybrid,Auto,Blue,1,1,FleetExample,0,0,0,1,0,1,0,225/65R16C,225/65R16C,2022-01-17,,,
SA21XXT,Crewe,Company Cars,Company Car,Sample Motors,Model C,Owned,Company Cars,,2021,Active,2021-07-15,0,0,0,17250,M,2027-04-22,52,2026-12-31,52,0,2026-12-03,52,250,0,0,Hybrid,Auto,Blue,1,1,SampleConnect,0,0,0,1,1,1,0,225/65R16C,225/65R16C,2021-07-15,,,
SA22HUL,Crewe,Company Cars,Company Car,Sample Motors,Model C,Hire,Company Cars,Example Fleet Partners,2022,Active,2022-11-21,0,0,145,16500,M,2027-06-17,52,2027-01-21,52,0,2027-06-10,52,250,0,0,Hybrid,Auto,White / Sample Branding,1,1,SampleConnect,0,0,1,1,1,0,0,225/65R16C,225/65R16C,2022-11-21,,,
SA22PKX,Crewe,Company Cars,Company Car,Sample Motors,Model C,Owned,Company Cars,,2022,Active,2022-02-16,0,0,0,231000,M,2026-12-17,52,2027-07-22,52,0,2026-11-26,52,150,0,0,Hybrid,Auto,White,1,1,SampleConnect,1,0,1,1,0,1,0,225/65R16C,225/65R16C,2022-02-16,,,
SA22GGY,Crewe,Company Cars,Company Car,Sample Motors,Model C,Lease,Company Cars,Example Fleet Partners,2022,Active,2022-11-06,60,209,0,50750,M,2027-09-23,52,2027-03-25,52,0,2027-08-19,52,250,0,0,Hybrid,Auto,White,0,0,,1,0,1,1,0,0,0,225/65R16C,225/65R16C,2022-11-06,,,
SA21AUJ,Crewe,Company Cars,Company Car,Sample Motors,Model C,Owned,Company Cars,,2021,Active,2021-08-25,0,0,0,23500,M,2027-02-25,52,2027-03-18,52,0,2026-02-26,52,0,0,0,Hybrid,Auto,White / Sample Branding,1,1,FleetExample,0,0,1,1,1,0,0,225/65R16C,225/65R16C,2021-08-25,,,
SA24SNU,Crewe,Company Cars,Company Car,Sample Motors,Model C,Lease,Company Cars,Illustration Rentals,2024,Active,2024-07-25,60,242,0,77750,M,2026-03-05,52,2027-03-25,52,0,2027-08-12,52,0,0,0,Hybrid,Auto,Green / Sample Branding,1,0,,0,0,1,1,0,0,0,225/65R16C,225/65R16C,2024-07-25,,,
SA20XYS,Crewe,Company Cars,Company Car,Sample Motors,Model C,Lease,Company Cars,Example Fleet Partners,2020,Active,2020-07-05,36,303,0,122750,M,2027-08-26,52,2027-06-10,52,0,2026-10-08,52,150,0,0,Hybrid,Auto,White / Sample Branding,0,1,FleetExample,0,0,1,1,0,0,0,225/65R16C,225/65R16C,2020-07-05,,,
SA25EGM,Crewe,Company Cars,Company Car,Sample Motors,Model C,Hire,Company Cars,Sample Leasing Ltd,2025,Active,2025-02-10,0,0,145,27750,M,2027-08-19,52,2027-05-27,52,0,2027-02-11,52,650,0,0,Hybrid,Auto,White,1,1,DemoTrack,0,0,1,1,1,0,0,225/65R16C,225/65R16C,2025-02-10,,,
SA21FRB,Crewe,Company Cars,Company Car,Sample Motors,Model C,Hire,Company Cars,Demo Hire Services,2021,Active,2021-05-19,0,0,145,233250,M,2027-07-29,52,2027-07-15,52,0,2027-02-18,52,400,0,0,Hybrid,Auto,White / Sample Branding,1,0,,0,0,1,0,0,1,0,225/65R16C,225/65R16C,2021-05-19,,,
SA24KKP,Crewe,Company Cars,Company Car,Sample Motors,Model C,Owned,Company Cars,,2024,Active,2024-04-25,0,0,0,30000,M,2027-09-16,52,2026-12-31,52,0,2027-09-23,52,0,0,0,Hybrid,Auto,Silver,1,1,DemoTrack,1,0,1,1,1,1,0,225/65R16C,225/65R16C,2024-04-25,,,
SA20JXX,Crewe,Company Cars,Company Car,Sample Motors,Model C,Hire,Company Cars,Example Fleet Partners,2020,Active,2020-12-27,0,0,650,12750,M,2027-05-06,52,2027-05-13,52,0,2027-01-14,52,650,0,0,Hybrid,Auto,Blue,0,1,FleetExample,1,0,0,1,1,1,0,225/65R16C,225/65R16C,2020-12-27,,,
SA24YKY,Crewe,Company Cars,Company Car,Sample Motors,Model C,Hire,Company Cars,Sample Leasing Ltd,2024,Active,2024-05-19,0,0,650,159750,M,2026-11-26,52,2027-06-17,52,0,2027-06-10,52,250,0,0,Hybrid,Auto,Green / Sample Branding,1,1,SampleConnect,1,0,0,0,0,0,0,225/65R16C,225/65R16C,2024-05-19,,,
SA22XPG,Crewe,Company Cars,Company Car,Sample Motors,Model C,Hire,Company Cars,Example Fleet Partners,2022,Active,2022-10-26,0,0,145,33500,M,2027-07-15,52,2026-12-17,52,0,2027-02-18,52,400,0,0,Hybrid,Auto,Silver,0,0,,1,0,0,1,1,0,0,225/65R16C,225/65R16C,2022-10-26,,,
SA19WMF,Crewe,Company Cars,Company Car,Sample Motors,Model C,Hire,Company Cars,Sample Leasing Ltd,2019,Active,2019-05-08,0,0,650,27750,M,2027-07-22,52,2027-01-14,52,0,2026-11-12,52,250,0,0,Hybrid,Auto,Blue,0,1,DemoTrack,0,0,0,1,0,1,0,225/65R16C,225/65R16C,2019-05-08,,,
SA19LEK,Crewe,Company Cars,Company Car,Sample Motors,Model C,Hire,Company Cars,Sample Leasing Ltd,2019,Active,2019-11-21,0,0,650,133500,M,2026-11-19,52,2027-05-13,52,0,2026-11-26,52,150,0,0,Hybrid,Auto,White,1,0,,1,0,1,1,1,0,0,225/65R16C,225/65R16C,2019-11-21,,,
SA19ZOF,Crewe,Company Cars,Company Car,Sample Motors,Model C,Owned,Company Cars,,2019,Active,2019-09-13,0,0,0,94500,M,2027-05-20,52,2026-12-31,52,0,2027-08-05,52,650,0,0,Hybrid,Auto,Blue,0,1,FleetExample,0,0,1,1,0,0,0,225/65R16C,225/65R16C,2019-09-13,,,
SA20APD,Crewe,Company Cars,Company Car,Sample Motors,Model C,Lease,Company Cars,Example Fleet Partners,2020,Active,2020-08-14,24,208,0,71250,M,2026-11-19,52,2026-10-01,52,0,2026-12-24,52,250,0,0,Hybrid,Auto,White / Sample Branding,0,1,DemoTrack,1,0,1,1,1,1,0,225/65R16C,225/65R16C,2020-08-14,,,
SA22FAO,Crewe,Company Cars,Company Car,Sample Motors,Model C,Lease,Company Cars,Example Fleet Partners,2022,Active,2022-05-01,48,339,0,54500,M,2027-04-22,52,2027-09-23,52,0,2026-10-08,52,650,0,0,Hybrid,Auto,White / Sample Branding,1,1,DemoTrack,1,0,1,1,0,0,0,225/65R16C,225/65R16C,2022-05-01,,,
SA22LTC,Crewe,Company Cars,Company Car,Sample Motors,Model C,Hire,Company Cars,Example Fleet Partners,2022,Active,2022-10-13,0,0,650,175750,M,2027-01-28,52,2025-11-13,52,0,2027-04-01,52,650,0,0,Hybrid,Auto,White / Sample Branding,1,0,,1,0,0,1,0,0,0,225/65R16C,225/65R16C,2022-10-13,,,
SA21LZA,Crewe,Company Cars,Company Car,Sample Motors,Model C,Lease,Company Cars,Sample Leasing Ltd,2021,Active,2021-12-10,60,296,0,67250,M,2027-05-20,52,2027-06-10,52,0,2027-09-09,52,650,0,0,Hybrid,Auto,Green / Sample Branding,1,0,,0,0,1,0,1,1,0,225/65R16C,225/65R16C,2021-12-10,,,
SA25GSW,Crewe,Company Cars,Company Car,Sample Motors,Model C,Owned,Company Cars,,2025,Active,2025-07-01,0,0,0,232250,M,2027-02-11,52,2027-04-29,52,0,2027-07-15,52,650,0,0,Hybrid,Auto,White / Sample Branding,0,0,,1,0,0,1,0,1,0,225/65R16C,225/65R16C,2025-07-01,,,
SA24KMX,Crewe,Company Cars,Company Car,Sample Motors,Model C,Hire,Company Cars,Example Fleet Partners,2024,Active,2024-07-17,0,0,650,28750,M,2027-06-03,52,2027-09-09,52,0,2026-12-03,52,650,0,0,Hybrid,Auto,Silver,0,1,SampleConnect,1,0,0,1,1,0,0,225/65R16C,225/65R16C,2024-07-17,,,
SA20HKN,Crewe,Company Cars,Company Car,Sample Motors,Model C,Owned,Company Cars,,2020,Active,2020-02-17,0,0,0,90250,M,2027-05-06,52,2026-11-26,52,0,2026-10-22,52,650,0,0,Hybrid,Auto,Green / Sample Branding,1,0,,1,0,1,0,0,1,0,225/65R16C,225/65R16C,2020-02-17,,,
SA20EDN,Crossgreen,Company Cars,Company Car,Sample Motors,Model C,Owned,Company Cars,,2020,Active,2020-01-23,0,0,0,30750,M,2027-05-13,52,2026-10-29,52,0,2026-11-05,52,0,0,0,Hybrid,Auto,Blue,1,0,,0,0,0,1,1,0,0,225/65R16C,225/65R16C,2020-01-23,,,
SA20RKH,Crossgreen,Company Cars,Company Car,Sample Motors,Model C,Lease,Company Cars,Demo Hire Services,2020,Active,2020-12-16,24,212,0,169250,M,2027-05-13,52,2027-01-14,52,0,2026-03-19,52,250,0,0,Hybrid,Auto,Silver,0,1,FleetExample,0,0,0,1,1,0,0,225/65R16C,225/65R16C,2020-12-16,,,
SA24LBT,Crossgreen,Company Cars,Company Car,Sample Motors,Model C,Owned,Company Cars,,2024,Active,2024-04-01,0,0,0,71500,M,2026-01-22,52,2027-09-16,52,0,2026-11-05,52,400,0,0,Hybrid,Auto,Silver,0,1,FleetExample,1,0,0,1,1,1,0,225/65R16C,225/65R16C,2024-04-01,,,
SA24OHX,Crossgreen,Company Cars,Company Car,Sample Motors,Model C,Owned,Company Cars,,2024,Active,2024-01-12,0,0,0,155750,M,2027-04-22,52,2027-02-25,52,0,2027-09-23,52,400,0,0,Hybrid,Auto,White / Sample Branding,0,0,,0,0,1,1,0,0,0,225/65R16C,225/65R16C,2024-01-12,,,
SA22DJA,Crossgreen,Company Cars,Company Car,Sample Motors,Model C,Lease,Company Cars,Illustration Rentals,2022,Active,2022-06-22,60,424,0,218250,M,2027-05-13,52,2027-01-28,52,0,2027-07-29,52,650,0,0,Hybrid,Auto,Silver,0,0,,0,0,1,1,1,1,0,225/65R16C,225/65R16C,2022-06-22,,,
SA20TUL,Crossgreen,Company Cars,Company Car,Sample Motors,Model C,Hire,Company Cars,Sample Leasing Ltd,2020,Active,2020-08-18,0,0,145,34000,M,2027-05-06,52,2027-01-28,52,0,2026-12-17,52,400,0,0,Hybrid,Auto,White,1,0,,1,0,1,1,1,1,0,225/65R16C,225/65R16C,2020-08-18,,,
SA24FRG,Crossgreen,Company Cars,Company Car,Sample Motors,Model C,Hire,Company Cars,Demo Hire Services,2024,Active,2024-02-10,0,0,650,8500,M,2026-12-17,52,2027-07-29,52,0,2026-11-26,52,650,0,0,Hybrid,Auto,Silver,1,1,SampleConnect,0,0,0,1,0,1,0,225/65R16C,225/65R16C,2024-02-10,,,
SA20JVG,Crossgreen,Company Cars,Company Car,Sample Motors,Model C,Owned,Company Cars,,2020,Active,2020-01-01,0,0,0,75250,M,2026-10-22,52,2027-07-01,52,0,2027-03-04,52,0,0,0,Hybrid,Auto,Green / Sample Branding,1,1,FleetExample,0,0,1,0,0,0,0,225/65R16C,225/65R16C,2020-01-01,,,
SA25SVY,Crossgreen,Company Cars,Company Car,Sample Motors,Model C,Owned,Company Cars,,2025,Active,2025-08-09,0,0,0,229750,M,2027-05-06,52,2026-12-17,52,0,2026-10-29,52,650,0,0,Hybrid,Auto,White,0,0,,0,0,1,1,0,0,0,225/65R16C,225/65R16C,2025-08-09,,,
SA22DGF,Crossgreen,Company Cars,Company Car,Sample Motors,Model C,Hire,Company Cars,Illustration Rentals,2022,Active,2022-07-27,0,0,650,130250,M,2027-07-22,52,2027-02-25,52,0,2027-05-06,52,0,0,0,Hybrid,Auto,Silver,1,1,FleetExample,1,0,0,0,1,0,0,225/65R16C,225/65R16C,2022-07-27,,,
SA20WHM,Crossgreen,Company Cars,Company Car,Sample Motors,Model C,Lease,Company Cars,Demo Hire Services,2020,Active,2020-03-18,36,268,0,129250,M,2027-02-18,52,2027-04-08,52,0,2027-09-09,52,250,0,0,Hybrid,Auto,Silver,1,1,SampleConnect,0,0,1,1,0,0,0,225/65R16C,225/65R16C,2020-03-18,,,
SA25CUJ,Crossgreen,Company Cars,Company Car,Sample Motors,Model C,Hire,Company Cars,Sample Leasing Ltd,2025,Active,2025-09-10,0,0,650,231500,M,2027-07-08,52,2027-04-01,52,0,2027-04-08,52,250,0,0,Hybrid,Auto,White,1,0,,0,0,1,1,1,0,0,225/65R16C,225/65R16C,2025-09-10,,,
SA22ZRU,Crossgreen,Company Cars,Company Car,Sample Motors,Model C,Owned,Company Cars,,2022,Active,2022-03-18,0,0,0,180000,M,2027-08-12,52,2027-02-18,52,0,2027-04-29,52,250,0,0,Hybrid,Auto,Blue,1,0,,1,0,1,1,0,1,0,225/65R16C,225/65R16C,2022-03-18,,,
SA23DEH,Crossgreen,Company Cars,Company Car,Sample Motors,Model C,Owned,Company Cars,,2023,Active,2023-08-04,0,0,0,26000,M,2027-09-16,52,2027-06-10,52,0,2026-12-17,52,400,0,0,Hybrid,Auto,White,1,1,SampleConnect,0,0,1,1,0,1,0,225/65R16C,225/65R16C,2023-08-04,,,
SA21YVN,Crossgreen,Company Cars,Company Car,Sample Motors,Model C,Hire,Company Cars,Illustration Rentals,2021,Active,2021-07-19,0,0,650,5500,M,2027-09-23,52,2026-11-05,52,0,2026-10-22,52,250,0,0,Hybrid,Auto,White / Sample Branding,0,1,FleetExample,1,0,0,0,1,1,0,225/65R16C,225/65R16C,2021-07-19,,,
SA21MGP,Stoke,Company Cars,Company Car,Sample Motors,Model C,Hire,Company Cars,Example Fleet Partners,2021,Active,2021-10-08,0,0,145,219000,M,2027-02-25,52,2026-09-03,52,0,2027-08-26,52,650,0,0,Hybrid,Auto,White / Sample Branding,0,1,SampleConnect,0,0,1,1,0,1,0,225/65R16C,225/65R16C,2021-10-08,,,
SA20NGN,Stoke,Company Cars,Company Car,Sample Motors,Model C,Lease,Company Cars,Demo Hire Services,2020,Active,2020-05-16,24,295,0,152750,M,2026-11-12,52,2026-11-19,52,0,2027-03-18,52,150,0,0,Hybrid,Auto,Green / Sample Branding,0,1,DemoTrack,1,0,1,1,1,1,0,225/65R16C,225/65R16C,2020-05-16,,,
SA22SZW,Stoke,Company Cars,Company Car,Sample Motors,Model C,Hire,Company Cars,Example Fleet Partners,2022,Active,2022-07-23,0,0,650,43250,M,2026-12-17,52,2026-12-10,52,0,2027-08-05,52,250,0,0,Hybrid,Auto,White / Sample Branding,1,0,,0,0,0,0,1,0,0,225/65R16C,225/65R16C,2022-07-23,,,
SA22NXY,Stoke,Company Cars,Company Car,Sample Motors,Model C,Owned,Company Cars,,2022,Active,2022-02-26,0,0,0,38500,M,2027-03-25,52,2026-10-29,52,0,2026-11-19,52,650,0,0,Hybrid,Auto,Green / Sample Branding,0,1,DemoTrack,1,0,0,1,0,0,0,225/65R16C,225/65R16C,2022-02-26,,,
SA19XBU,Stoke,Company Cars,Company Car,Sample Motors,Model C,Lease,Company Cars,Demo Hire Services,2019,Active,2019-04-26,24,276,0,130000,M,2027-05-27,52,2027-01-07,52,0,2027-09-23,52,150,0,0,Hybrid,Auto,Green / Sample Branding,0,0,,0,0,1,0,1,0,0,225/65R16C,225/65R16C,2019-04-26,,,
SA23JSS,Stoke,Company Cars,Company Car,Sample Motors,Model C,Hire,Company Cars,Demo Hire Services,2023,Active,2023-12-27,0,0,650,120250,M,2027-02-11,52,2027-01-21,52,0,2026-10-22,52,150,0,0,Hybrid,Auto,Silver,0,1,DemoTrack,0,0,1,1,1,0,0,225/65R16C,225/65R16C,2023-12-27,,,
SA19LNY,Stoke,Company Cars,Company Car,Sample Motors,Model C,Lease,Company Cars,Illustration Rentals,2019,Active,2019-09-07,60,242,0,15000,M,2027-07-01,52,2027-04-01,52,0,2026-09-03,52,0,0,0,Hybrid,Auto,White / Sample Branding,1,1,FleetExample,0,0,1,1,0,1,0,225/65R16C,225/65R16C,2019-09-07,,,
SA25URC,Stoke,Company Cars,Company Car,Sample Motors,Model C,Owned,Company Cars,,2025,Active,2025-07-02,0,0,0,176000,M,2026-08-13,52,2026-12-24,52,0,2027-03-04,52,400,0,0,Hybrid,Auto,White / Sample Branding,1,1,DemoTrack,0,0,0,1,1,0,0,225/65R16C,225/65R16C,2025-07-02,,,
SA22UUE,Stoke,Company Cars,Company Car,Sample Motors,Model C,Hire,Company Cars,Demo Hire Services,2022,Active,2022-03-01,0,0,650,177250,M,2027-04-22,52,2026-12-10,52,0,2026-10-15,52,150,0,0,Hybrid,Auto,White,1,1,SampleConnect,0,0,0,1,0,0,0,225/65R16C,225/65R16C,2022-03-01,,,
SA23MBF,Stoke,Company Cars,Company Car,Sample Motors,Model C,Lease,Company Cars,Sample Leasing Ltd,2023,Active,2023-08-21,24,296,0,182000,M,2027-07-22,52,2027-01-14,52,0,2027-06-17,52,0,0,0,Hybrid,Auto,Blue,0,0,,0,0,1,1,0,0,0,225/65R16C,225/65R16C,2023-08-21,,,
SA23VEY,Stoke,Company Cars,Company Car,Sample Motors,Model C,Owned,Company Cars,,2023,Active,2023-08-20,0,0,0,66500,M,2026-12-10,52,2027-05-20,52,0,2026-11-26,52,0,0,0,Hybrid,Auto,Green / Sample Branding,0,1,SampleConnect,0,0,1,1,1,1,0,225/65R16C,225/65R16C,2023-08-20,,,
SA23RPF,Stoke,Company Cars,Company Car,Sample Motors,Model C,Owned,Company Cars,,2023,Active,2023-06-10,0,0,0,115000,M,2027-03-11,52,2027-09-23,52,0,2027-03-25,52,150,0,0,Hybrid,Auto,Blue,1,1,SampleConnect,1,0,1,1,1,1,0,225/65R16C,225/65R16C,2023-06-10,,,
SA19BJC,Stoke,Company Cars,Company Car,Sample Motors,Model C,Lease,Company Cars,Sample Leasing Ltd,2019,Active,2019-06-08,60,393,0,51500,M,2027-08-12,52,2027-09-02,52,0,2026-12-24,52,0,0,0,Hybrid,Auto,White,1,1,FleetExample,0,0,0,1,0,1,0,225/65R16C,225/65R16C,2019-06-08,,,
SA24BOO,Exeter,Company Cars,Company Car,Sample Motors,Model C,Hire,Company Cars,Example Fleet Partners,2024,Active,2024-12-16,0,0,145,217750,M,2026-11-05,52,2027-07-15,52,0,2027-01-21,52,650,0,0,Hybrid,Auto,White,1,0,,1,0,1,1,0,1,0,225/65R16C,225/65R16C,2024-12-16,,,
SA24LPE,Exeter,Company Cars,Company Car,Sample Motors,Model C,Lease,Company Cars,Illustration Rentals,2024,Active,2024-07-12,36,392,0,222000,M,2027-03-25,52,2026-10-08,52,0,2027-06-03,52,0,0,0,Hybrid,Auto,Green / Sample Branding,1,1,SampleConnect,0,0,1,1,0,0,0,225/65R16C,225/65R16C,2024-07-12,,,
SA21HMU,Exeter,Company Cars,Company Car,Sample Motors,Model C,Lease,Company Cars,Sample Leasing Ltd,2021,Active,2021-11-23,36,283,0,187000,M,2026-12-24,52,2027-09-09,52,0,2027-03-11,52,150,0,0,Hybrid,Auto,Blue,0,1,FleetExample,0,0,0,1,0,1,0,225/65R16C,225/65R16C,2021-11-23,,,
SA23YBP,Exeter,Company Cars,Company Car,Sample Motors,Model C,Lease,Company Cars,Demo Hire Services,2023,Active,2023-01-06,36,535,0,124750,M,2027-06-24,52,2027-09-09,52,0,2027-06-17,52,650,0,0,Hybrid,Auto,White,0,0,,0,0,0,1,1,0,0,225/65R16C,225/65R16C,2023-01-06,,,
SA20XDK,Exeter,Company Cars,Company Car,Sample Motors,Model C,Hire,Company Cars,Demo Hire Services,2020,Active,2020-09-08,0,0,145,128750,M,2027-02-04,52,2027-06-17,52,0,2027-07-08,52,0,0,0,Hybrid,Auto,White / Sample Branding,1,1,SampleConnect,0,0,0,1,0,1,0,225/65R16C,225/65R16C,2020-09-08,,,
SA20VWE,Exeter,Company Cars,Company Car,Sample Motors,Model C,Owned,Company Cars,,2020,Active,2020-04-01,0,0,0,123000,M,2027-06-10,52,2027-01-21,52,0,2027-09-09,52,650,0,0,Hybrid,Auto,White,0,1,DemoTrack,1,0,0,1,0,0,0,225/65R16C,225/65R16C,2020-04-01,,,
SA21UCN,Exeter,High Bay Lift,MHE,Demo Handling,Lift Unit 25,Owned,Warehouse Equipment,,2021,Active,2021-11-24,0,0,0,0,KM,2026-12-10,12,,0,26,2027-02-11,26,150,0,2500,Electric,Auto,Blue,1,1,DemoTrack,0,0,1,1,1,0,0,,,2021-11-24,,,2026-10-22
SA25KHN,Exeter,High Bay Lift,MHE,Demo Handling,Lift Unit 25,Lease,Warehouse Equipment,Demo Hire Services,2025,Active,2025-09-26,24,534,0,0,KM,2026-10-15,12,,0,26,2026-11-12,26,250,0,2500,Electric,Auto,White,1,0,,0,0,0,0,1,0,0,,,2025-09-26,,,2027-02-25
SA23XBK,Exeter,High Bay Lift,MHE,Demo Handling,Lift Unit 25,Owned,Warehouse Equipment,,2023,Active,2023-03-04,0,0,0,0,KM,2026-11-12,12,,0,26,2026-10-22,26,150,0,2500,Electric,Auto,Blue,0,0,,0,0,1,1,0,1,0,,,2023-03-04,,,2026-12-31
SA20CJV,Exeter,High Bay Lift,MHE,Demo Handling,Lift Unit 25,Owned,Warehouse Equipment,,2020,Active,2020-05-06,0,0,0,0,KM,2026-11-05,12,,0,26,2027-02-25,26,250,0,2500,Electric,Auto,White,1,0,,0,0,1,1,0,0,0,,,2020-05-06,,,2027-01-07
SA24ZNF,Exeter,Clamp Truck,MHE,Demo Handling,Lift Unit 25,Lease,Warehouse Equipment,Sample Leasing Ltd,2024,Active,2024-04-17,36,373,0,0,KM,2026-10-15,12,,0,26,2026-12-03,26,400,0,2500,Electric,Auto,White,1,0,,0,0,1,1,1,1,0,,,2024-04-17,,,2027-02-18
SA22KSO,Exeter,Clamp Truck,MHE,Demo Handling,Lift Unit 25,Lease,Warehouse Equipment,Demo Hire Services,2022,Active,2022-12-27,24,220,0,0,KM,2026-10-22,12,,0,26,2027-03-04,26,650,0,2500,Electric,Auto,Silver,1,1,SampleConnect,1,0,1,1,0,0,0,,,2022-12-27,,,2026-12-24
SA22HOA,Coventry,Clamp Truck,MHE,Demo Handling,Lift Unit 25,Lease,Warehouse Equipment,Illustration Rentals,2022,Active,2022-04-22,48,332,0,0,KM,2026-11-26,12,,0,26,2026-11-19,26,250,0,2500,Electric,Auto,Silver,1,0,,1,0,1,1,1,0,0,,,2022-04-22,,,2026-10-22
SA24FXS,Coventry,MHE Other,MHE,Demo Handling,Lift Unit 25,Owned,Warehouse Equipment,,2024,Active,2024-03-03,0,0,0,0,KM,2026-10-08,12,,0,26,2026-04-30,26,250,0,2500,Electric,Auto,Green / Sample Branding,0,1,SampleConnect,0,0,1,0,1,0,0,,,2024-03-03,,,2027-02-11
SA23YLR,Coventry,MHE Other,MHE,Demo Handling,Lift Unit 25,Lease,Warehouse Equipment,Illustration Rentals,2023,Active,2023-08-18,24,458,0,0,KM,2026-09-17,12,,0,26,2026-12-31,26,0,0,2500,Electric,Auto,Green / Sample Branding,1,0,,0,0,0,1,1,0,0,,,2023-08-18,,,2026-10-08
SA21VVC,Coventry,Attachment,MHE,Demo Handling,Lift Unit 25,Hire,Warehouse Equipment,Illustration Rentals,2021,Active,2021-01-11,0,0,145,0,KM,2026-11-19,12,,0,26,2026-10-29,26,250,0,2500,Electric,Auto,Blue,0,1,SampleConnect,1,0,1,0,0,0,0,,,2021-01-11,,,2027-03-11
SA25RNB,Coventry,High Bay Lift,MHE,Demo Handling,Lift Unit 25,Hire,Warehouse Equipment,Illustration Rentals,2025,Active,2025-07-05,0,0,650,0,KM,2026-12-03,12,,0,26,2026-10-01,26,400,0,2500,Electric,Auto,White,1,1,DemoTrack,0,0,0,1,1,1,0,,,2025-07-05,,,2026-12-17
SA19GFX,Coventry,High Bay Lift,MHE,Demo Handling,Lift Unit 25,Owned,Warehouse Equipment,,2019,Active,2019-10-28,0,0,0,0,KM,2026-12-03,12,,0,26,2026-10-01,26,0,0,2500,Electric,Auto,Green / Sample Branding,0,1,SampleConnect,0,0,0,1,1,0,0,,,2019-10-28,,,2027-02-25
SA21NYJ,Coventry,High Bay Lift,MHE,Demo Handling,Lift Unit 25,Owned,Warehouse Equipment,,2021,Active,2021-02-15,0,0,0,0,KM,2026-10-22,12,,0,26,2026-12-24,26,250,0,2500,Electric,Auto,White / Sample Branding,0,1,SampleConnect,0,0,1,1,0,0,0,,,2021-02-15,,,2026-10-29
SA22NSM,Coventry,High Bay Lift,MHE,Demo Handling,Lift Unit 25,Lease,Warehouse Equipment,Sample Leasing Ltd,2022,Active,2022-05-14,24,267,0,0,KM,2026-10-01,12,,0,26,2027-02-25,26,0,0,2500,Electric,Auto,Blue,1,0,,1,0,0,0,1,0,0,,,2022-05-14,,,2027-01-21
SA22VLW,Coventry,Clamp Truck,MHE,Demo Handling,Lift Unit 25,Hire,Warehouse Equipment,Illustration Rentals,2022,Active,2022-04-01,0,0,650,0,KM,2026-10-22,12,,0,26,2026-12-10,26,650,0,2500,Electric,Auto,Blue,1,0,,1,0,0,0,1,0,0,,,2022-04-01,,,2026-09-17
SA20NPB,Coventry,Clamp Truck,MHE,Demo Handling,Lift Unit 25,Owned,Warehouse Equipment,,2020,Active,2020-12-17,0,0,0,0,KM,2026-10-22,12,,0,26,2026-11-12,26,400,0,2500,Electric,Auto,Green / Sample Branding,0,1,DemoTrack,1,0,0,0,0,1,0,,,2020-12-17,,,2027-01-14
SA25MDY,Coventry,Clamp Truck,MHE,Demo Handling,Lift Unit 25,Owned,Warehouse Equipment,,2025,Active,2025-12-01,0,0,0,0,KM,2026-10-22,12,,0,26,2026-10-08,26,250,0,2500,Electric,Auto,Blue,1,1,FleetExample,0,0,1,1,1,1,0,,,2025-12-01,,,2026-12-31
SA23KPZ,Potters-Bar,MHE Other,MHE,Demo Handling,Lift Unit 25,Lease,Warehouse Equipment,Sample Leasing Ltd,2023,Active,2023-06-15,24,253,0,0,KM,2026-11-05,12,,0,26,2026-11-19,26,150,0,2500,Electric,Auto,White / Sample Branding,1,1,FleetExample,1,0,0,1,1,1,0,,,2023-06-15,,,2026-10-08
SA24DON,Potters-Bar,MHE Other,MHE,Demo Handling,Lift Unit 25,Lease,Warehouse Equipment,Demo Hire Services,2024,Active,2024-07-15,24,423,0,0,KM,2026-10-08,12,,0,26,2027-03-04,26,650,0,2500,Electric,Auto,Green / Sample Branding,0,0,,0,0,1,1,1,1,0,,,2024-07-15,,,2026-11-12
SA20HNJ,Potters-Bar,Attachment,MHE,Demo Handling,Lift Unit 25,Lease,Warehouse Equipment,Sample Leasing Ltd,2020,Active,2020-08-22,24,461,0,0,KM,2026-10-22,12,,0,26,2027-03-11,26,150,0,2500,Electric,Auto,Green / Sample Branding,1,0,,1,0,1,0,1,0,0,,,2020-08-22,,,2026-11-12
SA20KML,Potters-Bar,High Bay Lift,MHE,Demo Handling,Lift Unit 25,Hire,Warehouse Equipment,Sample Leasing Ltd,2020,Active,2020-07-01,0,0,650,0,KM,2026-10-08,12,,0,26,2026-11-26,26,650,0,2500,Electric,Auto,Green / Sample Branding,0,0,,0,0,1,1,1,0,0,,,2020-07-01,,,2026-10-08
SA20XBL,Potters-Bar,High Bay Lift,MHE,Demo Handling,Lift Unit 25,Lease,Warehouse Equipment,Demo Hire Services,2020,Active,2020-05-01,24,273,0,0,KM,2026-12-17,12,,0,26,2026-11-12,26,0,0,2500,Electric,Auto,Silver,1,0,,0,0,1,0,0,1,0,,,2020-05-01,,,2026-11-26
SA25POE,Potters-Bar,High Bay Lift,MHE,Demo Handling,Lift Unit 25,Lease,Warehouse Equipment,Sample Leasing Ltd,2025,Active,2025-03-08,36,367,0,0,KM,2026-10-08,12,,0,26,2027-02-11,26,0,0,2500,Electric,Auto,Green / Sample Branding,0,0,,1,0,1,1,1,0,0,,,2025-03-08,,,2027-01-07
SA20SFK,Potters-Bar,High Bay Lift,MHE,Demo Handling,Lift Unit 25,Lease,Warehouse Equipment,Demo Hire Services,2020,Active,2020-03-13,48,313,0,0,KM,2026-12-17,12,,0,26,2027-03-11,26,650,0,2500,Electric,Auto,Silver,1,1,FleetExample,0,0,0,0,0,0,0,,,2020-03-13,,,2026-10-22
SA19RJP,Potters-Bar,Clamp Truck,MHE,Demo Handling,Lift Unit 25,Lease,Warehouse Equipment,Illustration Rentals,2019,Active,2019-01-18,60,382,0,0,KM,2026-10-15,12,,0,26,2026-10-15,26,250,0,2500,Electric,Auto,Green / Sample Branding,1,1,SampleConnect,0,0,1,0,1,0,0,,,2019-01-18,,,2027-03-04
SA19NHL,Potters-Bar,Clamp Truck,MHE,Demo Handling,Lift Unit 25,Owned,Warehouse Equipment,,2019,Active,2019-05-10,0,0,0,0,KM,2026-12-03,12,,0,26,2026-10-08,26,250,0,2500,Electric,Auto,White / Sample Branding,0,1,SampleConnect,0,0,1,1,0,0,0,,,2019-05-10,,,2027-01-14
SA21CXK,Potters-Bar,Clamp Truck,MHE,Demo Handling,Lift Unit 25,Owned,Warehouse Equipment,,2021,Active,2021-01-17,0,0,0,0,KM,2026-11-05,12,,0,26,2026-12-31,26,0,0,2500,Electric,Auto,White / Sample Branding,0,1,SampleConnect,1,0,1,1,0,0,0,,,2021-01-17,,,2027-03-18
SA24GCS,Potters-Bar,MHE Other,MHE,Demo Handling,Lift Unit 25,Hire,Warehouse Equipment,Illustration Rentals,2024,Active,2024-11-07,0,0,145,0,KM,2026-12-03,12,,0,26,2026-08-06,26,250,0,2500,Electric,Auto,White,0,1,SampleConnect,1,0,0,0,1,0,0,,,2024-11-07,,,2027-02-25
SA19UCX,Gravesend,MHE Other,MHE,Demo Handling,Lift Unit 25,Hire,Warehouse Equipment,Demo Hire Services,2019,Active,2019-09-24,0,0,650,0,KM,2026-08-13,12,,0,26,2026-12-03,26,150,0,2500,Electric,Auto,Silver,1,0,,0,0,1,0,1,1,0,,,2019-09-24,,,2027-03-25
SA22JOW,Gravesend,Attachment,MHE,Demo Handling,Lift Unit 25,Hire,Warehouse Equipment,Example Fleet Partners,2022,Active,2022-08-27,0,0,145,0,KM,2026-11-12,12,,0,26,2027-01-21,26,400,0,2500,Electric,Auto,Green / Sample Branding,0,1,DemoTrack,0,0,0,1,1,0,0,,,2022-08-27,,,2027-02-11
SA20PES,Gravesend,High Bay Lift,MHE,Demo Handling,Lift Unit 25,Lease,Warehouse Equipment,Sample Leasing Ltd,2020,Active,2020-05-25,24,410,0,0,KM,2026-12-17,12,,0,26,2026-12-03,26,0,0,2500,Electric,Auto,Green / Sample Branding,0,1,FleetExample,0,0,0,1,1,1,0,,,2020-05-25,,,2027-03-04
SA19LZV,Gravesend,High Bay Lift,MHE,Demo Handling,Lift Unit 25,Owned,Warehouse Equipment,,2019,Active,2019-12-09,0,0,0,0,KM,2026-12-17,12,,0,26,2026-11-05,26,400,0,2500,Electric,Auto,Blue,1,0,,1,0,0,1,1,0,0,,,2019-12-09,,,2026-10-29
SA24DLV,Gravesend,High Bay Lift,MHE,Demo Handling,Lift Unit 25,Lease,Warehouse Equipment,Sample Leasing Ltd,2024,Active,2024-12-19,60,270,0,0,KM,2026-10-15,12,,0,26,2026-11-19,26,250,0,2500,Electric,Auto,Silver,0,1,SampleConnect,0,0,1,1,0,0,0,,,2024-12-19,,,2027-03-18
SA20DOL,Gravesend,High Bay Lift,MHE,Demo Handling,Lift Unit 25,Lease,Warehouse Equipment,Sample Leasing Ltd,2020,Active,2020-03-11,36,378,0,0,KM,2026-10-08,12,,0,26,2026-12-24,26,400,0,2500,Electric,Auto,White,0,1,FleetExample,1,0,0,0,0,0,0,,,2020-03-11,,,2026-11-19
SA22EBL,Gravesend,Clamp Truck,MHE,Demo Handling,Lift Unit 25,Hire,Warehouse Equipment,Demo Hire Services,2022,Active,2022-06-16,0,0,650,0,KM,2026-10-22,12,,0,26,2026-11-19,26,650,0,2500,Electric,Auto,Silver,1,0,,1,0,1,1,1,1,0,,,2022-06-16,,,2026-08-06
SA22TFF,Gravesend,Clamp Truck,MHE,Demo Handling,Lift Unit 25,Owned,Warehouse Equipment,,2022,Active,2022-12-16,0,0,0,0,KM,2026-11-26,12,,0,26,2027-02-11,26,650,0,2500,Electric,Auto,Blue,0,0,,0,0,0,1,1,0,0,,,2022-12-16,,,2026-10-08
SA22FKH,Gravesend,Clamp Truck,MHE,Demo Handling,Lift Unit 25,Owned,Warehouse Equipment,,2022,Active,2022-10-27,0,0,0,0,KM,2026-12-03,12,,0,26,2027-02-25,26,400,0,2500,Electric,Auto,Silver,0,1,FleetExample,0,0,0,1,1,1,0,,,2022-10-27,,,2027-01-21
SA19HXW,Gravesend,MHE Other,MHE,Demo Handling,Lift Unit 25,Lease,Warehouse Equipment,Illustration Rentals,2019,Active,2019-06-20,48,181,0,0,KM,2026-11-26,12,,0,26,2027-03-04,26,650,0,2500,Electric,Auto,Green / Sample Branding,0,0,,0,0,0,1,0,0,0,,,2019-06-20,,,2026-10-22
SA19GML,Gravesend,MHE Other,MHE,Demo Handling,Lift Unit 25,Hire,Warehouse Equipment,Demo Hire Services,2019,Active,2019-04-16,0,0,145,0,KM,2026-12-17,12,,0,26,2027-01-21,26,150,0,2500,Electric,Auto,Green / Sample Branding,1,0,,0,0,0,1,0,1,0,,,2019-04-16,,,2027-02-25
SA23YET,Yaxley,Attachment,MHE,Demo Handling,Lift Unit 25,Lease,Warehouse Equipment,Demo Hire Services,2023,Active,2023-07-22,36,347,0,0,KM,2026-10-01,12,,0,26,2027-01-07,26,250,0,2500,Electric,Auto,Blue,0,1,SampleConnect,1,0,1,1,0,1,0,,,2023-07-22,,,2026-10-08
SA23JJZ,Yaxley,High Bay Lift,MHE,Demo Handling,Lift Unit 25,Hire,Warehouse Equipment,Sample Leasing Ltd,2023,Active,2023-05-06,0,0,650,0,KM,2026-11-12,12,,0,26,2026-12-24,26,250,0,2500,Electric,Auto,White / Sample Branding,0,0,,1,0,0,0,1,1,0,,,2023-05-06,,,2026-12-17
SA20SFA,Yaxley,High Bay Lift,MHE,Demo Handling,Lift Unit 25,Lease,Warehouse Equipment,Illustration Rentals,2020,Active,2020-10-19,60,337,0,0,KM,2026-10-22,12,,0,26,2027-02-18,26,400,0,2500,Electric,Auto,White,0,0,,1,0,0,1,0,1,0,,,2020-10-19,,,2026-11-26
SA22ENG,Yaxley,High Bay Lift,MHE,Demo Handling,Lift Unit 25,Lease,Warehouse Equipment,Example Fleet Partners,2022,Active,2022-10-07,48,504,0,0,KM,2026-10-22,12,,0,26,2027-02-11,26,250,0,2500,Electric,Auto,Green / Sample Branding,1,1,FleetExample,0,0,0,1,1,0,0,,,2022-10-07,,,2026-11-19
SA24AXO,Yaxley,High Bay Lift,MHE,Demo Handling,Lift Unit 25,Owned,Warehouse Equipment,,2024,Active,2024-01-27,0,0,0,0,KM,2026-11-12,12,,0,26,2027-02-04,26,400,0,2500,Electric,Auto,White,0,1,FleetExample,0,0,0,1,0,0,0,,,2024-01-27,,,2027-03-11
SA19PDJ,Yaxley,Clamp Truck,MHE,Demo Handling,Lift Unit 25,Owned,Warehouse Equipment,,2019,Active,2019-07-23,0,0,0,0,KM,2026-12-03,12,,0,26,2026-10-22,26,400,0,2500,Electric,Auto,Green / Sample Branding,0,1,DemoTrack,1,0,1,1,1,0,0,,,2019-07-23,,,2026-10-29
SA19RAD,Yaxley,Clamp Truck,MHE,Demo Handling,Lift Unit 25,Hire,Warehouse Equipment,Example Fleet Partners,2019,Active,2019-03-15,0,0,145,0,KM,2026-10-01,12,,0,26,2027-01-07,26,650,0,2500,Electric,Auto,Silver,1,0,,0,0,0,1,1,0,0,,,2019-03-15,,,2027-02-18
SA21UAE,Yaxley,Clamp Truck,MHE,Demo Handling,Lift Unit 25,Owned,Warehouse Equipment,,2021,Active,2021-05-05,0,0,0,0,KM,2026-11-26,12,,0,26,2026-11-12,26,650,0,2500,Electric,Auto,White,1,0,,0,0,1,0,1,1,0,,,2021-05-05,,,2027-01-28
SA20DLS,Yaxley,MHE Other,MHE,Demo Handling,Lift Unit 25,Owned,Warehouse Equipment,,2020,Active,2020-01-12,0,0,0,0,KM,2026-10-29,12,,0,26,2026-04-09,26,400,0,2500,Electric,Auto,White / Sample Branding,0,0,,1,0,0,1,1,1,0,,,2020-01-12,,,2026-11-12
SA24UJW,Yaxley,MHE Other,MHE,Demo Handling,Lift Unit 25,Owned,Warehouse Equipment,,2024,Active,2024-02-16,0,0,0,0,KM,2026-09-10,12,,0,26,2026-10-08,26,400,0,2500,Electric,Auto,White / Sample Branding,1,1,SampleConnect,0,0,0,0,0,1,0,,,2024-02-16,,,2026-10-15
SA21WYV,Luton,Attachment,MHE,Demo Handling,Lift Unit 25,Owned,Warehouse Equipment,,2021,Active,2021-11-15,0,0,0,0,KM,2026-10-22,12,,0,26,2026-12-10,26,400,0,2500,Electric,Auto,Green / Sample Branding,1,1,SampleConnect,0,0,1,1,1,0,0,,,2021-11-15,,,2026-12-10
SA21WUN,Luton,High Bay Lift,MHE,Demo Handling,Lift Unit 25,Lease,Warehouse Equipment,Demo Hire Services,2021,Active,2021-08-02,36,352,0,0,KM,2026-10-08,12,,0,26,2026-12-10,26,150,0,2500,Electric,Auto,Green / Sample Branding,0,0,,0,0,0,1,0,1,0,,,2021-08-02,,,2027-03-25
SA20WJL,Luton,High Bay Lift,MHE,Demo Handling,Lift Unit 25,Hire,Warehouse Equipment,Sample Leasing Ltd,2020,Active,2020-05-04,0,0,650,0,KM,2026-11-26,12,,0,26,2027-01-14,26,0,0,2500,Electric,Auto,White / Sample Branding,0,1,DemoTrack,1,0,0,1,1,1,0,,,2020-05-04,,,2026-10-15
SA19ORY,Luton,High Bay Lift,MHE,Demo Handling,Lift Unit 25,Lease,Warehouse Equipment,Example Fleet Partners,2019,Active,2019-12-01,48,491,0,0,KM,2026-12-17,12,,0,26,2026-10-08,26,650,0,2500,Electric,Auto,White,0,0,,1,0,1,0,0,1,0,,,2019-12-01,,,2027-03-25
SA20CAV,Luton,High Bay Lift,MHE,Demo Handling,Lift Unit 25,Lease,Warehouse Equipment,Sample Leasing Ltd,2020,Active,2020-03-12,48,402,0,0,KM,2026-11-26,12,,0,26,2027-01-14,26,400,0,2500,Electric,Auto,Blue,1,1,FleetExample,1,0,0,1,1,1,0,,,2020-03-12,,,2026-11-26
SA19HWL,Luton,Clamp Truck,MHE,Demo Handling,Lift Unit 25,Owned,Warehouse Equipment,,2019,Active,2019-10-20,0,0,0,0,KM,2026-12-03,12,,0,26,2027-02-11,26,650,0,2500,Electric,Auto,Green / Sample Branding,1,1,DemoTrack,1,0,1,1,1,0,0,,,2019-10-20,,,2026-04-02
SA23CLR,Luton,Clamp Truck,MHE,Demo Handling,Lift Unit 25,Owned,Warehouse Equipment,,2023,Active,2023-10-01,0,0,0,0,KM,2026-10-29,12,,0,26,2026-12-17,26,0,0,2500,Electric,Auto,White / Sample Branding,1,1,DemoTrack,0,0,1,1,0,0,0,,,2023-10-01,,,2027-03-25
SA20XHH,Luton,Clamp Truck,MHE,Demo Handling,Lift Unit 25,Owned,Warehouse Equipment,,2020,Active,2020-02-14,0,0,0,0,KM,2026-12-17,12,,0,26,2026-10-15,26,150,0,2500,Electric,Auto,White,1,0,,0,0,1,1,1,0,0,,,2020-02-14,,,2026-12-31
SA25ERB,Luton,MHE Other,MHE,Demo Handling,Lift Unit 25,Hire,Warehouse Equipment,Demo Hire Services,2025,Active,2025-06-20,0,0,650,0,KM,2026-11-19,12,,0,26,2026-11-05,26,150,0,2500,Electric,Auto,Blue,0,1,SampleConnect,1,0,1,1,1,0,0,,,2025-06-20,,,2027-03-25
SA21BNB,Luton,MHE Other,MHE,Demo Handling,Lift Unit 25,Hire,Warehouse Equipment,Example Fleet Partners,2021,Active,2021-02-11,0,0,650,0,KM,2026-12-17,12,,0,26,2026-10-08,26,650,0,2500,Electric,Auto,Blue,1,1,SampleConnect,0,0,0,0,1,0,0,,,2021-02-11,,,2027-02-11
SA23KGX,Newport,Attachment,MHE,Demo Handling,Lift Unit 25,Hire,Warehouse Equipment,Example Fleet Partners,2023,Active,2023-11-02,0,0,650,0,KM,2026-10-22,12,,0,26,2026-12-24,26,400,0,2500,Electric,Auto,White / Sample Branding,0,0,,0,0,1,1,0,0,0,,,2023-11-02,,,2026-10-15
SA25RZN,Newport,High Bay Lift,MHE,Demo Handling,Lift Unit 25,Owned,Warehouse Equipment,,2025,Active,2025-10-21,0,0,0,0,KM,2026-10-29,12,,0,26,2027-02-25,26,0,0,2500,Electric,Auto,White,0,0,,1,0,0,1,1,1,0,,,2025-10-21,,,2026-12-03
SA20KJE,Newport,High Bay Lift,MHE,Demo Handling,Lift Unit 25,Owned,Warehouse Equipment,,2020,Active,2020-02-19,0,0,0,0,KM,2026-10-08,12,,0,26,2027-03-04,26,400,0,2500,Electric,Auto,Silver,0,0,,0,0,0,1,1,1,0,,,2020-02-19,,,2027-02-18
SA24BMT,Newport,High Bay Lift,MHE,Demo Handling,Lift Unit 25,Owned,Warehouse Equipment,,2024,Active,2024-07-25,0,0,0,0,KM,2026-10-01,12,,0,26,2026-12-31,26,0,0,2500,Electric,Auto,Blue,0,1,DemoTrack,0,0,1,1,1,0,0,,,2024-07-25,,,2026-12-03
SA21VVW,Newport,High Bay Lift,MHE,Demo Handling,Lift Unit 25,Owned,Warehouse Equipment,,2021,Active,2021-01-25,0,0,0,0,KM,2026-11-05,12,,0,26,2027-03-11,26,400,0,2500,Electric,Auto,Blue,0,1,SampleConnect,0,0,1,1,0,1,0,,,2021-01-25,,,2026-10-22
SA20CXH,Newport,Clamp Truck,MHE,Demo Handling,Lift Unit 25,Lease,Warehouse Equipment,Demo Hire Services,2020,Active,2020-09-08,60,492,0,0,KM,2026-11-12,12,,0,26,2027-03-18,26,400,0,2500,Electric,Auto,White / Sample Branding,1,1,DemoTrack,0,0,1,1,1,1,0,,,2020-09-08,,,2026-11-12
SA22OGR,Newport,Clamp Truck,MHE,Demo Handling,Lift Unit 25,Owned,Warehouse Equipment,,2022,Active,2022-01-09,0,0,0,0,KM,2026-10-08,12,,0,26,2026-10-01,26,150,0,2500,Electric,Auto,Silver,1,0,,1,0,0,1,1,1,0,,,2022-01-09,,,2026-10-08
SA22FNO,Newport,Clamp Truck,MHE,Demo Handling,Lift Unit 25,Hire,Warehouse Equipment,Sample Leasing Ltd,2022,Active,2022-05-12,0,0,145,0,KM,2026-12-10,12,,0,26,2026-11-05,26,400,0,2500,Electric,Auto,Blue,0,1,DemoTrack,1,0,0,1,1,1,0,,,2022-05-12,,,2026-12-10
SA23WSZ,Newport,MHE Other,MHE,Demo Handling,Lift Unit 25,Hire,Warehouse Equipment,Sample Leasing Ltd,2023,Active,2023-05-04,0,0,145,0,KM,2026-10-01,12,,0,26,2026-07-23,26,650,0,2500,Electric,Auto,White / Sample Branding,1,1,DemoTrack,1,0,0,0,0,1,0,,,2023-05-04,,,2026-12-10
SA24UPA,Newport,MHE Other,MHE,Demo Handling,Lift Unit 25,Hire,Warehouse Equipment,Illustration Rentals,2024,Active,2024-02-21,0,0,650,0,KM,2026-07-30,12,,0,26,2026-12-24,26,650,0,2500,Electric,Auto,White,0,0,,0,0,0,1,0,0,0,,,2024-02-21,,,2027-01-14
SA25BEC,Spennymoor,Attachment,MHE,Demo Handling,Lift Unit 25,Owned,Warehouse Equipment,,2025,Active,2025-06-03,0,0,0,0,KM,2026-12-17,12,,0,26,2027-02-11,26,150,0,2500,Electric,Auto,White,0,1,SampleConnect,0,0,1,0,1,1,0,,,2025-06-03,,,2026-12-31
SA20JNN,Spennymoor,High Bay Lift,MHE,Demo Handling,Lift Unit 25,Lease,Warehouse Equipment,Example Fleet Partners,2020,Active,2020-06-16,36,375,0,0,KM,2026-11-26,12,,0,26,2027-03-11,26,400,0,2500,Electric,Auto,White / Sample Branding,1,0,,0,0,0,1,0,1,0,,,2020-06-16,,,2026-11-26
SA20RUT,Spennymoor,High Bay Lift,MHE,Demo Handling,Lift Unit 25,Lease,Warehouse Equipment,Demo Hire Services,2020,Active,2020-04-19,24,242,0,0,KM,2026-11-05,12,,0,26,2027-03-18,26,250,0,2500,Electric,Auto,Green / Sample Branding,0,1,DemoTrack,0,0,0,1,1,0,0,,,2020-04-19,,,2026-10-01
SA22PDV,Spennymoor,High Bay Lift,MHE,Demo Handling,Lift Unit 25,Owned,Warehouse Equipment,,2022,Active,2022-02-18,0,0,0,0,KM,2026-10-15,12,,0,26,2026-11-05,26,0,0,2500,Electric,Auto,White / Sample Branding,0,0,,0,0,0,0,0,0,0,,,2022-02-18,,,2026-12-10
SA19XYP,Spennymoor,High Bay Lift,MHE,Demo Handling,Lift Unit 25,Hire,Warehouse Equipment,Example Fleet Partners,2019,Active,2019-08-15,0,0,650,0,KM,2026-10-22,12,,0,26,2026-12-17,26,250,0,2500,Electric,Auto,Silver,1,0,,0,0,1,1,1,0,0,,,2019-08-15,,,2027-03-25
SA23NZO,Spennymoor,Clamp Truck,MHE,Demo Handling,Lift Unit 25,Hire,Warehouse Equipment,Demo Hire Services,2023,Active,2023-09-01,0,0,650,0,KM,2026-11-12,12,,0,26,2026-12-03,26,650,0,2500,Electric,Auto,Blue,0,1,SampleConnect,0,0,0,0,0,0,0,,,2023-09-01,,,2026-07-02
SA24GBU,Spennymoor,Clamp Truck,MHE,Demo Handling,Lift Unit 25,Lease,Warehouse Equipment,Example Fleet Partners,2024,Active,2024-07-01,36,357,0,0,KM,2026-10-01,12,,0,26,2027-03-04,26,150,0,2500,Electric,Auto,Green / Sample Branding,1,1,DemoTrack,0,0,0,1,1,0,0,,,2024-07-01,,,2027-03-04
SA21HRM,Spennymoor,Clamp Truck,MHE,Demo Handling,Lift Unit 25,Hire,Warehouse Equipment,Sample Leasing Ltd,2021,Active,2021-08-11,0,0,650,0,KM,2026-10-15,12,,0,26,2027-01-28,26,650,0,2500,Electric,Auto,Green / Sample Branding,1,1,FleetExample,0,0,0,1,0,0,0,,,2021-08-11,,,2027-02-11
SA23SNR,Spennymoor,MHE Other,MHE,Demo Handling,Lift Unit 25,Lease,Warehouse Equipment,Illustration Rentals,2023,Active,2023-06-26,48,261,0,0,KM,2026-10-15,12,,0,26,2027-03-25,26,0,0,2500,Electric,Auto,White / Sample Branding,1,0,,1,0,0,1,1,0,0,,,2023-06-26,,,2027-03-18
SA21PKC,Spennymoor,MHE Other,MHE,Demo Handling,Lift Unit 25,Hire,Warehouse Equipment,Sample Leasing Ltd,2021,Active,2021-07-14,0,0,650,0,KM,2026-11-19,12,,0,26,2027-02-18,26,250,0,2500,Electric,Auto,Blue,0,1,FleetExample,0,0,0,1,0,0,0,,,2021-07-14,,,2027-03-25
SA22ZMB,Dundee,Attachment,MHE,Demo Handling,Lift Unit 25,Hire,Warehouse Equipment,Demo Hire Services,2022,Active,2022-07-17,0,0,145,0,KM,2026-10-01,12,,0,26,2027-01-21,26,650,0,2500,Electric,Auto,White / Sample Branding,1,1,SampleConnect,0,0,1,1,1,0,0,,,2022-07-17,,,2027-02-25
SA23ELE,Dundee,High Bay Lift,MHE,Demo Handling,Lift Unit 25,Hire,Warehouse Equipment,Illustration Rentals,2023,Active,2023-02-02,0,0,650,0,KM,2026-12-10,12,,0,26,2026-11-05,26,650,0,2500,Electric,Auto,Blue,1,0,,0,0,0,1,1,1,0,,,2023-02-02,,,2027-03-11
SA21FEO,Dundee,High Bay Lift,MHE,Demo Handling,Lift Unit 25,Owned,Warehouse Equipment,,2021,Active,2021-02-01,0,0,0,0,KM,2026-10-01,12,,0,26,2026-10-29,26,650,0,2500,Electric,Auto,White / Sample Branding,0,1,SampleConnect,1,0,0,0,1,1,0,,,2021-02-01,,,2027-01-21
SA20ULM,Dundee,High Bay Lift,MHE,Demo Handling,Lift Unit 25,Owned,Warehouse Equipment,,2020,Active,2020-05-14,0,0,0,0,KM,2026-11-12,12,,0,26,2026-11-19,26,650,0,2500,Electric,Auto,White / Sample Branding,0,1,SampleConnect,0,0,1,0,1,1,0,,,2020-05-14,,,2026-12-31
SA19PSG,Dundee,High Bay Lift,MHE,Demo Handling,Lift Unit 25,Hire,Warehouse Equipment,Sample Leasing Ltd,2019,Active,2019-07-26,0,0,650,0,KM,2026-10-29,12,,0,26,2027-02-18,26,250,0,2500,Electric,Auto,White / Sample Branding,0,1,DemoTrack,0,0,1,1,0,0,0,,,2019-07-26,,,2027-01-14
SA24VEC,Dundee,Clamp Truck,MHE,Demo Handling,Lift Unit 25,Lease,Warehouse Equipment,Sample Leasing Ltd,2024,Active,2024-09-08,60,312,0,0,KM,2026-10-29,12,,0,26,2026-10-01,26,400,0,2500,Electric,Auto,White,0,1,SampleConnect,0,0,1,0,1,0,0,,,2024-09-08,,,2026-10-15
SA19UXX,Dundee,Clamp Truck,MHE,Demo Handling,Lift Unit 25,Hire,Warehouse Equipment,Illustration Rentals,2019,Active,2019-05-11,0,0,145,0,KM,2026-12-17,12,,0,26,2026-12-31,26,150,0,2500,Electric,Auto,Silver,1,0,,0,0,0,1,1,0,0,,,2019-05-11,,,2026-12-31
SA21JFO,Dundee,Clamp Truck,MHE,Demo Handling,Lift Unit 25,Hire,Warehouse Equipment,Demo Hire Services,2021,Active,2021-09-03,0,0,145,0,KM,2026-12-10,12,,0,26,2026-12-31,26,150,0,2500,Electric,Auto,Silver,0,1,DemoTrack,0,0,1,0,0,1,0,,,2021-09-03,,,2026-11-19
SA22HXM,Dundee,MHE Other,MHE,Demo Handling,Lift Unit 25,Lease,Warehouse Equipment,Example Fleet Partners,2022,Active,2022-08-28,36,254,0,0,KM,2026-10-22,12,,0,26,2026-08-27,26,0,0,2500,Electric,Auto,Silver,0,0,,1,0,0,1,1,0,0,,,2022-08-28,,,2027-03-25
SA21PPK,Crawley,MHE Other,MHE,Demo Handling,Lift Unit 25,Lease,Warehouse Equipment,Demo Hire Services,2021,Active,2021-01-11,24,389,0,0,KM,2026-07-23,12,,0,26,2026-11-05,26,400,0,2500,Electric,Auto,Blue,1,1,DemoTrack,0,0,0,1,0,0,0,,,2021-01-11,,,2027-01-07
SA23CNX,Crawley,Attachment,MHE,Demo Handling,Lift Unit 25,Lease,Warehouse Equipment,Example Fleet Partners,2023,Active,2023-02-19,36,322,0,0,KM,2026-12-03,12,,0,26,2026-10-15,26,150,0,2500,Electric,Auto,Silver,1,0,,1,0,1,1,0,1,0,,,2023-02-19,,,2026-12-31
SA21CWX,Crawley,High Bay Lift,MHE,Demo Handling,Lift Unit 25,Owned,Warehouse Equipment,,2021,Active,2021-04-17,0,0,0,0,KM,2026-12-03,12,,0,26,2027-03-11,26,650,0,2500,Electric,Auto,White / Sample Branding,1,0,,1,0,1,1,1,1,0,,,2021-04-17,,,2027-03-18
SA20VXU,Crawley,High Bay Lift,MHE,Demo Handling,Lift Unit 25,Owned,Warehouse Equipment,,2020,Active,2020-11-01,0,0,0,0,KM,2026-10-29,12,,0,26,2026-12-10,26,250,0,2500,Electric,Auto,Green / Sample Branding,0,1,SampleConnect,0,0,1,1,1,0,0,,,2020-11-01,,,2027-01-28
SA20XKP,Crawley,High Bay Lift,MHE,Demo Handling,Lift Unit 25,Lease,Warehouse Equipment,Illustration Rentals,2020,Active,2020-02-12,60,420,0,0,KM,2026-11-12,12,,0,26,2026-12-24,26,150,0,2500,Electric,Auto,White / Sample Branding,0,1,FleetExample,0,0,1,0,1,0,0,,,2020-02-12,,,2027-01-28
SA22PRO,Crawley,High Bay Lift,MHE,Demo Handling,Lift Unit 25,Hire,Warehouse Equipment,Demo Hire Services,2022,Active,2022-05-13,0,0,145,0,KM,2026-12-03,12,,0,26,2027-01-07,26,150,0,2500,Electric,Auto,White / Sample Branding,1,0,,0,0,0,1,1,1,0,,,2022-05-13,,,2026-12-10
SA21EVN,Crawley,Clamp Truck,MHE,Demo Handling,Lift Unit 25,Lease,Warehouse Equipment,Demo Hire Services,2021,Active,2021-03-22,48,295,0,0,KM,2026-10-08,12,,0,26,2026-11-26,26,650,0,2500,Electric,Auto,Green / Sample Branding,0,0,,0,0,1,1,1,1,0,,,2021-03-22,,,2026-05-28
SA21GFF,Crawley,Clamp Truck,MHE,Demo Handling,Lift Unit 25,Owned,Warehouse Equipment,,2021,Active,2021-02-16,0,0,0,0,KM,2026-11-26,12,,0,26,2026-12-10,26,250,0,2500,Electric,Auto,Blue,1,1,FleetExample,0,0,1,1,1,0,0,,,2021-02-16,,,2027-03-18
SA25HWT,Heywood,Clamp Truck,MHE,Demo Handling,Lift Unit 25,Lease,Warehouse Equipment,Illustration Rentals,2025,Active,2025-09-09,24,303,0,0,KM,2026-11-12,12,,0,26,2027-02-18,26,650,0,2500,Electric,Auto,White / Sample Branding,1,0,,1,0,1,1,0,1,0,,,2025-09-09,,,2027-03-18
SA19JRA,Heywood,MHE Other,MHE,Demo Handling,Lift Unit 25,Hire,Warehouse Equipment,Demo Hire Services,2019,Active,2019-06-07,0,0,145,0,KM,2026-11-05,12,,0,26,2026-12-31,26,0,0,2500,Electric,Auto,Blue,1,1,FleetExample,0,0,1,1,1,0,0,,,2019-06-07,,,2026-10-22
SA25XFV,Heywood,MHE Other,MHE,Demo Handling,Lift Unit 25,Lease,Warehouse Equipment,Sample Leasing Ltd,2025,Active,2025-03-04,36,551,0,0,KM,2026-10-15,12,,0,26,2027-03-25,26,250,0,2500,Electric,Auto,Silver,0,1,SampleConnect,0,0,1,1,0,0,0,,,2025-03-04,,,2026-12-10
SA24FPC,Heywood,Attachment,MHE,Demo Handling,Lift Unit 25,Hire,Warehouse Equipment,Illustration Rentals,2024,Active,2024-08-22,0,0,145,0,KM,2026-11-12,12,,0,26,2027-02-11,26,0,0,2500,Electric,Auto,White,1,1,FleetExample,1,0,1,1,1,0,0,,,2024-08-22,,,2026-10-08
SA21ZWG,Heywood,High Bay Lift,MHE,Demo Handling,Lift Unit 25,Hire,Warehouse Equipment,Example Fleet Partners,2021,Active,2021-03-04,0,0,650,0,KM,2026-11-19,12,,0,26,2026-12-10,26,0,0,2500,Electric,Auto,Green / Sample Branding,1,1,SampleConnect,1,0,0,0,0,0,0,,,2021-03-04,,,2027-01-28
SA19BLM,Heywood,High Bay Lift,MHE,Demo Handling,Lift Unit 25,Hire,Warehouse Equipment,Illustration Rentals,2019,Active,2019-01-19,0,0,650,0,KM,2026-11-12,12,,0,26,2027-01-28,26,0,0,2500,Electric,Auto,Blue,1,0,,1,0,1,1,1,0,0,,,2019-01-19,,,2026-12-24
SA21PJL,Heywood,High Bay Lift,MHE,Demo Handling,Lift Unit 25,Lease,Warehouse Equipment,Illustration Rentals,2021,Active,2021-04-08,60,262,0,0,KM,2026-12-17,12,,0,26,2027-01-21,26,150,0,2500,Electric,Auto,White / Sample Branding,1,1,FleetExample,0,0,0,0,0,0,0,,,2021-04-08,,,2026-12-24
SA19VFO,Heywood,High Bay Lift,MHE,Demo Handling,Lift Unit 25,Lease,Warehouse Equipment,Illustration Rentals,2019,Active,2019-08-20,48,261,0,0,KM,2026-10-08,12,,0,26,2027-02-18,26,150,0,2500,Electric,Auto,White / Sample Branding,1,1,FleetExample,0,0,0,1,1,0,0,,,2019-08-20,,,2026-10-08
SA23KNZ,Larkhall,Clamp Truck,MHE,Demo Handling,Lift Unit 25,Hire,Warehouse Equipment,Demo Hire Services,2023,Active,2023-11-16,0,0,650,0,KM,2026-11-12,12,,0,26,2026-10-29,26,150,0,2500,Electric,Auto,White,0,1,FleetExample,0,0,1,1,0,1,0,,,2023-11-16,,,2026-12-31
SA21JGS,Larkhall,Clamp Truck,MHE,Demo Handling,Lift Unit 25,Owned,Warehouse Equipment,,2021,Active,2021-02-12,0,0,0,0,KM,2026-11-19,12,,0,26,2026-12-31,26,650,0,2500,Electric,Auto,Blue,0,1,SampleConnect,0,0,0,1,1,0,0,,,2021-02-12,,,2026-10-15
