reg,depot,vehicle_type,vor_date,vor_category,vor_sub_category,vor_details,damage_type,covered_under_rm,repair_site,reported_to_supplier,liability,original_expected_return_date,expected_return_date,eta_revision_count,actual_return_date,status,source_vor_term_days,fraikin_view_number
SA22ECT,Crawley,Tractor Unit,2025-09-24,Vehicle Damage - Crew Recharge,Door Damage,Sample door damage reported at Crawley,Body,0,Sample Repair Site 11,1,AO,2025-09-28,2025-10-01,1,2025-10-01,Returned,7,
SA19GHF,Heywood,3.5 Tonne,2025-09-24,Non-Scheduled Maintenance,Floor failure,Sample floor failure reported at Heywood,Body,0,Sample Repair Site 2,1,AO,2025-10-01,2025-10-01,0,2025-09-27,Returned,3,
SA21VDP,Dundee,18 Tonne,2025-09-25,Non-Scheduled Maintenance,Ironmongery,Sample ironmongery reported at Dundee,Body,0,Sample Repair Site 3,1,AO,2025-09-27,2025-09-29,1,2025-09-29,Returned,4,
SA21BZA,Dundee,3.5 Tonne,2025-09-25,Non-Scheduled Maintenance,Dash Light,Sample dash light reported at Dundee,Mechanical,0,Sample Repair Site 2,1,Fraikin,2025-09-28,2025-09-29,1,2025-09-29,Returned,4,
SA25ZHN,Basildon,18 Tonne,2025-09-26,Vehicle Damage - Crew Recharge,Cosmetic Damage,Sample cosmetic damage reported at Basildon,Body,1,Sample Repair Site 4,1,AO,2025-09-28,2025-10-02,1,2025-10-02,Returned,6,
SA20ZAG,Yaxley,Tractor Unit,2025-09-26,Legal Maintenance,Inspection,Sample inspection reported at Yaxley,Mechanical,0,Sample Repair Site 12,1,Fraikin,2025-09-27,2025-09-27,0,2025-09-27,Returned,1,
SA24OWT,Heywood,18 Tonne,2025-09-29,Non-Scheduled Maintenance,Dash Light,Sample dash light reported at Heywood,Mechanical,1,Sample Repair Site 2,1,AO,2025-10-01,2025-10-04,1,2025-10-04,Returned,5,
SA25FMV,Larkhall,Tractor Unit,2025-09-30,RTC - AO Liable,Major Damage,Sample major damage reported at Larkhall,Body,0,Sample Repair Site 1,0,AO,2025-10-23,2025-10-23,0,2025-10-21,Returned,21,FV100827
SA19MHU,Potters-Bar,Tractor Unit,2025-09-30,Vehicle Damage - Crew Recharge,Cosmetic Damage,Sample cosmetic damage reported at Potters-Bar,Body,0,Sample Repair Site 3,1,AO,2025-10-04,2025-10-04,0,2025-10-03,Returned,3,
SA24TDY,Crewe,18 Tonne,2025-10-01,Non-Scheduled Maintenance,Engine Fault,Sample engine fault reported at Crewe,Mechanical,0,Sample Repair Site 2,1,AO,2025-10-10,2025-10-12,1,2025-10-12,Returned,11,
SA19AZP,Newport,Conventional Trailer,2025-10-01,Legal Maintenance,Inspection,Sample inspection reported at Newport,Mechanical,0,Sample Repair Site 2,1,AO,2025-10-02,2025-10-02,0,2025-10-02,Returned,1,FV100953
SA19KHR,Fareham,Tractor Unit,2025-10-02,Legal Maintenance,Service Only,Sample service only reported at Fareham,Mechanical,0,Sample Repair Site 1,1,AO,2025-10-03,2025-10-03,0,2025-10-03,Returned,1,
SA22XZO,Fareham,Tractor Unit,2025-10-02,Non-Scheduled Maintenance,Engine Fault,Sample engine fault reported at Fareham,Mechanical,0,Sample Repair Site 5,1,AO,2025-10-13,2025-10-15,1,2025-10-15,Returned,13,
SA21PCB,Avonmouth,Tractor Unit,2025-10-03,Non-Scheduled Maintenance,Engine Fault,Sample engine fault reported at Avonmouth,Mechanical,0,Sample Repair Site 12,1,AO,2025-10-14,2025-10-21,2,2025-10-21,Returned,18,
SA23RBN,Newport,Tractor Unit,2025-10-03,Non-Scheduled Maintenance,Electrical Fault,Sample electrical fault reported at Newport,Mechanical,0,Sample Repair Site 4,1,AO,2025-10-09,2025-10-16,2,2025-10-16,Returned,13,
SA20PKF,Crewe,3.5 Tonne,2025-10-06,Non-Scheduled Maintenance,Clutch,Sample clutch reported at Crewe,Mechanical,0,Sample Repair Site 4,1,Fraikin,2025-10-14,2025-10-31,3,2025-10-31,Returned,25,FV100166
SA20AJK,Exeter,Tractor Unit,2025-10-07,Non-Scheduled Maintenance,Engine Fault,Sample engine fault reported at Exeter,Mechanical,1,Sample Repair Site 12,0,Fraikin,2025-10-17,2025-10-23,1,2025-10-23,Returned,16,
SA24HUO,Dundee,Tractor Unit,2025-10-07,Non-Scheduled Maintenance,Electrical Fault,Sample electrical fault reported at Dundee,Mechanical,0,Sample Repair Site 2,1,AO,2025-10-13,2025-10-15,1,2025-10-15,Returned,8,
SA23AMU,Avonmouth,Tractor Unit,2025-10-08,Vehicle Damage - Crew Recharge,Door Damage,Sample door damage reported at Avonmouth,Body,0,Sample Repair Site 9,1,AO,2025-10-14,2025-10-14,0,2025-10-12,Returned,4,
SA24XSM,Outside HDV Network,Tractor Unit,2025-10-08,Vehicle Damage - Crew Recharge,Door Damage,Sample door damage reported at Outside HDV Network,Body,1,Sample Repair Site 11,0,AO,2025-10-13,2025-10-13,0,2025-10-13,Returned,5,
SA19TXF,Newport,Tractor Unit,2025-10-09,Non-Scheduled Maintenance,Electrical Fault,Sample electrical fault reported at Newport,Mechanical,0,Sample Repair Site 4,1,AO,2025-10-14,2025-10-14,0,2025-10-14,Returned,5,
SA21CUB,Crossgreen,18 Tonne,2025-10-09,Non-Scheduled Maintenance,Fluid Leak,Sample fluid leak reported at Crossgreen,Mechanical,1,Sample Repair Site 8,1,AO,2025-10-13,2025-10-14,1,2025-10-14,Returned,5,FV100804
SA23GVO,Basildon,Tractor Unit,2025-10-10,Non-Scheduled Maintenance,Box Damage,Sample box damage reported at Basildon,Body,0,Sample Repair Site 6,1,AO,2025-10-18,2025-10-18,0,2025-10-14,Returned,4,
SA19OVY,Gravesend,Conventional Trailer,2025-10-13,Legal Maintenance,Inspection,Sample inspection reported at Gravesend,Mechanical,1,Sample Repair Site 7,1,AO,2025-10-14,2025-10-14,0,2025-10-14,Returned,1,
SA19YVN,Newport,Conventional Trailer,2025-10-13,Legal Maintenance,Inspection,Sample inspection reported at Newport,Mechanical,0,Sample Repair Site 9,1,AO,2025-10-14,2025-10-14,0,2025-10-14,Returned,1,
SA19TOW,Crewe,3.5 Tonne,2025-10-14,Non-Scheduled Maintenance,Ironmongery,Sample ironmongery reported at Crewe,Body,0,Sample Repair Site 4,0,AO,2025-10-17,2025-10-21,1,2025-10-21,Returned,7,FV100299
SA21UJO,Crossgreen,DD Trailer,2025-10-14,Non-Scheduled Maintenance,Steering,Sample steering reported at Crossgreen,Mechanical,0,Sample Repair Site 2,1,Fraikin,2025-10-22,2025-10-29,2,2025-10-29,Returned,15,
SA21YUH,Crossgreen,Tractor Unit,2025-10-15,Non-Scheduled Maintenance,Dash Light,Sample dash light reported at Crossgreen,Mechanical,0,Sample Repair Site 8,1,Fraikin,2025-10-18,2025-10-18,0,2025-10-18,Returned,3,
SA25JMV,Coventry,18 Tonne,2025-10-15,Legal Maintenance,MOT & Service,Sample mot & service reported at Coventry,Mechanical,0,Sample Repair Site 8,1,AO,2025-10-17,2025-10-17,0,2025-10-16,Returned,1,FV100116
SA25JUD,Larkhall,Megatrailer,2025-10-16,Non-Scheduled Maintenance,Engine Fault,Sample engine fault reported at Larkhall,Mechanical,0,Sample Repair Site 9,1,AO,2025-10-29,2025-11-02,1,2025-11-02,Returned,17,
SA24BYG,Luton,Tractor Unit,2025-10-16,Legal Maintenance,Inspection,Sample inspection reported at Luton,Mechanical,0,Sample Repair Site 3,1,AO,2025-10-17,2025-10-17,0,2025-10-17,Returned,1,
SA25LBS,Avonmouth,Tractor Unit,2025-10-17,RTC - AO Liable,Major Damage,Sample major damage reported at Avonmouth,Body,0,Sample Repair Site 10,1,AO,2025-11-06,2025-11-09,1,2025-11-09,Returned,23,
SA21MGZ,Crossgreen,Conventional Trailer,2025-10-17,Legal Maintenance,Inspection,Sample inspection reported at Crossgreen,Mechanical,0,Sample Repair Site 11,1,AO,2025-10-18,2025-10-18,0,2025-10-18,Returned,1,
SA19BKJ,Gravesend,Tractor Unit,2025-10-20,Non-Scheduled Maintenance,Engine Fault,Sample engine fault reported at Gravesend,Mechanical,0,Sample Repair Site 5,1,AO,2025-11-03,2025-11-03,0,2025-10-30,Returned,10,
SA20JSF,Yaxley,Conventional Trailer,2025-10-20,Non-Scheduled Maintenance,Dash Light,Sample dash light reported at Yaxley,Mechanical,0,Sample Repair Site 11,0,AO,2025-10-22,2025-10-22,0,2025-10-21,Returned,1,
SA19MZT,Avonmouth,Tractor Unit,2025-10-21,Non-Scheduled Maintenance,Box Damage,Sample box damage reported at Avonmouth,Body,0,Sample Repair Site 6,1,AO,2025-10-30,2025-10-30,0,2025-10-30,Returned,9,
SA24UKB,Coventry,Conventional Trailer,2025-10-21,Legal Maintenance,MOT & Service,Sample mot & service reported at Coventry,Mechanical,1,Sample Repair Site 12,1,AO,2025-10-23,2025-10-26,1,2025-10-26,Returned,5,
SA23GBJ,Fareham,Conventional Trailer,2025-10-22,Non-Scheduled Maintenance,Floor failure,Sample floor failure reported at Fareham,Body,0,Sample Repair Site 12,0,AO,2025-10-30,2025-11-23,3,2025-11-23,Returned,32,FV100612
SA20TRB,Coventry,Hi-Cube,2025-10-23,Vehicle Damage - Crew Recharge,Door Damage,Sample door damage reported at Coventry,Body,0,Sample Repair Site 2,1,AO,2025-10-27,2025-10-29,1,2025-10-29,Returned,6,
SA24FWY,Avonmouth,Hi-Cube,2025-10-23,Non-Scheduled Maintenance,Electrical Fault,Sample electrical fault reported at Avonmouth,Mechanical,0,Sample Repair Site 7,1,AO,2025-10-29,2025-10-30,1,2025-10-30,Returned,7,
SA23GBJ,Fareham,Conventional Trailer,2025-10-24,Vehicle Damage - Crew Recharge,Door Damage,Sample door damage reported at Fareham,Body,0,Sample Repair Site 8,1,AO,2025-10-29,2025-10-31,1,2025-10-31,Returned,7,
SA20AGS,Spennymoor,18 Tonne,2025-10-24,Vehicle Damage - Crew Recharge,Minor Damage,Sample minor damage reported at Spennymoor,Body,0,Sample Repair Site 8,1,AO,2025-10-28,2025-10-30,1,2025-10-30,Returned,6,FV100272
SA19HYL,Basildon,Tractor Unit,2025-10-27,RTC - AO Liable,Major Damage,Sample major damage reported at Basildon,Body,1,Sample Repair Site 1,0,AO,2025-11-22,2025-12-09,3,2025-12-09,Returned,43,
SA19KZK,Potters-Bar,3.5 Tonne,2025-10-27,Non-Scheduled Maintenance,Engine Fault,Sample engine fault reported at Potters-Bar,Mechanical,1,Sample Repair Site 10,1,AO,2025-11-06,2025-11-10,1,2025-11-10,Returned,14,
SA20CRD,Crossgreen,Megatrailer,2025-10-28,Vehicle Damage - Crew Recharge,Minor Damage,Sample minor damage reported at Crossgreen,Body,0,Sample Repair Site 9,1,AO,2025-10-31,2025-10-31,0,2025-10-31,Returned,3,
SA23YZC,Dundee,Tractor Unit,2025-10-28,Non-Scheduled Maintenance,Engine Fault,Sample engine fault reported at Dundee,Mechanical,0,Sample Repair Site 7,1,AO,2025-11-06,2025-11-13,2,2025-11-13,Returned,16,
SA24GWT,Stoke,3.5 Tonne,2025-10-29,Legal Maintenance,MOT & Service,Sample mot & service reported at Stoke,Mechanical,1,Sample Repair Site 1,0,AO,2025-10-30,2025-10-31,1,2025-10-31,Returned,2,
SA24GBF,Basildon,Hi-Cube,2025-10-29,RTC - AO Liable,Major Damage,Sample major damage reported at Basildon,Body,0,Sample Repair Site 8,1,Fraikin,2025-11-24,2025-11-24,0,2025-11-19,Returned,21,
SA19EWH,Crawley,18 Tonne,2025-10-30,Non-Scheduled Maintenance,Tail Lift,Sample tail lift reported at Crawley,Mechanical,0,Sample Repair Site 4,1,AO,2025-11-06,2025-11-08,1,2025-11-08,Returned,9,
SA25OEB,Basildon,3.5 Tonne,2025-10-30,Vehicle Damage - Crew Recharge,Minor Damage,Sample minor damage reported at Basildon,Body,0,Sample Repair Site 6,1,AO,2025-11-04,2025-11-05,1,2025-11-05,Returned,6,
SA21CEN,Heywood,Hi-Cube,2025-10-31,Non-Scheduled Maintenance,Brakes,Sample brakes reported at Heywood,Mechanical,0,Sample Repair Site 2,1,AO,2025-11-03,2025-11-03,0,2025-11-01,Returned,1,
SA21AFW,Crossgreen,3.5 Tonne,2025-10-31,Non-Scheduled Maintenance,Electrical Fault,Sample electrical fault reported at Crossgreen,Mechanical,0,Sample Repair Site 6,1,Third Party,2025-11-05,2025-11-17,2,2025-11-17,Returned,17,
SA22HMV,Crewe,18 Tonne,2025-11-03,Non-Scheduled Maintenance,Shutter Door,Sample shutter door reported at Crewe,Body,0,Sample Repair Site 11,1,AO,2025-11-07,2025-11-09,1,2025-11-09,Returned,6,
SA19EWH,Crawley,18 Tonne,2025-11-03,Non-Scheduled Maintenance,Rear door failure,Sample rear door failure reported at Crawley,Body,0,Sample Repair Site 1,1,AO,2025-11-07,2025-11-12,1,2025-11-12,Returned,9,
SA24ZEC,Heywood,Tractor Unit,2025-11-04,Non-Scheduled Maintenance,Electrical Fault,Sample electrical fault reported at Heywood,Mechanical,0,Sample Repair Site 10,1,Fraikin,2025-11-10,2025-11-13,1,2025-11-13,Returned,9,
SA25GKR,Gravesend,Megatrailer,2025-11-04,Non-Scheduled Maintenance,Electrical Fault,Sample electrical fault reported at Gravesend,Mechanical,1,Sample Repair Site 2,1,Fraikin,2025-11-09,2025-11-09,0,2025-11-08,Returned,4,
SA23DMW,Luton,18 Tonne,2025-11-04,Non-Scheduled Maintenance,Fluid Leak,Sample fluid leak reported at Luton,Mechanical,1,Sample Repair Site 11,1,AO,2025-11-08,2025-11-12,1,2025-11-12,Returned,8,FV100771
SA21BRA,Stoke,3.5 Tonne,2025-11-05,Legal Maintenance,Service Only,Sample service only reported at Stoke,Mechanical,0,Sample Repair Site 8,1,AO,2025-11-06,2025-11-06,0,2025-11-06,Returned,1,
SA25ZER,Coventry,Tractor Unit,2025-11-05,Vehicle Damage - Crew Recharge,Minor Damage,Sample minor damage reported at Coventry,Body,1,Sample Repair Site 5,1,AO,2025-11-09,2025-11-11,1,2025-11-11,Returned,6,
SA25BEL,Crossgreen,Conventional Trailer,2025-11-06,Non-Scheduled Maintenance,Gearbox,Sample gearbox reported at Crossgreen,Mechanical,0,Sample Repair Site 5,1,AO,2025-11-22,2025-12-02,2,2025-12-02,Returned,26,
SA20YKX,Coventry,Megatrailer,2025-11-06,Legal Maintenance,Inspection,Sample inspection reported at Coventry,Mechanical,1,Sample Repair Site 5,0,AO,2025-11-07,2025-11-08,1,2025-11-08,Returned,2,
SA25VME,Avonmouth,18 Tonne,2025-11-07,Vehicle Damage - Crew Recharge,Door Damage,Sample door damage reported at Avonmouth,Body,0,Sample Repair Site 2,1,AO,2025-11-13,2025-11-13,0,2025-11-13,Returned,6,
SA19RCX,Avonmouth,Tractor Unit,2025-11-07,Non-Scheduled Maintenance,Engine Fault,Sample engine fault reported at Avonmouth,Mechanical,0,Sample Repair Site 7,1,AO,2025-11-19,2025-11-27,2,2025-11-27,Returned,20,
SA25NDT,Luton,18 Tonne,2025-11-10,Non-Scheduled Maintenance,Ironmongery,Sample ironmongery reported at Luton,Body,0,Sample Repair Site 11,0,AO,2025-11-13,2025-11-14,1,2025-11-14,Returned,4,
SA25YUN,Crewe,Tractor Unit,2025-11-10,Non-Scheduled Maintenance,Shutter Door,Sample shutter door reported at Crewe,Body,0,Sample Repair Site 8,0,AO,2025-11-14,2025-11-20,1,2025-11-20,Returned,10,
SA20RUY,Crewe,Tractor Unit,2025-11-11,Legal Maintenance,MOT & Service,Sample mot & service reported at Crewe,Mechanical,0,Sample Repair Site 5,0,AO,2025-11-13,2025-11-13,0,2025-11-13,Returned,2,
SA19MZT,Avonmouth,Tractor Unit,2025-11-11,Legal Maintenance,Service Only,Sample service only reported at Avonmouth,Mechanical,0,Sample Repair Site 9,1,AO,2025-11-12,2025-11-12,0,2025-11-12,Returned,1,FV100900
SA19UCD,Crossgreen,18 Tonne,2025-11-12,Non-Scheduled Maintenance,Tail Lift,Sample tail lift reported at Crossgreen,Mechanical,0,Sample Repair Site 3,0,AO,2025-11-18,2025-11-23,1,2025-11-23,Returned,11,FV100423
SA24MKF,Potters-Bar,Tractor Unit,2025-11-12,Non-Scheduled Maintenance,Dash Light,Sample dash light reported at Potters-Bar,Mechanical,0,Sample Repair Site 8,1,AO,2025-11-15,2025-11-15,0,2025-11-14,Returned,2,
SA21UTW,Avonmouth,DD Trailer,2025-11-13,Non-Scheduled Maintenance,Fluid Leak,Sample fluid leak reported at Avonmouth,Mechanical,0,Sample Repair Site 7,0,Third Party,2025-11-18,2025-11-19,1,2025-11-19,Returned,6,
SA19PFL,Dundee,Tractor Unit,2025-11-13,Non-Scheduled Maintenance,Rear door failure,Sample rear door failure reported at Dundee,Body,1,Sample Repair Site 7,1,Third Party,2025-11-17,2025-11-17,0,2025-11-17,Returned,4,
SA20TYO,Newport,3.5 Tonne,2025-11-14,Non-Scheduled Maintenance,Engine Fault,Sample engine fault reported at Newport,Mechanical,1,Sample Repair Site 9,1,AO,2025-11-24,2025-12-03,2,2025-12-03,Returned,19,
SA20NEV,Crewe,18 Tonne,2025-11-14,Non-Scheduled Maintenance,Tail Lift,Sample tail lift reported at Crewe,Mechanical,0,Sample Repair Site 9,0,AO,2025-11-20,2025-11-20,0,2025-11-17,Returned,3,
SA25OVW,Fareham,18 Tonne,2025-11-14,Legal Maintenance,Inspection,Sample inspection reported at Fareham,Mechanical,0,Sample Repair Site 6,1,AO,2025-11-15,2025-11-15,0,2025-11-15,Returned,1,
SA21NEM,Crossgreen,Conventional Trailer,2025-11-17,Legal Maintenance,Inspection,Sample inspection reported at Crossgreen,Mechanical,1,Sample Repair Site 8,1,Fraikin,2025-11-18,2025-11-18,0,2025-11-18,Returned,1,FV100212
SA24NEL,Potters-Bar,18 Tonne,2025-11-17,Non-Scheduled Maintenance,Rear frame damage,Sample rear frame damage reported at Potters-Bar,Body,0,Sample Repair Site 6,1,AO,2025-11-30,2025-12-11,2,2025-12-11,Returned,24,
SA23RZC,Crossgreen,Tractor Unit,2025-11-18,Non-Scheduled Maintenance,Dash Light,Sample dash light reported at Crossgreen,Mechanical,0,Sample Repair Site 3,1,AO,2025-11-20,2025-11-21,1,2025-11-21,Returned,3,
SA21FUP,Heywood,Tractor Unit,2025-11-18,Vehicle Damage - Crew Recharge,Door Damage,Sample door damage reported at Heywood,Body,1,Sample Repair Site 7,1,Third Party,2025-11-23,2025-12-02,2,2025-12-02,Returned,14,
SA20AGS,Spennymoor,18 Tonne,2025-11-19,Vehicle Damage - Crew Recharge,Door Damage,Sample door damage reported at Spennymoor,Body,0,Sample Repair Site 11,0,AO,2025-11-23,2025-11-25,1,2025-11-25,Returned,6,
SA24AVF,Newport,18 Tonne,2025-11-19,Non-Scheduled Maintenance,Gearbox,Sample gearbox reported at Newport,Mechanical,1,Sample Repair Site 12,1,Fraikin,2025-12-07,2025-12-16,2,2025-12-16,Returned,27,FV100206
SA20HUG,Crawley,Conventional Trailer,2025-11-20,Non-Scheduled Maintenance,Dash Light,Sample dash light reported at Crawley,Mechanical,0,Sample Repair Site 9,1,AO,2025-11-22,2025-11-22,0,2025-11-22,Returned,2,
SA20ENJ,Dundee,18 Tonne,2025-11-20,Non-Scheduled Maintenance,Steering,Sample steering reported at Dundee,Mechanical,0,Sample Repair Site 5,1,AO,2025-11-28,2025-11-28,0,2025-11-27,Returned,7,
SA20ZFK,Crossgreen,Hi-Cube,2025-11-21,Legal Maintenance,Inspection,Sample inspection reported at Crossgreen,Mechanical,0,Sample Repair Site 1,0,AO,2025-11-22,2025-11-22,0,2025-11-22,Returned,1,
SA22MWT,Stoke,Tractor Unit,2025-11-21,Non-Scheduled Maintenance,Dash Light,Sample dash light reported at Stoke,Mechanical,0,Sample Repair Site 6,1,Fraikin,2025-11-23,2025-11-23,0,2025-11-22,Returned,1,FV100129
SA23OCA,Fareham,Conventional Trailer,2025-11-21,Non-Scheduled Maintenance,Gearbox,Sample gearbox reported at Fareham,Mechanical,0,Sample Repair Site 4,1,AO,2025-12-11,2025-12-12,1,2025-12-12,Returned,21,
SA20KMB,Luton,Conventional Trailer,2025-11-24,Non-Scheduled Maintenance,Fluid Leak,Sample fluid leak reported at Luton,Mechanical,0,Sample Repair Site 6,1,AO,2025-11-29,2025-11-29,0,2025-11-28,Returned,4,
SA21NEM,Crossgreen,Conventional Trailer,2025-11-24,Non-Scheduled Maintenance,Rear frame damage,Sample rear frame damage reported at Crossgreen,Body,1,Sample Repair Site 9,0,AO,2025-12-09,2025-12-19,2,2025-12-19,Returned,25,
SA19EWH,Crawley,18 Tonne,2025-11-25,RTC - AO Liable,Major Damage,Sample major damage reported at Crawley,Body,0,Sample Repair Site 10,1,AO,2025-12-22,2025-12-22,0,2025-12-16,Returned,21,
SA19OEL,Coventry,Tractor Unit,2025-11-25,Non-Scheduled Maintenance,Electrical Fault,Sample electrical fault reported at Coventry,Mechanical,0,Sample Repair Site 10,1,AO,2025-11-30,2025-12-01,1,2025-12-01,Returned,6,
SA21LFM,Crawley,Tractor Unit,2025-11-26,Non-Scheduled Maintenance,Dash Light,Sample dash light reported at Crawley,Mechanical,0,Sample Repair Site 12,0,AO,2025-11-28,2025-11-28,0,2025-11-28,Returned,2,
SA20DKD,Yaxley,Megatrailer,2025-11-26,Non-Scheduled Maintenance,Dash Light,Sample dash light reported at Yaxley,Mechanical,0,Sample Repair Site 1,0,AO,2025-11-29,2025-11-29,0,2025-11-29,Returned,3,
SA21AFW,Crossgreen,3.5 Tonne,2025-11-27,Non-Scheduled Maintenance,Dash Light,Sample dash light reported at Crossgreen,Mechanical,0,Sample Repair Site 4,1,AO,2025-11-29,2025-12-03,1,2025-12-03,Returned,6,
SA21YHN,Coventry,3.5 Tonne,2025-11-27,Non-Scheduled Maintenance,Shutter Door,Sample shutter door reported at Coventry,Body,0,Sample Repair Site 8,1,Fraikin,2025-12-01,2025-12-01,0,2025-11-30,Returned,3,
SA19BSB,Luton,Megatrailer,2025-11-27,Non-Scheduled Maintenance,Box Damage,Sample box damage reported at Luton,Body,1,Sample Repair Site 2,1,AO,2025-12-04,2025-12-13,2,2025-12-13,Returned,16,
SA25LBS,Avonmouth,Tractor Unit,2025-11-28,Non-Scheduled Maintenance,Dash Light,Sample dash light reported at Avonmouth,Mechanical,0,Sample Repair Site 10,1,Fraikin,2025-11-30,2025-12-01,1,2025-12-01,Returned,3,FV100060
SA21AOG,Crawley,Megatrailer,2025-11-28,Non-Scheduled Maintenance,Tail Lift,Sample tail lift reported at Crawley,Mechanical,0,Sample Repair Site 6,1,Fraikin,2025-12-04,2025-12-05,1,2025-12-05,Returned,7,FV100803
SA22VGW,Exeter,Tractor Unit,2025-12-01,Non-Scheduled Maintenance,Floor failure,Sample floor failure reported at Exeter,Body,0,Sample Repair Site 5,1,AO,2025-12-09,2025-12-09,0,2025-12-07,Returned,6,
SA25PPX,Newport,Hi-Cube,2025-12-01,Legal Maintenance,Inspection,Sample inspection reported at Newport,Mechanical,0,Sample Repair Site 11,1,AO,2025-12-02,2025-12-02,0,2025-12-02,Returned,1,FV100174
SA21FDL,Stoke,Hi-Cube,2025-12-01,Non-Scheduled Maintenance,Electrical Fault,Sample electrical fault reported at Stoke,Mechanical,1,Sample Repair Site 5,1,AO,2025-12-06,2025-12-13,2,2025-12-13,Returned,12,
SA19JZM,Heywood,Tractor Unit,2025-12-02,Vehicle Damage - Crew Recharge,Cosmetic Damage,Sample cosmetic damage reported at Heywood,Body,0,Sample Repair Site 9,1,AO,2025-12-06,2025-12-07,1,2025-12-07,Returned,5,
SA24MKF,Potters-Bar,Tractor Unit,2025-12-02,Non-Scheduled Maintenance,Dash Light,Sample dash light reported at Potters-Bar,Mechanical,0,Sample Repair Site 9,1,Fraikin,2025-12-04,2025-12-04,0,2025-12-04,Returned,2,
SA24LJM,Luton,Conventional Trailer,2025-12-03,Non-Scheduled Maintenance,Floor failure,Sample floor failure reported at Luton,Body,0,Sample Repair Site 9,0,AO,2025-12-08,2025-12-09,1,2025-12-09,Returned,6,FV100508
SA22SNJ,Spennymoor,Hi-Cube,2025-12-03,Non-Scheduled Maintenance,Tail Lift,Sample tail lift reported at Spennymoor,Mechanical,1,Sample Repair Site 9,1,Fraikin,2025-12-09,2025-12-09,0,2025-12-07,Returned,4,
SA25NUR,Luton,18 Tonne,2025-12-04,Legal Maintenance,Inspection,Sample inspection reported at Luton,Mechanical,1,Sample Repair Site 8,1,AO,2025-12-05,2025-12-05,0,2025-12-05,Returned,1,
SA21PEF,Fareham,18 Tonne,2025-12-04,Vehicle Damage - Crew Recharge,Door Damage,Sample door damage reported at Fareham,Body,0,Sample Repair Site 11,1,Fraikin,2025-12-09,2025-12-09,0,2025-12-09,Returned,5,
SA21PAJ,Crossgreen,18 Tonne,2025-12-05,Non-Scheduled Maintenance,Rear door failure,Sample rear door failure reported at Crossgreen,Body,1,Sample Repair Site 4,1,Fraikin,2025-12-09,2025-12-18,2,2025-12-18,Returned,13,
SA23CNL,Spennymoor,Tractor Unit,2025-12-05,Legal Maintenance,MOT & Service,Sample mot & service reported at Spennymoor,Mechanical,0,Sample Repair Site 1,1,AO,2025-12-07,2025-12-07,0,2025-12-06,Returned,1,FV100596
SA22FUD,Yaxley,18 Tonne,2025-12-08,Non-Scheduled Maintenance,Dash Light,Sample dash light reported at Yaxley,Mechanical,1,Sample Repair Site 2,1,AO,2025-12-10,2025-12-10,0,2025-12-10,Returned,2,
SA22GUP,Basildon,DD Trailer,2025-12-08,Non-Scheduled Maintenance,Electrical Fault,Sample electrical fault reported at Basildon,Mechanical,0,Sample Repair Site 7,1,AO,2025-12-14,2025-12-17,1,2025-12-17,Returned,9,
SA22OTU,Potters-Bar,3.5 Tonne,2025-12-08,Non-Scheduled Maintenance,Shutter Door,Sample shutter door reported at Potters-Bar,Body,0,Sample Repair Site 4,0,Fraikin,2025-12-12,2025-12-14,1,2025-12-14,Returned,6,
SA25EPB,Yaxley,Tractor Unit,2025-12-09,Non-Scheduled Maintenance,Engine Fault,Sample engine fault reported at Yaxley,Mechanical,1,Sample Repair Site 2,1,Fraikin,2025-12-18,2025-12-19,1,2025-12-19,Returned,10,
SA22GFJ,Heywood,Tractor Unit,2025-12-09,Non-Scheduled Maintenance,Electrical Fault,Sample electrical fault reported at Heywood,Mechanical,0,Sample Repair Site 2,1,AO,2025-12-15,2025-12-15,0,2025-12-14,Returned,5,FV100829
SA21ECC,Outside HDV Network,Conventional Trailer,2025-12-10,Legal Maintenance,Inspection,Sample inspection reported at Outside HDV Network,Mechanical,1,Sample Repair Site 10,1,Third Party,2025-12-11,2025-12-11,0,2025-12-11,Returned,1,
SA23BPS,Crossgreen,Tractor Unit,2025-12-10,Non-Scheduled Maintenance,Gearbox,Sample gearbox reported at Crossgreen,Mechanical,0,Sample Repair Site 4,1,Fraikin,2025-12-27,2026-01-02,1,2026-01-02,Returned,23,
SA21HXJ,Heywood,Tractor Unit,2025-12-11,Legal Maintenance,Service Only,Sample service only reported at Heywood,Mechanical,0,Sample Repair Site 8,0,Fraikin,2025-12-12,2025-12-12,0,2025-12-12,Returned,1,
SA25SMM,Stoke,18 Tonne,2025-12-11,Non-Scheduled Maintenance,Fluid Leak,Sample fluid leak reported at Stoke,Mechanical,1,Sample Repair Site 9,1,AO,2025-12-16,2025-12-19,1,2025-12-19,Returned,8,
SA24AMN,Exeter,3.5 Tonne,2025-12-12,Legal Maintenance,Service Only,Sample service only reported at Exeter,Mechanical,0,Sample Repair Site 8,1,Fraikin,2025-12-13,2025-12-13,0,2025-12-13,Returned,1,
SA25SPF,Yaxley,Tractor Unit,2025-12-12,Non-Scheduled Maintenance,Tail Lift,Sample tail lift reported at Yaxley,Mechanical,1,Sample Repair Site 5,1,AO,2025-12-19,2025-12-22,1,2025-12-22,Returned,10,
SA22WDT,Coventry,Hi-Cube,2025-12-15,Non-Scheduled Maintenance,Shutter Door,Sample shutter door reported at Coventry,Body,0,Sample Repair Site 9,1,Fraikin,2025-12-18,2025-12-19,1,2025-12-19,Returned,4,
SA25VME,Avonmouth,18 Tonne,2025-12-15,Legal Maintenance,Inspection,Sample inspection reported at Avonmouth,Mechanical,0,Sample Repair Site 4,1,Fraikin,2025-12-16,2025-12-16,0,2025-12-16,Returned,1,
SA19WDU,Newport,Tractor Unit,2025-12-16,Non-Scheduled Maintenance,Electrical Fault,Sample electrical fault reported at Newport,Mechanical,0,Sample Repair Site 8,0,AO,2025-12-23,2025-12-24,1,2025-12-24,Returned,8,
SA23EPZ,Newport,3.5 Tonne,2025-12-16,Non-Scheduled Maintenance,Engine Fault,Sample engine fault reported at Newport,Mechanical,0,Sample Repair Site 7,1,AO,2025-12-28,2025-12-28,0,2025-12-27,Returned,11,
SA19SZU,Exeter,Tractor Unit,2025-12-17,Non-Scheduled Maintenance,Rear frame damage,Sample rear frame damage reported at Exeter,Body,0,Sample Repair Site 4,1,Fraikin,2025-12-28,2025-12-30,1,2025-12-30,Returned,13,FV100999
SA23LBS,Crewe,3.5 Tonne,2025-12-17,Vehicle Damage - Crew Recharge,Minor Damage,Sample minor damage reported at Crewe,Body,0,Sample Repair Site 3,0,AO,2025-12-21,2025-12-21,0,2025-12-19,Returned,2,
SA19GAU,Basildon,Tractor Unit,2025-12-18,Vehicle Damage - Crew Recharge,Cosmetic Damage,Sample cosmetic damage reported at Basildon,Body,0,Sample Repair Site 7,1,Fraikin,2025-12-21,2025-12-21,0,2025-12-20,Returned,2,
SA19UGK,Outside HDV Network,Tractor Unit,2025-12-18,Legal Maintenance,Inspection,Sample inspection reported at Outside HDV Network,Mechanical,1,Sample Repair Site 7,0,AO,2025-12-19,2025-12-20,1,2025-12-20,Returned,2,
SA21XXN,Dundee,Conventional Trailer,2025-12-19,Legal Maintenance,Inspection,Sample inspection reported at Dundee,Mechanical,1,Sample Repair Site 1,1,AO,2025-12-20,2025-12-20,0,2025-12-20,Returned,1,FV100906
SA21UTW,Avonmouth,DD Trailer,2025-12-19,Legal Maintenance,Inspection,Sample inspection reported at Avonmouth,Mechanical,1,Sample Repair Site 6,1,AO,2025-12-20,2025-12-20,0,2025-12-20,Returned,1,
SA19HYL,Basildon,Tractor Unit,2025-12-22,Non-Scheduled Maintenance,Ironmongery,Sample ironmongery reported at Basildon,Body,0,Sample Repair Site 12,1,AO,2025-12-25,2025-12-25,0,2025-12-24,Returned,2,
SA24SCS,Coventry,3.5 Tonne,2025-12-22,RTC - AO Liable,Major Damage,Sample major damage reported at Coventry,Body,1,Sample Repair Site 3,1,AO,2026-01-15,2026-01-15,0,2026-01-07,Returned,16,
SA24XHH,Dundee,Tractor Unit,2025-12-23,Non-Scheduled Maintenance,Rear frame damage,Sample rear frame damage reported at Dundee,Body,1,Sample Repair Site 2,0,Fraikin,2026-01-01,2026-01-03,1,2026-01-03,Returned,11,
SA25PEK,Basildon,18 Tonne,2025-12-23,Non-Scheduled Maintenance,Brakes,Sample brakes reported at Basildon,Mechanical,0,Sample Repair Site 6,1,Third Party,2025-12-26,2025-12-27,1,2025-12-27,Returned,4,
SA20BXX,Crossgreen,18 Tonne,2025-12-24,Non-Scheduled Maintenance,Shutter Door,Sample shutter door reported at Crossgreen,Body,0,Sample Repair Site 10,1,AO,2025-12-28,2025-12-28,0,2025-12-26,Returned,2,
SA21BAK,Coventry,DD Trailer,2025-12-24,Vehicle Damage - Crew Recharge,Door Damage,Sample door damage reported at Coventry,Body,1,Sample Repair Site 2,1,Fraikin,2025-12-30,2026-01-02,1,2026-01-02,Returned,9,
SA19RCX,Avonmouth,Tractor Unit,2025-12-25,Non-Scheduled Maintenance,Engine Fault,Sample engine fault reported at Avonmouth,Mechanical,1,Sample Repair Site 11,1,AO,2026-01-03,2026-01-20,3,2026-01-20,Returned,26,
SA22CFJ,Crawley,Hi-Cube,2025-12-25,Vehicle Damage - Crew Recharge,Cosmetic Damage,Sample cosmetic damage reported at Crawley,Body,0,Sample Repair Site 5,1,AO,2025-12-28,2025-12-29,1,2025-12-29,Returned,4,
SA19LNB,Fareham,3.5 Tonne,2025-12-26,Non-Scheduled Maintenance,Box Damage,Sample box damage reported at Fareham,Body,0,Sample Repair Site 7,1,AO,2026-01-06,2026-01-10,1,2026-01-10,Returned,15,
SA20OWC,Crewe,18 Tonne,2025-12-26,Non-Scheduled Maintenance,Brakes,Sample brakes reported at Crewe,Mechanical,0,Sample Repair Site 6,1,AO,2025-12-29,2025-12-30,1,2025-12-30,Returned,4,
SA25MCD,Dundee,18 Tonne,2025-12-29,Non-Scheduled Maintenance,Floor failure,Sample floor failure reported at Dundee,Body,0,Sample Repair Site 4,1,AO,2026-01-07,2026-01-19,2,2026-01-19,Returned,21,
SA22GDW,Fareham,Megatrailer,2025-12-29,Non-Scheduled Maintenance,Box Damage,Sample box damage reported at Fareham,Body,0,Sample Repair Site 11,1,Third Party,2026-01-07,2026-01-07,0,2026-01-06,Returned,8,
SA24DPH,Luton,Megatrailer,2025-12-30,Non-Scheduled Maintenance,Steering,Sample steering reported at Luton,Mechanical,0,Sample Repair Site 9,1,AO,2026-01-05,2026-01-17,2,2026-01-17,Returned,18,FV100030
SA23NWN,Exeter,Tractor Unit,2025-12-30,Non-Scheduled Maintenance,Electrical Fault,Sample electrical fault reported at Exeter,Mechanical,0,Sample Repair Site 3,1,Fraikin,2026-01-04,2026-01-06,1,2026-01-06,Returned,7,
SA22YHZ,Spennymoor,3.5 Tonne,2025-12-31,Non-Scheduled Maintenance,Rear frame damage,Sample rear frame damage reported at Spennymoor,Body,1,Sample Repair Site 8,0,AO,2026-01-13,2026-01-17,1,2026-01-17,Returned,17,
SA19YFZ,Coventry,Hi-Cube,2025-12-31,Non-Scheduled Maintenance,Tail Lift,Sample tail lift reported at Coventry,Mechanical,1,Sample Repair Site 7,1,AO,2026-01-07,2026-01-07,0,2026-01-04,Returned,4,FV100585
SA24TKC,Yaxley,3.5 Tonne,2025-12-31,Vehicle Damage - Crew Recharge,Door Damage,Sample door damage reported at Yaxley,Body,0,Sample Repair Site 12,1,AO,2026-01-05,2026-01-05,0,2026-01-05,Returned,5,
SA23PEF,Yaxley,Tractor Unit,2026-01-01,Non-Scheduled Maintenance,Box Damage,Sample box damage reported at Yaxley,Body,1,Sample Repair Site 5,0,AO,2026-01-09,2026-01-15,1,2026-01-15,Returned,14,
SA25VBZ,Crewe,3.5 Tonne,2026-01-01,Legal Maintenance,Service Only,Sample service only reported at Crewe,Mechanical,0,Sample Repair Site 8,1,AO,2026-01-02,2026-01-02,0,2026-01-02,Returned,1,
SA19LNB,Fareham,3.5 Tonne,2026-01-02,Non-Scheduled Maintenance,Clutch,Sample clutch reported at Fareham,Mechanical,0,Sample Repair Site 4,1,AO,2026-01-11,2026-01-20,2,2026-01-20,Returned,18,
SA25ZHN,Basildon,18 Tonne,2026-01-02,Non-Scheduled Maintenance,Ironmongery,Sample ironmongery reported at Basildon,Body,1,Sample Repair Site 4,1,Fraikin,2026-01-05,2026-01-05,0,2026-01-04,Returned,2,
SA25JLO,Crawley,Megatrailer,2026-01-02,Non-Scheduled Maintenance,Clutch,Sample clutch reported at Crawley,Mechanical,0,Sample Repair Site 12,1,AO,2026-01-13,2026-01-15,1,2026-01-15,Returned,13,
SA21UTW,Avonmouth,DD Trailer,2026-01-05,Vehicle Damage - Crew Recharge,Door Damage,Sample door damage reported at Avonmouth,Body,1,Sample Repair Site 1,1,Fraikin,2026-01-10,2026-01-13,1,2026-01-13,Returned,8,
SA25WYS,Crawley,Tractor Unit,2026-01-05,Non-Scheduled Maintenance,Box Damage,Sample box damage reported at Crawley,Body,0,Sample Repair Site 11,1,AO,2026-01-14,2026-01-14,0,2026-01-14,Returned,9,
SA19EXF,Potters-Bar,18 Tonne,2026-01-05,Non-Scheduled Maintenance,Dash Light,Sample dash light reported at Potters-Bar,Mechanical,0,Sample Repair Site 2,0,AO,2026-01-07,2026-01-08,1,2026-01-08,Returned,3,
SA23MME,Yaxley,18 Tonne,2026-01-06,Non-Scheduled Maintenance,Electrical Fault,Sample electrical fault reported at Yaxley,Mechanical,0,Sample Repair Site 12,1,AO,2026-01-12,2026-01-13,1,2026-01-13,Returned,7,
SA23MCX,Crawley,18 Tonne,2026-01-06,Non-Scheduled Maintenance,Box Damage,Sample box damage reported at Crawley,Body,0,Sample Repair Site 8,1,Fraikin,2026-01-13,2026-01-27,3,2026-01-27,Returned,21,
SA21RWX,Luton,3.5 Tonne,2026-01-06,Non-Scheduled Maintenance,Tail Lift,Sample tail lift reported at Luton,Mechanical,0,Sample Repair Site 9,1,Fraikin,2026-01-12,2026-01-14,1,2026-01-14,Returned,8,
SA22ERH,Heywood,Conventional Trailer,2026-01-07,Non-Scheduled Maintenance,Steering,Sample steering reported at Heywood,Mechanical,1,Sample Repair Site 9,1,Fraikin,2026-01-16,2026-01-21,1,2026-01-21,Returned,14,
SA23SYT,Spennymoor,3.5 Tonne,2026-01-07,Non-Scheduled Maintenance,Steering,Sample steering reported at Spennymoor,Mechanical,0,Sample Repair Site 11,1,AO,2026-01-16,2026-01-16,0,2026-01-14,Returned,7,
SA19SSO,Crossgreen,18 Tonne,2026-01-07,Legal Maintenance,Inspection,Sample inspection reported at Crossgreen,Mechanical,0,Sample Repair Site 2,0,AO,2026-01-08,2026-01-08,0,2026-01-08,Returned,1,
SA21FUP,Heywood,Tractor Unit,2026-01-08,Vehicle Damage - Crew Recharge,Door Damage,Sample door damage reported at Heywood,Body,1,Sample Repair Site 2,1,AO,2026-01-13,2026-01-13,0,2026-01-11,Returned,3,
SA22HED,Basildon,Tractor Unit,2026-01-08,Non-Scheduled Maintenance,Dash Light,Sample dash light reported at Basildon,Mechanical,0,Sample Repair Site 12,1,AO,2026-01-10,2026-01-12,1,2026-01-12,Returned,4,
SA19XOT,Basildon,3.5 Tonne,2026-01-08,Legal Maintenance,Inspection,Sample inspection reported at Basildon,Mechanical,1,Sample Repair Site 1,1,AO,2026-01-09,2026-01-09,0,2026-01-09,Returned,1,
SA24JEW,Gravesend,Conventional Trailer,2026-01-09,Non-Scheduled Maintenance,Dash Light,Sample dash light reported at Gravesend,Mechanical,1,Sample Repair Site 3,0,AO,2026-01-11,2026-01-12,1,2026-01-12,Returned,3,
SA25PNC,Luton,3.5 Tonne,2026-01-09,Legal Maintenance,Inspection,Sample inspection reported at Luton,Mechanical,1,Sample Repair Site 9,1,Fraikin,2026-01-10,2026-01-10,0,2026-01-10,Returned,1,
SA20VOV,Outside HDV Network,Conventional Trailer,2026-01-12,Non-Scheduled Maintenance,Ironmongery,Sample ironmongery reported at Outside HDV Network,Body,0,Sample Repair Site 11,1,AO,2026-01-16,2026-01-16,0,2026-01-14,Returned,2,
SA25NOJ,Gravesend,Conventional Trailer,2026-01-12,Non-Scheduled Maintenance,Engine Fault,Sample engine fault reported at Gravesend,Mechanical,1,Sample Repair Site 5,1,AO,2026-01-22,2026-01-28,1,2026-01-28,Returned,16,FV100906
SA19XOT,Basildon,3.5 Tonne,2026-01-13,Non-Scheduled Maintenance,Clutch,Sample clutch reported at Basildon,Mechanical,0,Sample Repair Site 10,1,AO,2026-01-20,2026-02-05,3,2026-02-05,Returned,23,
SA24SMX,Exeter,Hi-Cube,2026-01-13,Non-Scheduled Maintenance,Ironmongery,Sample ironmongery reported at Exeter,Body,0,Sample Repair Site 12,0,AO,2026-01-16,2026-01-21,1,2026-01-21,Returned,8,
SA25CVS,Basildon,Megatrailer,2026-01-14,Non-Scheduled Maintenance,Brakes,Sample brakes reported at Basildon,Mechanical,0,Sample Repair Site 10,1,Fraikin,2026-01-17,2026-01-24,2,2026-01-24,Returned,10,FV100845
SA19MUT,Luton,Tractor Unit,2026-01-14,Non-Scheduled Maintenance,Electrical Fault,Sample electrical fault reported at Luton,Mechanical,0,Sample Repair Site 2,0,Third Party,2026-01-20,2026-01-20,0,2026-01-19,Returned,5,FV100563
SA20DCO,Dundee,Megatrailer,2026-01-15,Non-Scheduled Maintenance,Dash Light,Sample dash light reported at Dundee,Mechanical,0,Sample Repair Site 2,1,AO,2026-01-17,2026-01-19,1,2026-01-19,Returned,4,
SA22PNW,Crossgreen,18 Tonne,2026-01-15,Non-Scheduled Maintenance,Ironmongery,Sample ironmongery reported at Crossgreen,Body,1,Sample Repair Site 11,0,AO,2026-01-18,2026-01-22,1,2026-01-22,Returned,7,
SA20BEY,Larkhall,18 Tonne,2026-01-15,Non-Scheduled Maintenance,Ironmongery,Sample ironmongery reported at Larkhall,Body,0,Sample Repair Site 2,0,AO,2026-01-18,2026-01-25,2,2026-01-25,Returned,10,
SA23KNW,Larkhall,Tractor Unit,2026-01-16,Non-Scheduled Maintenance,Ironmongery,Sample ironmongery reported at Larkhall,Body,0,Sample Repair Site 4,1,AO,2026-01-19,2026-01-19,0,2026-01-18,Returned,2,
SA24ZMN,Newport,Tractor Unit,2026-01-16,Vehicle Damage - Crew Recharge,Minor Damage,Sample minor damage reported at Newport,Body,0,Sample Repair Site 3,1,AO,2026-01-20,2026-01-20,0,2026-01-19,Returned,3,
SA23HXN,Gravesend,3.5 Tonne,2026-01-19,Non-Scheduled Maintenance,Dash Light,Sample dash light reported at Gravesend,Mechanical,1,Sample Repair Site 2,1,AO,2026-01-21,2026-01-21,0,2026-01-21,Returned,2,
SA25EXC,Newport,Hi-Cube,2026-01-19,Legal Maintenance,MOT & Service,Sample mot & service reported at Newport,Mechanical,0,Sample Repair Site 10,1,AO,2026-01-21,2026-01-21,0,2026-01-20,Returned,1,
SA23RZC,Crossgreen,Tractor Unit,2026-01-19,Non-Scheduled Maintenance,Gearbox,Sample gearbox reported at Crossgreen,Mechanical,0,Sample Repair Site 5,1,AO,2026-02-05,2026-02-27,3,2026-02-27,Returned,39,
SA21FDL,Stoke,Hi-Cube,2026-01-20,Non-Scheduled Maintenance,Dash Light,Sample dash light reported at Stoke,Mechanical,0,Sample Repair Site 12,1,Fraikin,2026-01-22,2026-01-22,0,2026-01-22,Returned,2,
SA25JAO,Avonmouth,Tractor Unit,2026-01-20,Vehicle Damage - Crew Recharge,Minor Damage,Sample minor damage reported at Avonmouth,Body,0,Sample Repair Site 3,1,AO,2026-01-25,2026-01-31,1,2026-01-31,Returned,11,FV100860
SA25XLB,Coventry,3.5 Tonne,2026-01-21,Non-Scheduled Maintenance,Shutter Door,Sample shutter door reported at Coventry,Body,0,Sample Repair Site 10,1,Third Party,2026-01-25,2026-01-25,0,2026-01-24,Returned,3,
SA19OEL,Coventry,Tractor Unit,2026-01-21,Non-Scheduled Maintenance,Clutch,Sample clutch reported at Coventry,Mechanical,1,Sample Repair Site 1,0,Fraikin,2026-01-31,2026-02-24,3,2026-02-24,Returned,34,
SA19FDL,Crossgreen,Megatrailer,2026-01-22,Non-Scheduled Maintenance,Floor failure,Sample floor failure reported at Crossgreen,Body,0,Sample Repair Site 7,0,Fraikin,2026-01-29,2026-02-02,1,2026-02-02,Returned,11,
SA19CJE,Fareham,Tractor Unit,2026-01-22,Non-Scheduled Maintenance,Brakes,Sample brakes reported at Fareham,Mechanical,0,Sample Repair Site 1,1,Fraikin,2026-01-25,2026-01-26,1,2026-01-26,Returned,4,
SA21YYZ,Luton,18 Tonne,2026-01-22,Non-Scheduled Maintenance,Dash Light,Sample dash light reported at Luton,Mechanical,1,Sample Repair Site 1,1,Third Party,2026-01-24,2026-02-07,3,2026-02-07,Returned,16,
SA23HMD,Gravesend,Conventional Trailer,2026-01-23,Vehicle Damage - Crew Recharge,Minor Damage,Sample minor damage reported at Gravesend,Body,0,Sample Repair Site 10,1,AO,2026-01-27,2026-01-27,0,2026-01-27,Returned,4,
SA21MRH,Luton,Tractor Unit,2026-01-23,Non-Scheduled Maintenance,Steering,Sample steering reported at Luton,Mechanical,0,Sample Repair Site 3,1,AO,2026-01-30,2026-02-08,2,2026-02-08,Returned,16,
SA25DNN,Yaxley,3.5 Tonne,2026-01-23,Legal Maintenance,Inspection,Sample inspection reported at Yaxley,Mechanical,0,Sample Repair Site 10,1,Fraikin,2026-01-24,2026-01-25,1,2026-01-25,Returned,2,
SA19PGR,Fareham,3.5 Tonne,2026-01-26,Non-Scheduled Maintenance,Rear frame damage,Sample rear frame damage reported at Fareham,Body,0,Sample Repair Site 9,1,Fraikin,2026-02-05,2026-02-16,2,2026-02-16,Returned,21,
SA22YLB,Crossgreen,18 Tonne,2026-01-26,Vehicle Damage - Crew Recharge,Door Damage,Sample door damage reported at Crossgreen,Body,1,Sample Repair Site 9,1,Fraikin,2026-02-01,2026-02-13,2,2026-02-13,Returned,18,FV100973
SA20ZFK,Crossgreen,Hi-Cube,2026-01-27,Non-Scheduled Maintenance,Tail Lift,Sample tail lift reported at Crossgreen,Mechanical,1,Sample Repair Site 10,1,AO,2026-02-01,2026-02-16,3,2026-02-16,Returned,20,
SA22YRV,Crewe,3.5 Tonne,2026-01-27,Vehicle Damage - Crew Recharge,Minor Damage,Sample minor damage reported at Crewe,Body,0,Sample Repair Site 6,0,AO,2026-01-31,2026-02-01,1,2026-02-01,Returned,5,
SA24OLT,Gravesend,18 Tonne,2026-01-27,Legal Maintenance,MOT & Service,Sample mot & service reported at Gravesend,Mechanical,0,Sample Repair Site 10,0,Fraikin,2026-01-28,2026-01-29,1,2026-01-29,Returned,2,
SA21FCG,Spennymoor,18 Tonne,2026-01-28,Non-Scheduled Maintenance,Shutter Door,Sample shutter door reported at Spennymoor,Body,1,Sample Repair Site 4,1,AO,2026-02-02,2026-02-04,1,2026-02-04,Returned,7,
SA22NZW,Gravesend,DD Trailer,2026-01-28,Non-Scheduled Maintenance,Gearbox,Sample gearbox reported at Gravesend,Mechanical,0,Sample Repair Site 4,1,AO,2026-02-16,2026-02-18,1,2026-02-18,Returned,21,
SA20VOV,Outside HDV Network,Conventional Trailer,2026-01-29,Non-Scheduled Maintenance,Box Damage,Sample box damage reported at Outside HDV Network,Body,1,Sample Repair Site 9,0,AO,2026-02-05,2026-02-08,1,2026-02-08,Returned,10,
SA21EYS,Crawley,Tractor Unit,2026-01-29,Non-Scheduled Maintenance,Ironmongery,Sample ironmongery reported at Crawley,Body,0,Sample Repair Site 6,1,Third Party,2026-02-02,2026-02-02,0,2026-02-01,Returned,3,
SA21NEM,Crossgreen,Conventional Trailer,2026-01-30,Vehicle Damage - Crew Recharge,Door Damage,Sample door damage reported at Crossgreen,Body,1,Sample Repair Site 5,1,AO,2026-02-05,2026-02-16,2,2026-02-16,Returned,17,
SA25HHH,Coventry,3.5 Tonne,2026-01-30,Non-Scheduled Maintenance,Electrical Fault,Sample electrical fault reported at Coventry,Mechanical,0,Sample Repair Site 8,1,AO,2026-02-03,2026-02-12,2,2026-02-12,Returned,13,
SA24CXH,Outside HDV Network,3.5 Tonne,2026-02-02,Non-Scheduled Maintenance,Tail Lift,Sample tail lift reported at Outside HDV Network,Mechanical,0,Sample Repair Site 5,1,AO,2026-02-09,2026-02-09,0,2026-02-07,Returned,5,
SA19MHU,Potters-Bar,Tractor Unit,2026-02-02,Non-Scheduled Maintenance,Clutch,Sample clutch reported at Potters-Bar,Mechanical,0,Sample Repair Site 8,1,AO,2026-02-10,2026-02-12,1,2026-02-12,Returned,10,
SA25UAS,Heywood,Conventional Trailer,2026-02-03,RTC - AO Liable,Major Damage,Sample major damage reported at Heywood,Body,0,Sample Repair Site 1,1,AO,2026-02-20,2026-03-28,3,2026-03-28,Returned,53,
SA22KYJ,Coventry,Conventional Trailer,2026-02-03,Legal Maintenance,MOT & Service,Sample mot & service reported at Coventry,Mechanical,0,Sample Repair Site 5,1,Fraikin,2026-02-05,2026-02-05,0,2026-02-05,Returned,2,
SA23TCW,Crawley,3.5 Tonne,2026-02-04,Non-Scheduled Maintenance,Dash Light,Sample dash light reported at Crawley,Mechanical,1,Sample Repair Site 12,1,Third Party,2026-02-07,2026-02-07,0,2026-02-06,Returned,2,
SA24YKF,Crossgreen,Tractor Unit,2026-02-04,Non-Scheduled Maintenance,Shutter Door,Sample shutter door reported at Crossgreen,Body,0,Sample Repair Site 1,1,AO,2026-02-07,2026-02-11,1,2026-02-11,Returned,7,
SA24EGM,Gravesend,3.5 Tonne,2026-02-05,Non-Scheduled Maintenance,Floor failure,Sample floor failure reported at Gravesend,Body,1,Sample Repair Site 1,1,AO,2026-02-13,2026-02-16,1,2026-02-16,Returned,11,
SA19NWX,Crossgreen,3.5 Tonne,2026-02-05,RTC - AO Liable,Major Damage,Sample major damage reported at Crossgreen,Body,0,Sample Repair Site 11,1,AO,2026-02-26,2026-03-27,3,2026-03-27,Returned,50,
SA19TVB,Stoke,3.5 Tonne,2026-02-06,Legal Maintenance,Inspection,Sample inspection reported at Stoke,Mechanical,0,Sample Repair Site 9,1,AO,2026-02-07,2026-02-07,0,2026-02-07,Returned,1,
SA22KZH,Crawley,3.5 Tonne,2026-02-06,Vehicle Damage - Crew Recharge,Cosmetic Damage,Sample cosmetic damage reported at Crawley,Body,1,Sample Repair Site 6,1,AO,2026-02-09,2026-02-10,1,2026-02-10,Returned,4,
SA21NCJ,Crossgreen,Conventional Trailer,2026-02-09,Legal Maintenance,Inspection,Sample inspection reported at Crossgreen,Mechanical,0,Sample Repair Site 6,1,AO,2026-02-10,2026-02-11,1,2026-02-11,Returned,2,
SA24HUO,Dundee,Tractor Unit,2026-02-09,Non-Scheduled Maintenance,Ironmongery,Sample ironmongery reported at Dundee,Body,1,Sample Repair Site 2,1,Fraikin,2026-02-12,2026-02-13,1,2026-02-13,Returned,4,
SA20KDZ,Fareham,Tractor Unit,2026-02-10,Non-Scheduled Maintenance,Gearbox,Sample gearbox reported at Fareham,Mechanical,1,Sample Repair Site 2,1,AO,2026-03-01,2026-03-15,3,2026-03-15,Returned,33,
SA24BEW,Yaxley,18 Tonne,2026-02-10,Legal Maintenance,MOT & Service,Sample mot & service reported at Yaxley,Mechanical,0,Sample Repair Site 8,0,AO,2026-02-12,2026-02-12,0,2026-02-12,Returned,2,
SA24WTN,Yaxley,Hi-Cube,2026-02-11,Legal Maintenance,Inspection,Sample inspection reported at Yaxley,Mechanical,0,Sample Repair Site 4,1,AO,2026-02-12,2026-02-12,0,2026-02-12,Returned,1,
SA21ZKJ,Crawley,Tractor Unit,2026-02-11,Non-Scheduled Maintenance,Electrical Fault,Sample electrical fault reported at Crawley,Mechanical,0,Sample Repair Site 6,0,Fraikin,2026-02-16,2026-02-21,1,2026-02-21,Returned,10,FV100421
SA20UPV,Crewe,18 Tonne,2026-02-12,Non-Scheduled Maintenance,Ironmongery,Sample ironmongery reported at Crewe,Body,0,Sample Repair Site 6,1,Fraikin,2026-02-15,2026-02-18,1,2026-02-18,Returned,6,
SA19BVY,Stoke,Conventional Trailer,2026-02-12,Non-Scheduled Maintenance,Dash Light,Sample dash light reported at Stoke,Mechanical,0,Sample Repair Site 4,1,Fraikin,2026-02-14,2026-02-14,0,2026-02-14,Returned,2,
SA19ELN,Basildon,Tractor Unit,2026-02-13,Vehicle Damage - Crew Recharge,Minor Damage,Sample minor damage reported at Basildon,Body,0,Sample Repair Site 3,1,Fraikin,2026-02-16,2026-02-21,1,2026-02-21,Returned,8,
SA20YKX,Coventry,Megatrailer,2026-02-13,Legal Maintenance,Service Only,Sample service only reported at Coventry,Mechanical,0,Sample Repair Site 1,1,AO,2026-02-14,2026-02-14,0,2026-02-14,Returned,1,
SA22LTW,Luton,Tractor Unit,2026-02-16,Legal Maintenance,Service Only,Sample service only reported at Luton,Mechanical,1,Sample Repair Site 4,1,AO,2026-02-17,2026-02-17,0,2026-02-17,Returned,1,
SA24BKV,Larkhall,18 Tonne,2026-02-16,Non-Scheduled Maintenance,Rear door failure,Sample rear door failure reported at Larkhall,Body,0,Sample Repair Site 5,0,AO,2026-02-21,2026-02-21,0,2026-02-20,Returned,4,
SA23ZOM,Stoke,3.5 Tonne,2026-02-17,Non-Scheduled Maintenance,Electrical Fault,Sample electrical fault reported at Stoke,Mechanical,0,Sample Repair Site 1,0,AO,2026-02-22,2026-02-23,1,2026-02-23,Returned,6,
SA23WCD,Larkhall,Conventional Trailer,2026-02-17,Non-Scheduled Maintenance,Brakes,Sample brakes reported at Larkhall,Mechanical,0,Sample Repair Site 10,1,Fraikin,2026-02-20,2026-02-20,0,2026-02-19,Returned,2,
SA24GMC,Exeter,Conventional Trailer,2026-02-18,Non-Scheduled Maintenance,Rear frame damage,Sample rear frame damage reported at Exeter,Body,1,Sample Repair Site 11,1,Third Party,2026-02-27,2026-03-31,3,2026-03-31,Returned,41,FV100383
SA23AGT,Dundee,Conventional Trailer,2026-02-18,Legal Maintenance,Inspection,Sample inspection reported at Dundee,Mechanical,0,Sample Repair Site 1,0,AO,2026-02-19,2026-02-19,0,2026-02-19,Returned,1,
SA19SJE,Fareham,18 Tonne,2026-02-19,Non-Scheduled Maintenance,Engine Fault,Sample engine fault reported at Fareham,Mechanical,0,Sample Repair Site 4,1,AO,2026-03-04,2026-03-04,0,2026-02-26,Returned,7,
SA21NKD,Larkhall,Tractor Unit,2026-02-19,Non-Scheduled Maintenance,Engine Fault,Sample engine fault reported at Larkhall,Mechanical,0,Sample Repair Site 11,1,AO,2026-03-02,2026-03-06,1,2026-03-06,Returned,15,
SA19UTL,Heywood,Tractor Unit,2026-02-20,Non-Scheduled Maintenance,Fluid Leak,Sample fluid leak reported at Heywood,Mechanical,0,Sample Repair Site 11,1,Third Party,2026-02-24,2026-02-27,1,2026-02-27,Returned,7,
SA25CVS,Basildon,Megatrailer,2026-02-20,Non-Scheduled Maintenance,Floor failure,Sample floor failure reported at Basildon,Body,0,Sample Repair Site 4,1,AO,2026-02-26,2026-02-28,1,2026-02-28,Returned,8,FV100909
SA25JAO,Avonmouth,Tractor Unit,2026-02-23,Non-Scheduled Maintenance,Tail Lift,Sample tail lift reported at Avonmouth,Mechanical,0,Sample Repair Site 12,1,AO,2026-03-02,2026-03-10,2,2026-03-10,Returned,15,
SA22RWZ,Crossgreen,18 Tonne,2026-02-23,Non-Scheduled Maintenance,Steering,Sample steering reported at Crossgreen,Mechanical,1,Sample Repair Site 8,1,AO,2026-03-05,2026-03-18,2,2026-03-18,Returned,23,FV100963
SA23PAS,Newport,Megatrailer,2026-02-24,Non-Scheduled Maintenance,Brakes,Sample brakes reported at Newport,Mechanical,0,Sample Repair Site 2,1,AO,2026-02-27,2026-03-04,1,2026-03-04,Returned,8,
SA25MSC,Heywood,Tractor Unit,2026-02-24,Non-Scheduled Maintenance,Dash Light,Sample dash light reported at Heywood,Mechanical,0,Sample Repair Site 6,1,AO,2026-02-26,2026-02-26,0,2026-02-26,Returned,2,
SA24GBF,Basildon,Hi-Cube,2026-02-25,Non-Scheduled Maintenance,Fluid Leak,Sample fluid leak reported at Basildon,Mechanical,0,Sample Repair Site 10,1,AO,2026-02-28,2026-02-28,0,2026-02-27,Returned,2,
SA21WRZ,Crewe,18 Tonne,2026-02-25,Non-Scheduled Maintenance,Floor failure,Sample floor failure reported at Crewe,Body,1,Sample Repair Site 6,1,AO,2026-03-05,2026-03-08,1,2026-03-08,Returned,11,
SA23BSS,Crawley,Tractor Unit,2026-02-26,Non-Scheduled Maintenance,Fluid Leak,Sample fluid leak reported at Crawley,Mechanical,0,Sample Repair Site 2,1,Fraikin,2026-03-03,2026-03-03,0,2026-03-03,Returned,5,
SA19JZN,Gravesend,18 Tonne,2026-02-26,Non-Scheduled Maintenance,Engine Fault,Sample engine fault reported at Gravesend,Mechanical,1,Sample Repair Site 3,1,AO,2026-03-10,2026-03-10,0,2026-03-08,Returned,10,
SA22URO,Fareham,Tractor Unit,2026-02-27,Legal Maintenance,MOT & Service,Sample mot & service reported at Fareham,Mechanical,0,Sample Repair Site 2,1,AO,2026-03-01,2026-03-01,0,2026-02-28,Returned,1,
SA23TCW,Crawley,3.5 Tonne,2026-02-27,Non-Scheduled Maintenance,Rear frame damage,Sample rear frame damage reported at Crawley,Body,1,Sample Repair Site 4,1,AO,2026-03-13,2026-03-19,1,2026-03-19,Returned,20,
SA19TKZ,Exeter,3.5 Tonne,2026-03-02,Non-Scheduled Maintenance,Electrical Fault,Sample electrical fault reported at Exeter,Mechanical,1,Sample Repair Site 1,1,AO,2026-03-08,2026-03-12,1,2026-03-12,Returned,10,FV100742
SA23TSS,Crewe,Conventional Trailer,2026-03-02,Non-Scheduled Maintenance,Box Damage,Sample box damage reported at Crewe,Body,0,Sample Repair Site 10,1,AO,2026-03-09,2026-03-09,0,2026-03-08,Returned,6,FV100769
SA19KHR,Fareham,Tractor Unit,2026-03-03,Vehicle Damage - Crew Recharge,Cosmetic Damage,Sample cosmetic damage reported at Fareham,Body,0,Sample Repair Site 3,0,AO,2026-03-07,2026-03-12,1,2026-03-12,Returned,9,
SA23OFT,Coventry,18 Tonne,2026-03-04,Non-Scheduled Maintenance,Dash Light,Sample dash light reported at Coventry,Mechanical,0,Sample Repair Site 7,1,Fraikin,2026-03-07,2026-03-07,0,2026-03-07,Returned,3,
SA22GDW,Fareham,Megatrailer,2026-03-04,Legal Maintenance,MOT & Service,Sample mot & service reported at Fareham,Mechanical,0,Sample Repair Site 10,0,AO,2026-03-05,2026-03-07,1,2026-03-07,Returned,3,
SA21NFS,Crossgreen,18 Tonne,2026-03-05,Vehicle Damage - Crew Recharge,Door Damage,Sample door damage reported at Crossgreen,Body,0,Sample Repair Site 5,1,AO,2026-03-09,2026-03-13,1,2026-03-13,Returned,8,FV100716
SA23TCW,Crawley,3.5 Tonne,2026-03-06,Non-Scheduled Maintenance,Tail Lift,Sample tail lift reported at Crawley,Mechanical,0,Sample Repair Site 1,1,AO,2026-03-11,2026-03-11,0,2026-03-10,Returned,4,FV100771
SA23XWV,Exeter,18 Tonne,2026-03-06,Non-Scheduled Maintenance,Electrical Fault,Sample electrical fault reported at Exeter,Mechanical,0,Sample Repair Site 6,1,AO,2026-03-12,2026-03-12,0,2026-03-12,Returned,6,
SA21NSP,Crawley,18 Tonne,2026-03-09,Non-Scheduled Maintenance,Ironmongery,Sample ironmongery reported at Crawley,Body,0,Sample Repair Site 11,1,Fraikin,2026-03-12,2026-03-13,1,2026-03-13,Returned,4,
SA25BTB,Potters-Bar,18 Tonne,2026-03-09,Non-Scheduled Maintenance,Gearbox,Sample gearbox reported at Potters-Bar,Mechanical,0,Sample Repair Site 2,1,AO,2026-03-27,2026-04-01,1,2026-04-01,Returned,23,
SA21FTY,Heywood,18 Tonne,2026-03-10,Non-Scheduled Maintenance,Shutter Door,Sample shutter door reported at Heywood,Body,0,Sample Repair Site 8,1,AO,2026-03-14,2026-03-15,1,2026-03-15,Returned,5,
SA22EVO,Exeter,3.5 Tonne,2026-03-10,RTC - AO Liable,Major Damage,Sample major damage reported at Exeter,Body,0,Sample Repair Site 3,1,AO,2026-03-30,2026-04-16,3,2026-04-16,Returned,37,FV100537
SA19MMF,Gravesend,3.5 Tonne,2026-03-11,Legal Maintenance,Inspection,Sample inspection reported at Gravesend,Mechanical,0,Sample Repair Site 12,1,AO,2026-03-12,2026-03-13,1,2026-03-13,Returned,2,
SA22YUS,Luton,Tractor Unit,2026-03-11,Non-Scheduled Maintenance,Electrical Fault,Sample electrical fault reported at Luton,Mechanical,1,Sample Repair Site 6,1,Fraikin,2026-03-17,2026-03-18,1,2026-03-18,Returned,7,
SA24SHG,Crewe,18 Tonne,2026-03-12,Legal Maintenance,Service Only,Sample service only reported at Crewe,Mechanical,0,Sample Repair Site 6,0,AO,2026-03-13,2026-03-13,0,2026-03-13,Returned,1,
SA21FTY,Heywood,18 Tonne,2026-03-13,Non-Scheduled Maintenance,Brakes,Sample brakes reported at Heywood,Mechanical,0,Sample Repair Site 9,0,Fraikin,2026-03-17,2026-03-17,0,2026-03-16,Returned,3,
SA22XNK,Spennymoor,18 Tonne,2026-03-13,Legal Maintenance,Inspection,Sample inspection reported at Spennymoor,Mechanical,0,Sample Repair Site 5,1,AO,2026-03-14,2026-03-15,1,2026-03-15,Returned,2,
SA23SWN,Newport,18 Tonne,2026-03-16,Non-Scheduled Maintenance,Gearbox,Sample gearbox reported at Newport,Mechanical,0,Sample Repair Site 12,1,AO,2026-04-03,2026-04-03,0,2026-03-23,Returned,7,
SA23PMY,Crossgreen,Hi-Cube,2026-03-16,Non-Scheduled Maintenance,Dash Light,Sample dash light reported at Crossgreen,Mechanical,0,Sample Repair Site 4,1,AO,2026-03-19,2026-03-20,1,2026-03-20,Returned,4,
SA25PHP,Gravesend,3.5 Tonne,2026-03-17,RTC - AO Liable,Major Damage,Sample major damage reported at Gravesend,Body,1,Sample Repair Site 11,0,AO,2026-04-06,2026-04-14,2,2026-04-14,Returned,28,
SA23CEV,Yaxley,Hi-Cube,2026-03-17,Non-Scheduled Maintenance,Electrical Fault,Sample electrical fault reported at Yaxley,Mechanical,0,Sample Repair Site 3,0,Fraikin,2026-03-23,2026-03-23,0,2026-03-23,Returned,6,
SA21NEM,Crossgreen,Conventional Trailer,2026-03-18,Vehicle Damage - Crew Recharge,Minor Damage,Sample minor damage reported at Crossgreen,Body,0,Sample Repair Site 4,1,AO,2026-03-22,2026-03-23,1,2026-03-23,Returned,5,
SA21JDG,Larkhall,3.5 Tonne,2026-03-18,Non-Scheduled Maintenance,Box Damage,Sample box damage reported at Larkhall,Body,1,Sample Repair Site 1,0,Third Party,2026-03-27,2026-03-27,0,2026-03-24,Returned,6,FV100271
SA20YYE,Newport,3.5 Tonne,2026-03-19,Legal Maintenance,Inspection,Sample inspection reported at Newport,Mechanical,1,Sample Repair Site 3,1,AO,2026-03-20,2026-03-20,0,2026-03-20,Returned,1,
SA21SYL,Yaxley,Conventional Trailer,2026-03-19,Legal Maintenance,Service Only,Sample service only reported at Yaxley,Mechanical,0,Sample Repair Site 8,1,AO,2026-03-20,2026-03-20,0,2026-03-20,Returned,1,
SA25EPB,Yaxley,Tractor Unit,2026-03-20,Non-Scheduled Maintenance,Brakes,Sample brakes reported at Yaxley,Mechanical,1,Sample Repair Site 1,1,Fraikin,2026-03-23,2026-03-25,1,2026-03-25,Returned,5,
SA19TEY,Yaxley,Hi-Cube,2026-03-20,Legal Maintenance,Service Only,Sample service only reported at Yaxley,Mechanical,0,Sample Repair Site 2,0,AO,2026-03-21,2026-03-23,1,2026-03-23,Returned,3,
SA22NRD,Larkhall,Tractor Unit,2026-03-23,Legal Maintenance,MOT & Service,Sample mot & service reported at Larkhall,Mechanical,0,Sample Repair Site 5,1,Fraikin,2026-03-25,2026-03-25,0,2026-03-25,Returned,2,FV100268
SA23YJY,Crossgreen,Megatrailer,2026-03-24,Non-Scheduled Maintenance,Fluid Leak,Sample fluid leak reported at Crossgreen,Mechanical,0,Sample Repair Site 4,1,AO,2026-03-29,2026-04-01,1,2026-04-01,Returned,8,
SA22XFO,Dundee,Tractor Unit,2026-03-24,Non-Scheduled Maintenance,Steering,Sample steering reported at Dundee,Mechanical,0,Sample Repair Site 4,1,AO,2026-04-02,2026-04-02,0,2026-03-31,Returned,7,
SA25ARM,Coventry,Hi-Cube,2026-03-25,Non-Scheduled Maintenance,Rear door failure,Sample rear door failure reported at Coventry,Body,0,Sample Repair Site 5,1,AO,2026-03-31,2026-03-31,0,2026-03-30,Returned,5,
SA20RHA,Potters-Bar,Conventional Trailer,2026-03-25,Non-Scheduled Maintenance,Steering,Sample steering reported at Potters-Bar,Mechanical,1,Sample Repair Site 11,1,Third Party,2026-04-01,2026-04-09,2,2026-04-09,Returned,15,
SA21FFU,Crewe,Hi-Cube,2026-03-26,Non-Scheduled Maintenance,Rear door failure,Sample rear door failure reported at Crewe,Body,0,Sample Repair Site 6,1,AO,2026-04-01,2026-04-02,1,2026-04-02,Returned,7,
SA22NUY,Yaxley,3.5 Tonne,2026-03-26,Vehicle Damage - Crew Recharge,Cosmetic Damage,Sample cosmetic damage reported at Yaxley,Body,0,Sample Repair Site 6,1,AO,2026-03-28,2026-03-28,0,2026-03-28,Returned,2,
SA23XWV,Exeter,18 Tonne,2026-03-27,Non-Scheduled Maintenance,Tail Lift,Sample tail lift reported at Exeter,Mechanical,0,Sample Repair Site 2,1,AO,2026-04-02,2026-04-12,2,2026-04-12,Returned,16,
SA22AHT,Crossgreen,Hi-Cube,2026-03-27,Non-Scheduled Maintenance,Engine Fault,Sample engine fault reported at Crossgreen,Mechanical,0,Sample Repair Site 10,1,AO,2026-04-10,2026-04-24,3,2026-04-24,Returned,28,
SA22GDW,Fareham,Megatrailer,2026-03-30,Non-Scheduled Maintenance,Fluid Leak,Sample fluid leak reported at Fareham,Mechanical,0,Sample Repair Site 10,1,Fraikin,2026-04-03,2026-04-10,2,2026-04-10,Returned,11,
SA21NKD,Larkhall,Tractor Unit,2026-03-30,Non-Scheduled Maintenance,Fluid Leak,Sample fluid leak reported at Larkhall,Mechanical,0,Sample Repair Site 8,1,Third Party,2026-04-02,2026-04-03,1,2026-04-03,Returned,4,
SA20VUH,Basildon,18 Tonne,2026-03-31,Non-Scheduled Maintenance,Engine Fault,Sample engine fault reported at Basildon,Mechanical,0,Sample Repair Site 9,1,AO,2026-04-12,2026-04-20,2,2026-04-20,Returned,20,
SA21WBR,Crossgreen,Conventional Trailer,2026-03-31,Legal Maintenance,Inspection,Sample inspection reported at Crossgreen,Mechanical,0,Sample Repair Site 7,1,AO,2026-04-01,2026-04-01,0,2026-04-01,Returned,1,
SA25SMM,Stoke,18 Tonne,2026-04-01,Non-Scheduled Maintenance,Engine Fault,Sample engine fault reported at Stoke,Mechanical,0,Sample Repair Site 3,1,AO,2026-04-13,2026-04-29,3,2026-04-29,Returned,28,
SA19FLR,Newport,Conventional Trailer,2026-04-01,Legal Maintenance,Inspection,Sample inspection reported at Newport,Mechanical,1,Sample Repair Site 1,1,AO,2026-04-02,2026-04-02,0,2026-04-02,Returned,1,
SA22ERH,Heywood,Conventional Trailer,2026-04-02,Non-Scheduled Maintenance,Fluid Leak,Sample fluid leak reported at Heywood,Mechanical,1,Sample Repair Site 7,1,AO,2026-04-07,2026-04-08,1,2026-04-08,Returned,6,FV100116
SA19XOT,Basildon,3.5 Tonne,2026-04-03,Non-Scheduled Maintenance,Electrical Fault,Sample electrical fault reported at Basildon,Mechanical,0,Sample Repair Site 8,1,AO,2026-04-08,2026-04-08,0,2026-04-06,Returned,3,
SA20OUN,Coventry,Conventional Trailer,2026-04-06,Non-Scheduled Maintenance,Brakes,Sample brakes reported at Coventry,Mechanical,1,Sample Repair Site 11,1,Third Party,2026-04-10,2026-04-11,1,2026-04-11,Returned,5,
SA23OJS,Spennymoor,3.5 Tonne,2026-04-07,Non-Scheduled Maintenance,Gearbox,Sample gearbox reported at Spennymoor,Mechanical,0,Sample Repair Site 2,0,AO,2026-04-24,2026-05-05,2,2026-05-05,Returned,28,
SA22OLZ,Crewe,Conventional Trailer,2026-04-08,Non-Scheduled Maintenance,Rear frame damage,Sample rear frame damage reported at Crewe,Body,0,Sample Repair Site 11,1,AO,2026-04-20,2026-05-17,3,2026-05-17,Returned,39,
SA25HVG,Stoke,Tractor Unit,2026-04-08,Legal Maintenance,Inspection,Sample inspection reported at Stoke,Mechanical,1,Sample Repair Site 3,1,AO,2026-04-09,2026-04-09,0,2026-04-09,Returned,1,
SA19XOT,Basildon,3.5 Tonne,2026-04-09,Non-Scheduled Maintenance,Fluid Leak,Sample fluid leak reported at Basildon,Mechanical,1,Sample Repair Site 5,1,Fraikin,2026-04-12,2026-04-13,1,2026-04-13,Returned,4,
SA24MMZ,Crossgreen,3.5 Tonne,2026-04-09,Legal Maintenance,MOT & Service,Sample mot & service reported at Crossgreen,Mechanical,0,Sample Repair Site 7,1,AO,2026-04-10,2026-04-11,1,2026-04-11,Returned,2,
SA24TVT,Potters-Bar,Conventional Trailer,2026-04-10,Non-Scheduled Maintenance,Floor failure,Sample floor failure reported at Potters-Bar,Body,1,Sample Repair Site 4,1,AO,2026-04-17,2026-04-21,1,2026-04-21,Returned,11,
SA23KNW,Larkhall,Tractor Unit,2026-04-13,Non-Scheduled Maintenance,Clutch,Sample clutch reported at Larkhall,Mechanical,0,Sample Repair Site 8,1,AO,2026-04-22,2026-05-16,3,2026-05-16,Returned,33,
SA21HXJ,Heywood,Tractor Unit,2026-04-14,Non-Scheduled Maintenance,Rear frame damage,Sample rear frame damage reported at Heywood,Body,1,Sample Repair Site 9,0,AO,2026-04-26,2026-05-06,2,2026-05-06,Returned,22,FV100767
SA24YGE,Larkhall,Tractor Unit,2026-04-15,Non-Scheduled Maintenance,Rear frame damage,Sample rear frame damage reported at Larkhall,Body,1,Sample Repair Site 10,1,AO,2026-04-28,2026-04-28,0,2026-04-27,Returned,12,
SA19OVF,Coventry,3.5 Tonne,2026-04-15,Non-Scheduled Maintenance,Rear door failure,Sample rear door failure reported at Coventry,Body,1,Sample Repair Site 1,0,Third Party,2026-04-21,2026-04-28,2,2026-04-28,Returned,13,
SA25ASS,Crossgreen,Tractor Unit,2026-04-16,Legal Maintenance,Inspection,Sample inspection reported at Crossgreen,Mechanical,0,Sample Repair Site 3,1,AO,2026-04-17,2026-04-18,1,2026-04-18,Returned,2,FV100723
SA24FEU,Potters-Bar,Megatrailer,2026-04-17,Non-Scheduled Maintenance,Tail Lift,Sample tail lift reported at Potters-Bar,Mechanical,0,Sample Repair Site 1,1,AO,2026-04-23,2026-04-24,1,2026-04-24,Returned,7,
SA19VTY,Fareham,Megatrailer,2026-04-17,Non-Scheduled Maintenance,Dash Light,Sample dash light reported at Fareham,Mechanical,0,Sample Repair Site 8,1,AO,2026-04-19,2026-04-23,1,2026-04-23,Returned,6,
SA24WTN,Yaxley,Hi-Cube,2026-04-20,Legal Maintenance,Inspection,Sample inspection reported at Yaxley,Mechanical,0,Sample Repair Site 8,1,AO,2026-04-21,2026-04-21,0,2026-04-21,Returned,1,
SA22DLG,Avonmouth,Hi-Cube,2026-04-20,Non-Scheduled Maintenance,Rear frame damage,Sample rear frame damage reported at Avonmouth,Body,1,Sample Repair Site 8,1,AO,2026-05-01,2026-05-06,1,2026-05-06,Returned,16,
SA22ULC,Newport,18 Tonne,2026-04-21,Legal Maintenance,Service Only,Sample service only reported at Newport,Mechanical,1,Sample Repair Site 9,1,AO,2026-04-22,2026-04-22,0,2026-04-22,Returned,1,FV100033
SA23BPS,Crossgreen,Tractor Unit,2026-04-21,Vehicle Damage - Crew Recharge,Cosmetic Damage,Sample cosmetic damage reported at Crossgreen,Body,0,Sample Repair Site 11,1,AO,2026-04-24,2026-04-26,1,2026-04-26,Returned,5,FV100109
SA22XYU,Coventry,18 Tonne,2026-04-22,Non-Scheduled Maintenance,Dash Light,Sample dash light reported at Coventry,Mechanical,0,Sample Repair Site 3,1,AO,2026-04-24,2026-04-25,1,2026-04-25,Returned,3,FV100403
SA25ZHN,Basildon,18 Tonne,2026-04-23,Non-Scheduled Maintenance,Tail Lift,Sample tail lift reported at Basildon,Mechanical,0,Sample Repair Site 7,1,Third Party,2026-05-01,2026-05-08,2,2026-05-08,Returned,15,
SA23GBJ,Fareham,Conventional Trailer,2026-04-23,Non-Scheduled Maintenance,Steering,Sample steering reported at Fareham,Mechanical,0,Sample Repair Site 10,1,AO,2026-04-29,2026-05-06,2,2026-05-06,Returned,13,
SA25DST,Crewe,3.5 Tonne,2026-04-24,Non-Scheduled Maintenance,Dash Light,Sample dash light reported at Crewe,Mechanical,0,Sample Repair Site 6,1,AO,2026-04-26,2026-04-28,1,2026-04-28,Returned,4,FV100058
SA19POX,Crossgreen,18 Tonne,2026-04-24,Non-Scheduled Maintenance,Box Damage,Sample box damage reported at Crossgreen,Body,0,Sample Repair Site 12,1,Fraikin,2026-05-03,2026-05-19,3,2026-05-19,Returned,25,
SA22AHS,Outside HDV Network,Tractor Unit,2026-04-27,Non-Scheduled Maintenance,Floor failure,Sample floor failure reported at Outside HDV Network,Body,1,Sample Repair Site 10,1,Fraikin,2026-05-06,2026-05-12,1,2026-05-12,Returned,15,
SA22BPB,Coventry,3.5 Tonne,2026-04-28,Non-Scheduled Maintenance,Floor failure,Sample floor failure reported at Coventry,Body,1,Sample Repair Site 1,1,AO,2026-05-06,2026-05-11,1,2026-05-11,Returned,13,
SA21NEM,Crossgreen,Conventional Trailer,2026-04-28,Non-Scheduled Maintenance,Rear door failure,Sample rear door failure reported at Crossgreen,Body,0,Sample Repair Site 1,1,AO,2026-05-02,2026-05-19,3,2026-05-19,Returned,21,
SA19LMO,Outside HDV Network,3.5 Tonne,2026-04-29,Non-Scheduled Maintenance,Fluid Leak,Sample fluid leak reported at Outside HDV Network,Mechanical,1,Sample Repair Site 10,1,AO,2026-05-02,2026-05-03,1,2026-05-03,Returned,4,
SA24ZEC,Heywood,Tractor Unit,2026-04-29,Non-Scheduled Maintenance,Fluid Leak,Sample fluid leak reported at Heywood,Mechanical,0,Sample Repair Site 1,1,Fraikin,2026-05-03,2026-05-05,1,2026-05-05,Returned,6,
SA25HVG,Stoke,Tractor Unit,2026-04-30,Non-Scheduled Maintenance,Ironmongery,Sample ironmongery reported at Stoke,Body,1,Sample Repair Site 4,1,AO,2026-05-03,2026-05-03,0,2026-05-02,Returned,2,
SA25EZB,Outside HDV Network,Tractor Unit,2026-05-01,Non-Scheduled Maintenance,Dash Light,Sample dash light reported at Outside HDV Network,Mechanical,0,Sample Repair Site 9,1,AO,2026-05-03,2026-05-03,0,2026-05-03,Returned,2,FV100538
SA21PCB,Avonmouth,Tractor Unit,2026-05-04,Non-Scheduled Maintenance,Box Damage,Sample box damage reported at Avonmouth,Body,0,Sample Repair Site 4,1,AO,2026-05-13,2026-05-14,1,2026-05-14,Returned,10,
SA25HSG,Newport,Megatrailer,2026-05-04,Non-Scheduled Maintenance,Fluid Leak,Sample fluid leak reported at Newport,Mechanical,0,Sample Repair Site 6,1,AO,2026-05-08,2026-05-10,1,2026-05-10,Returned,6,
SA21PCB,Avonmouth,Tractor Unit,2026-05-05,Non-Scheduled Maintenance,Engine Fault,Sample engine fault reported at Avonmouth,Mechanical,0,Sample Repair Site 2,1,Fraikin,2026-05-18,2026-05-18,0,2026-05-18,Returned,13,
SA24EGM,Gravesend,3.5 Tonne,2026-05-06,Non-Scheduled Maintenance,Brakes,Sample brakes reported at Gravesend,Mechanical,0,Sample Repair Site 2,0,AO,2026-05-09,2026-05-09,0,2026-05-09,Returned,3,
SA23RMZ,Crawley,Tractor Unit,2026-05-06,Legal Maintenance,Inspection,Sample inspection reported at Crawley,Mechanical,1,Sample Repair Site 11,1,AO,2026-05-07,2026-05-07,0,2026-05-07,Returned,1,
SA19PGR,Fareham,3.5 Tonne,2026-05-07,Non-Scheduled Maintenance,Electrical Fault,Sample electrical fault reported at Fareham,Mechanical,1,Sample Repair Site 6,0,AO,2026-05-12,2026-05-18,1,2026-05-18,Returned,11,
SA24XSM,Outside HDV Network,Tractor Unit,2026-05-07,Non-Scheduled Maintenance,Rear door failure,Sample rear door failure reported at Outside HDV Network,Body,1,Sample Repair Site 6,1,Fraikin,2026-05-12,2026-05-17,1,2026-05-17,Returned,10,
SA19POB,Crossgreen,Tractor Unit,2026-05-08,Non-Scheduled Maintenance,Gearbox,Sample gearbox reported at Crossgreen,Mechanical,0,Sample Repair Site 4,1,AO,2026-05-25,2026-06-22,3,2026-06-22,Returned,45,
SA22YUS,Luton,Tractor Unit,2026-05-08,Legal Maintenance,Service Only,Sample service only reported at Luton,Mechanical,0,Sample Repair Site 12,1,AO,2026-05-09,2026-05-10,1,2026-05-10,Returned,2,
SA24NGE,Spennymoor,3.5 Tonne,2026-05-11,Non-Scheduled Maintenance,Box Damage,Sample box damage reported at Spennymoor,Body,0,Sample Repair Site 6,1,AO,2026-05-19,2026-06-04,3,2026-06-04,Returned,24,
SA21FUP,Heywood,Tractor Unit,2026-05-12,RTC - AO Liable,Major Damage,Sample major damage reported at Heywood,Body,0,Sample Repair Site 8,1,Fraikin,2026-06-07,2026-06-07,0,2026-06-05,Returned,24,
SA22NVA,Potters-Bar,Hi-Cube,2026-05-12,Non-Scheduled Maintenance,Engine Fault,Sample engine fault reported at Potters-Bar,Mechanical,0,Sample Repair Site 2,0,Fraikin,2026-05-26,2026-05-26,0,2026-05-22,Returned,10,
SA24JAR,Luton,Hi-Cube,2026-05-13,Vehicle Damage - Crew Recharge,Cosmetic Damage,Sample cosmetic damage reported at Luton,Body,0,Sample Repair Site 7,0,AO,2026-05-16,2026-05-23,2,2026-05-23,Returned,10,
SA24HUJ,Dundee,Hi-Cube,2026-05-14,Legal Maintenance,Inspection,Sample inspection reported at Dundee,Mechanical,0,Sample Repair Site 6,1,AO,2026-05-15,2026-05-15,0,2026-05-15,Returned,1,
SA25VTN,Stoke,Tractor Unit,2026-05-15,Legal Maintenance,Service Only,Sample service only reported at Stoke,Mechanical,0,Sample Repair Site 2,1,AO,2026-05-16,2026-05-16,0,2026-05-16,Returned,1,FV100066
SA24KCG,Outside HDV Network,18 Tonne,2026-05-15,Non-Scheduled Maintenance,Engine Fault,Sample engine fault reported at Outside HDV Network,Mechanical,0,Sample Repair Site 9,0,AO,2026-05-28,2026-05-28,0,2026-05-28,Returned,13,
SA25VME,Avonmouth,18 Tonne,2026-05-18,Non-Scheduled Maintenance,Rear frame damage,Sample rear frame damage reported at Avonmouth,Body,0,Sample Repair Site 12,1,AO,2026-06-01,2026-06-01,0,2026-05-29,Returned,11,
SA25BEL,Crossgreen,Conventional Trailer,2026-05-19,Legal Maintenance,Inspection,Sample inspection reported at Crossgreen,Mechanical,1,Sample Repair Site 1,1,AO,2026-05-20,2026-05-21,1,2026-05-21,Returned,2,
SA23OJS,Spennymoor,3.5 Tonne,2026-05-19,Non-Scheduled Maintenance,Box Damage,Sample box damage reported at Spennymoor,Body,0,Sample Repair Site 1,1,AO,2026-05-29,2026-05-29,0,2026-05-28,Returned,9,
SA23PMY,Crossgreen,Hi-Cube,2026-05-20,Non-Scheduled Maintenance,Ironmongery,Sample ironmongery reported at Crossgreen,Body,0,Sample Repair Site 6,0,AO,2026-05-23,2026-05-30,2,2026-05-30,Returned,10,
SA22UPY,Exeter,Conventional Trailer,2026-05-21,Non-Scheduled Maintenance,Gearbox,Sample gearbox reported at Exeter,Mechanical,0,Sample Repair Site 10,1,Fraikin,2026-06-08,2026-06-25,3,2026-06-25,Returned,35,FV100062
SA19TLW,Dundee,Tractor Unit,2026-05-21,Non-Scheduled Maintenance,Brakes,Sample brakes reported at Dundee,Mechanical,0,Sample Repair Site 6,1,Fraikin,2026-05-25,2026-05-28,1,2026-05-28,Returned,7,
SA21FUP,Heywood,Tractor Unit,2026-05-22,Non-Scheduled Maintenance,Box Damage,Sample box damage reported at Heywood,Body,0,Sample Repair Site 2,1,AO,2026-06-02,2026-06-03,1,2026-06-03,Returned,12,
SA25MBX,Exeter,Conventional Trailer,2026-05-22,Vehicle Damage - Crew Recharge,Cosmetic Damage,Sample cosmetic damage reported at Exeter,Body,0,Sample Repair Site 8,1,Third Party,2026-05-24,2026-05-24,0,2026-05-24,Returned,2,
SA21PCB,Avonmouth,Tractor Unit,2026-05-25,Non-Scheduled Maintenance,Dash Light,Sample dash light reported at Avonmouth,Mechanical,0,Sample Repair Site 7,1,AO,2026-05-27,2026-05-30,1,2026-05-30,Returned,5,
SA20KDZ,Fareham,Tractor Unit,2026-05-26,Non-Scheduled Maintenance,Box Damage,Sample box damage reported at Fareham,Body,1,Sample Repair Site 2,1,AO,2026-06-02,2026-06-12,2,2026-06-12,Returned,17,
SA24KCG,Outside HDV Network,18 Tonne,2026-05-27,Non-Scheduled Maintenance,Rear frame damage,Sample rear frame damage reported at Outside HDV Network,Body,0,Sample Repair Site 4,1,AO,2026-06-10,2026-06-16,1,2026-06-16,Returned,20,FV100831
SA21CHE,Crossgreen,3.5 Tonne,2026-05-28,Non-Scheduled Maintenance,Brakes,Sample brakes reported at Crossgreen,Mechanical,0,Sample Repair Site 7,1,AO,2026-06-01,2026-06-03,1,2026-06-03,Returned,6,
SA21JRF,Crossgreen,3.5 Tonne,2026-05-28,Non-Scheduled Maintenance,Floor failure,Sample floor failure reported at Crossgreen,Body,1,Sample Repair Site 4,1,Fraikin,2026-06-04,2026-06-09,1,2026-06-09,Returned,12,
SA22LTW,Luton,Tractor Unit,2026-05-29,Non-Scheduled Maintenance,Electrical Fault,Sample electrical fault reported at Luton,Mechanical,0,Sample Repair Site 8,0,AO,2026-06-03,2026-06-03,0,2026-06-03,Returned,5,
SA22AHT,Crossgreen,Hi-Cube,2026-06-01,Non-Scheduled Maintenance,Box Damage,Sample box damage reported at Crossgreen,Body,0,Sample Repair Site 4,1,Fraikin,2026-06-12,2026-08-05,3,2026-08-05,Returned,65,
SA20JTF,Basildon,Tractor Unit,2026-06-02,Legal Maintenance,MOT & Service,Sample mot & service reported at Basildon,Mechanical,0,Sample Repair Site 6,1,AO,2026-06-03,2026-06-05,1,2026-06-05,Returned,3,
SA24DPH,Luton,Megatrailer,2026-06-03,Non-Scheduled Maintenance,Engine Fault,Sample engine fault reported at Luton,Mechanical,0,Sample Repair Site 2,1,AO,2026-06-14,2026-06-18,1,2026-06-18,Returned,15,
SA21NEM,Crossgreen,Conventional Trailer,2026-06-03,Non-Scheduled Maintenance,Floor failure,Sample floor failure reported at Crossgreen,Body,1,Sample Repair Site 8,1,AO,2026-06-09,2026-06-14,1,2026-06-14,Returned,11,
SA20GDO,Spennymoor,3.5 Tonne,2026-06-04,Non-Scheduled Maintenance,Ironmongery,Sample ironmongery reported at Spennymoor,Body,0,Sample Repair Site 9,1,Fraikin,2026-06-07,2026-06-07,0,2026-06-06,Returned,2,
SA19HNM,Spennymoor,Tractor Unit,2026-06-04,Vehicle Damage - Crew Recharge,Door Damage,Sample door damage reported at Spennymoor,Body,0,Sample Repair Site 10,1,Fraikin,2026-06-10,2026-06-13,1,2026-06-13,Returned,9,
SA25UXO,Crewe,3.5 Tonne,2026-06-05,Non-Scheduled Maintenance,Dash Light,Sample dash light reported at Crewe,Mechanical,0,Sample Repair Site 1,1,Third Party,2026-06-07,2026-06-07,0,2026-06-07,Returned,2,
SA22UPY,Exeter,Conventional Trailer,2026-06-08,Non-Scheduled Maintenance,Brakes,Sample brakes reported at Exeter,Mechanical,0,Sample Repair Site 2,1,AO,2026-06-11,2026-06-13,1,2026-06-13,Returned,5,
SA20YCJ,Crossgreen,18 Tonne,2026-06-08,Non-Scheduled Maintenance,Floor failure,Sample floor failure reported at Crossgreen,Body,0,Sample Repair Site 11,0,Fraikin,2026-06-15,2026-06-23,2,2026-06-23,Returned,15,
SA19UGK,Outside HDV Network,Tractor Unit,2026-06-09,Non-Scheduled Maintenance,Box Damage,Sample box damage reported at Outside HDV Network,Body,1,Sample Repair Site 8,1,Fraikin,2026-06-17,2026-06-29,2,2026-06-29,Returned,20,
SA22VGW,Exeter,Tractor Unit,2026-06-09,Non-Scheduled Maintenance,Ironmongery,Sample ironmongery reported at Exeter,Body,0,Sample Repair Site 9,1,AO,2026-06-12,2026-06-14,1,2026-06-14,Returned,5,FV100961
SA21CHE,Crossgreen,3.5 Tonne,2026-06-10,Non-Scheduled Maintenance,Rear door failure,Sample rear door failure reported at Crossgreen,Body,0,Sample Repair Site 8,1,Fraikin,2026-06-14,2026-06-19,1,2026-06-19,Returned,9,
SA25WYS,Crawley,Tractor Unit,2026-06-10,RTC - AO Liable,Major Damage,Sample major damage reported at Crawley,Body,0,Sample Repair Site 3,1,AO,2026-07-06,2026-07-06,0,2026-06-25,Returned,15,
SA19CJE,Fareham,Tractor Unit,2026-06-11,Non-Scheduled Maintenance,Shutter Door,Sample shutter door reported at Fareham,Body,0,Sample Repair Site 2,0,AO,2026-06-15,2026-06-17,1,2026-06-17,Returned,6,
SA25RHA,Avonmouth,Megatrailer,2026-06-11,Vehicle Damage - Crew Recharge,Cosmetic Damage,Sample cosmetic damage reported at Avonmouth,Body,0,Sample Repair Site 9,1,Fraikin,2026-06-14,2026-06-16,1,2026-06-16,Returned,5,FV100720
SA23JZS,Coventry,3.5 Tonne,2026-06-12,Legal Maintenance,Service Only,Sample service only reported at Coventry,Mechanical,0,Sample Repair Site 8,1,AO,2026-06-13,2026-06-13,0,2026-06-13,Returned,1,
SA21ESA,Crewe,3.5 Tonne,2026-06-15,Non-Scheduled Maintenance,Steering,Sample steering reported at Crewe,Mechanical,0,Sample Repair Site 5,1,Fraikin,2026-06-22,2026-07-04,2,2026-07-04,Returned,19,
SA19OVF,Coventry,3.5 Tonne,2026-06-16,Non-Scheduled Maintenance,Rear door failure,Sample rear door failure reported at Coventry,Body,0,Sample Repair Site 3,1,AO,2026-06-20,2026-06-26,1,2026-06-26,Returned,10,
SA22CTM,Crossgreen,Tractor Unit,2026-06-17,Non-Scheduled Maintenance,Tail Lift,Sample tail lift reported at Crossgreen,Mechanical,1,Sample Repair Site 3,1,AO,2026-06-25,2026-07-08,2,2026-07-08,Returned,21,
SA21SXC,Gravesend,Conventional Trailer,2026-06-17,Non-Scheduled Maintenance,Rear door failure,Sample rear door failure reported at Gravesend,Body,0,Sample Repair Site 9,1,AO,2026-06-22,2026-06-22,0,2026-06-20,Returned,3,
SA23REP,Coventry,Tractor Unit,2026-06-18,Non-Scheduled Maintenance,Rear door failure,Sample rear door failure reported at Coventry,Body,0,Sample Repair Site 7,1,Fraikin,2026-06-24,2026-06-24,0,2026-06-23,Returned,5,
SA19KHR,Fareham,Tractor Unit,2026-06-18,Non-Scheduled Maintenance,Dash Light,Sample dash light reported at Fareham,Mechanical,0,Sample Repair Site 5,1,AO,2026-06-21,2026-06-21,0,2026-06-21,Returned,3,
SA23HCT,Potters-Bar,Conventional Trailer,2026-06-19,Non-Scheduled Maintenance,Engine Fault,Sample engine fault reported at Potters-Bar,Mechanical,0,Sample Repair Site 4,1,AO,2026-07-02,2026-07-05,1,2026-07-05,Returned,16,
SA25UOZ,Crewe,Hi-Cube,2026-06-22,Legal Maintenance,Inspection,Sample inspection reported at Crewe,Mechanical,0,Sample Repair Site 5,1,Fraikin,2026-06-23,2026-06-23,0,2026-06-23,Returned,1,
SA20DKD,Yaxley,Megatrailer,2026-06-23,Non-Scheduled Maintenance,Dash Light,Sample dash light reported at Yaxley,Mechanical,1,Sample Repair Site 4,0,Fraikin,2026-06-25,2026-06-30,1,2026-06-30,Returned,7,
SA22DLT,Exeter,Hi-Cube,2026-06-24,Non-Scheduled Maintenance,Floor failure,Sample floor failure reported at Exeter,Body,0,Sample Repair Site 10,1,Fraikin,2026-07-01,2026-07-10,2,2026-07-10,Returned,16,
SA25BEL,Crossgreen,Conventional Trailer,2026-06-26,Legal Maintenance,Inspection,Sample inspection reported at Crossgreen,Mechanical,0,Sample Repair Site 8,1,Fraikin,2026-06-27,2026-06-28,1,2026-06-28,Returned,2,
SA24VGC,Avonmouth,18 Tonne,2026-06-26,Non-Scheduled Maintenance,Ironmongery,Sample ironmongery reported at Avonmouth,Body,0,Sample Repair Site 2,1,AO,2026-06-29,2026-06-30,1,2026-06-30,Returned,4,
SA24VGC,Avonmouth,18 Tonne,2026-06-29,Non-Scheduled Maintenance,Ironmongery,Sample ironmongery reported at Avonmouth,Body,0,Sample Repair Site 6,1,Fraikin,2026-07-03,2026-07-03,0,2026-07-02,Returned,3,FV100257
SA19UCD,Crossgreen,18 Tonne,2026-06-30,Legal Maintenance,Service Only,Sample service only reported at Crossgreen,Mechanical,0,Sample Repair Site 2,1,AO,2026-07-01,2026-07-02,1,2026-07-02,Returned,2,FV100793
SA21UJO,Crossgreen,DD Trailer,2026-07-01,Non-Scheduled Maintenance,Engine Fault,Sample engine fault reported at Crossgreen,Mechanical,0,Sample Repair Site 5,1,AO,2026-07-09,2026-07-18,2,2026-07-18,Returned,17,
SA24GWT,Stoke,3.5 Tonne,2026-07-02,Non-Scheduled Maintenance,Engine Fault,Sample engine fault reported at Stoke,Mechanical,1,Sample Repair Site 7,1,Fraikin,2026-07-13,2026-07-13,0,2026-07-09,Returned,7,
SA21KZG,Potters-Bar,18 Tonne,2026-07-03,Non-Scheduled Maintenance,Box Damage,Sample box damage reported at Potters-Bar,Body,0,Sample Repair Site 8,0,AO,2026-07-11,2026-07-11,0,2026-07-09,Returned,6,
SA23UVD,Heywood,Conventional Trailer,2026-07-06,Non-Scheduled Maintenance,Rear frame damage,Sample rear frame damage reported at Heywood,Body,0,Sample Repair Site 1,1,AO,2026-07-16,2026-07-18,1,2026-07-18,Returned,12,
SA24UKB,Coventry,Conventional Trailer,2026-07-07,Non-Scheduled Maintenance,Floor failure,Sample floor failure reported at Coventry,Body,1,Sample Repair Site 7,1,AO,2026-07-13,2026-07-13,0,2026-07-13,Returned,6,
SA22RYL,Yaxley,Tractor Unit,2026-07-07,Non-Scheduled Maintenance,Rear frame damage,Sample rear frame damage reported at Yaxley,Body,1,Sample Repair Site 9,1,Fraikin,2026-07-16,2026-08-17,3,2026-08-17,Returned,41,
SA25JMV,Coventry,18 Tonne,2026-07-08,Non-Scheduled Maintenance,Fluid Leak,Sample fluid leak reported at Coventry,Mechanical,0,Sample Repair Site 7,1,AO,2026-07-13,2026-07-13,0,2026-07-11,Returned,3,
SA21JDG,Larkhall,3.5 Tonne,2026-07-08,Non-Scheduled Maintenance,Steering,Sample steering reported at Larkhall,Mechanical,1,Sample Repair Site 3,1,Fraikin,2026-07-18,2026-07-18,0,2026-07-14,Returned,6,
SA21WWL,Potters-Bar,Conventional Trailer,2026-07-09,Non-Scheduled Maintenance,Engine Fault,Sample engine fault reported at Potters-Bar,Mechanical,1,Sample Repair Site 4,1,AO,2026-07-19,2026-07-23,1,2026-07-23,Returned,14,FV100936
SA24VTS,Exeter,Megatrailer,2026-07-09,Non-Scheduled Maintenance,Dash Light,Sample dash light reported at Exeter,Mechanical,0,Sample Repair Site 12,1,AO,2026-07-12,2026-07-12,0,2026-07-11,Returned,2,
SA23BVR,Heywood,3.5 Tonne,2026-07-10,Non-Scheduled Maintenance,Engine Fault,Sample engine fault reported at Heywood,Mechanical,0,Sample Repair Site 6,0,AO,2026-07-24,2026-07-29,1,2026-07-29,Returned,19,
SA25FMV,Larkhall,Tractor Unit,2026-07-10,Vehicle Damage - Crew Recharge,Minor Damage,Sample minor damage reported at Larkhall,Body,0,Sample Repair Site 5,1,Fraikin,2026-07-13,2026-07-18,1,2026-07-18,Returned,8,
SA25CCF,Crossgreen,Hi-Cube,2026-07-13,Vehicle Damage - Crew Recharge,Cosmetic Damage,Sample cosmetic damage reported at Crossgreen,Body,1,Sample Repair Site 7,0,AO,2026-07-17,2026-07-17,0,2026-07-17,Returned,4,
SA23TCW,Crawley,3.5 Tonne,2026-07-14,Non-Scheduled Maintenance,Ironmongery,Sample ironmongery reported at Crawley,Body,1,Sample Repair Site 11,1,AO,2026-07-17,2026-07-18,1,2026-07-18,Returned,4,
SA22XYU,Coventry,18 Tonne,2026-07-14,Legal Maintenance,MOT & Service,Sample mot & service reported at Coventry,Mechanical,0,Sample Repair Site 5,1,Third Party,2026-07-16,2026-07-17,1,2026-07-17,Returned,3,
SA19XZU,Outside HDV Network,Hi-Cube,2026-07-15,Legal Maintenance,Service Only,Sample service only reported at Outside HDV Network,Mechanical,0,Sample Repair Site 11,0,AO,2026-07-16,2026-07-18,1,2026-07-18,Returned,3,
SA21JDG,Larkhall,3.5 Tonne,2026-07-15,Legal Maintenance,Inspection,Sample inspection reported at Larkhall,Mechanical,0,Sample Repair Site 10,1,AO,2026-07-16,2026-07-17,1,2026-07-17,Returned,2,
SA25VME,Avonmouth,18 Tonne,2026-07-16,Non-Scheduled Maintenance,Floor failure,Sample floor failure reported at Avonmouth,Body,0,Sample Repair Site 1,1,AO,2026-07-23,2026-07-24,1,2026-07-24,Returned,8,
SA22ZAV,Larkhall,Conventional Trailer,2026-07-16,Non-Scheduled Maintenance,Shutter Door,Sample shutter door reported at Larkhall,Body,1,Sample Repair Site 10,1,AO,2026-07-20,2026-07-20,0,2026-07-20,Returned,4,
SA19WEJ,Avonmouth,Hi-Cube,2026-07-17,Non-Scheduled Maintenance,Floor failure,Sample floor failure reported at Avonmouth,Body,0,Sample Repair Site 11,1,Fraikin,2026-07-24,2026-07-30,1,2026-07-30,Returned,13,FV100882
SA21TOM,Crossgreen,18 Tonne,2026-07-17,Legal Maintenance,Inspection,Sample inspection reported at Crossgreen,Mechanical,0,Sample Repair Site 6,1,Fraikin,2026-07-18,2026-07-19,1,2026-07-19,Returned,2,
SA23MME,Yaxley,18 Tonne,2026-07-20,Non-Scheduled Maintenance,Gearbox,Sample gearbox reported at Yaxley,Mechanical,1,Sample Repair Site 4,1,AO,2026-08-07,2026-08-09,1,2026-08-09,Returned,20,
SA19TOJ,Potters-Bar,18 Tonne,2026-07-20,Non-Scheduled Maintenance,Steering,Sample steering reported at Potters-Bar,Mechanical,0,Sample Repair Site 4,1,AO,2026-07-27,2026-07-29,1,2026-07-29,Returned,9,
SA24GLE,Dundee,18 Tonne,2026-07-21,Non-Scheduled Maintenance,Floor failure,Sample floor failure reported at Dundee,Body,1,Sample Repair Site 5,1,Fraikin,2026-07-28,2026-08-04,2,2026-08-04,Returned,14,
SA19ACJ,Crewe,18 Tonne,2026-07-21,Non-Scheduled Maintenance,Engine Fault,Sample engine fault reported at Crewe,Mechanical,0,Sample Repair Site 6,1,Fraikin,2026-08-04,2026-08-04,0,2026-07-29,Returned,8,
SA19HYA,Crossgreen,18 Tonne,2026-07-22,Non-Scheduled Maintenance,Engine Fault,Sample engine fault reported at Crossgreen,Mechanical,0,Sample Repair Site 9,0,AO,2026-07-31,2026-08-07,2,2026-08-07,Returned,16,
SA25HSG,Newport,Megatrailer,2026-07-22,Legal Maintenance,Inspection,Sample inspection reported at Newport,Mechanical,0,Sample Repair Site 4,1,AO,2026-07-23,2026-07-23,0,2026-07-23,Returned,1,
SA20NON,Heywood,18 Tonne,2026-07-23,Non-Scheduled Maintenance,Gearbox,Sample gearbox reported at Heywood,Mechanical,0,Sample Repair Site 4,1,AO,2026-08-09,2026-08-20,2,2026-08-20,Returned,28,
SA22NUX,Crossgreen,Tractor Unit,2026-07-23,Non-Scheduled Maintenance,Brakes,Sample brakes reported at Crossgreen,Mechanical,0,Sample Repair Site 7,1,AO,2026-07-26,2026-08-01,1,2026-08-01,Returned,9,
SA23LXB,Yaxley,Conventional Trailer,2026-07-24,Non-Scheduled Maintenance,Clutch,Sample clutch reported at Yaxley,Mechanical,0,Sample Repair Site 11,0,AO,2026-08-02,2026-08-06,1,2026-08-06,Returned,13,
SA22DGS,Luton,DD Trailer,2026-07-24,Vehicle Damage - Crew Recharge,Minor Damage,Sample minor damage reported at Luton,Body,0,Sample Repair Site 10,0,AO,2026-07-27,2026-07-27,0,2026-07-26,Returned,2,
SA22URO,Fareham,Tractor Unit,2026-07-27,Non-Scheduled Maintenance,Tail Lift,Sample tail lift reported at Fareham,Mechanical,0,Sample Repair Site 9,0,AO,2026-08-02,2026-08-06,1,2026-08-06,Returned,10,
SA22UPK,Heywood,18 Tonne,2026-07-28,Non-Scheduled Maintenance,Steering,Sample steering reported at Heywood,Mechanical,1,Sample Repair Site 5,1,AO,2026-08-07,2026-08-07,0,2026-08-07,Returned,10,
SA20JLG,Exeter,Conventional Trailer,2026-07-28,Non-Scheduled Maintenance,Clutch,Sample clutch reported at Exeter,Mechanical,0,Sample Repair Site 8,1,AO,2026-08-05,2026-08-22,3,2026-08-22,Returned,25,
SA22YUS,Luton,Tractor Unit,2026-07-29,Non-Scheduled Maintenance,Box Damage,Sample box damage reported at Luton,Body,0,Sample Repair Site 6,1,AO,2026-08-06,2026-08-11,1,2026-08-11,Returned,13,
SA19HYL,Basildon,Tractor Unit,2026-07-29,Non-Scheduled Maintenance,Rear door failure,Sample rear door failure reported at Basildon,Body,1,Sample Repair Site 5,0,Fraikin,2026-08-03,2026-08-03,0,2026-08-02,Returned,4,
SA25OGH,Outside HDV Network,Conventional Trailer,2026-07-30,Non-Scheduled Maintenance,Electrical Fault,Sample electrical fault reported at Outside HDV Network,Mechanical,1,Sample Repair Site 9,1,AO,2026-08-03,2026-08-05,1,2026-08-05,Returned,6,
SA24JEW,Gravesend,Conventional Trailer,2026-07-31,Non-Scheduled Maintenance,Rear frame damage,Sample rear frame damage reported at Gravesend,Body,1,Sample Repair Site 7,1,AO,2026-08-09,2026-08-09,0,2026-08-08,Returned,8,
SA22FUD,Yaxley,18 Tonne,2026-07-31,Non-Scheduled Maintenance,Electrical Fault,Sample electrical fault reported at Yaxley,Mechanical,0,Sample Repair Site 10,1,AO,2026-08-06,2026-08-06,0,2026-08-06,Returned,6,FV100216
SA20ETY,Spennymoor,DD Trailer,2026-08-03,Legal Maintenance,Service Only,Sample service only reported at Spennymoor,Mechanical,0,Sample Repair Site 1,0,AO,2026-08-04,2026-08-04,0,2026-08-04,Returned,1,
SA20PPB,Crawley,Tractor Unit,2026-08-03,Non-Scheduled Maintenance,Clutch,Sample clutch reported at Crawley,Mechanical,0,Sample Repair Site 8,1,AO,2026-08-11,2026-08-16,1,2026-08-16,Returned,13,
SA19PLZ,Crewe,3.5 Tonne,2026-08-04,Non-Scheduled Maintenance,Fluid Leak,Sample fluid leak reported at Crewe,Mechanical,0,Sample Repair Site 8,0,AO,2026-08-08,2026-08-08,0,2026-08-06,Returned,2,
SA20JNH,Crossgreen,18 Tonne,2026-08-04,Legal Maintenance,Inspection,Sample inspection reported at Crossgreen,Mechanical,0,Sample Repair Site 5,1,AO,2026-08-05,2026-08-08,1,2026-08-08,Returned,4,FV100798
SA20DZU,Basildon,3.5 Tonne,2026-08-05,Non-Scheduled Maintenance,Fluid Leak,Sample fluid leak reported at Basildon,Mechanical,1,Sample Repair Site 1,1,Third Party,2026-08-08,2026-08-11,1,2026-08-11,Returned,6,FV100515
SA21HXJ,Heywood,Tractor Unit,2026-08-06,Legal Maintenance,MOT & Service,Sample mot & service reported at Heywood,Mechanical,1,Sample Repair Site 9,0,AO,2026-08-07,2026-08-09,1,2026-08-09,Returned,3,
SA25TXV,Yaxley,Conventional Trailer,2026-08-07,Non-Scheduled Maintenance,Steering,Sample steering reported at Yaxley,Mechanical,0,Sample Repair Site 7,1,AO,2026-08-15,2026-08-17,1,2026-08-17,Returned,10,
SA25VBZ,Crewe,3.5 Tonne,2026-08-10,Non-Scheduled Maintenance,Engine Fault,Sample engine fault reported at Crewe,Mechanical,0,Sample Repair Site 3,0,AO,2026-08-21,2026-08-31,2,2026-08-31,Returned,21,
SA20OTF,Gravesend,3.5 Tonne,2026-08-10,Non-Scheduled Maintenance,Electrical Fault,Sample electrical fault reported at Gravesend,Mechanical,1,Sample Repair Site 9,1,Third Party,2026-08-15,2026-08-16,1,2026-08-16,Returned,6,
SA22DLG,Avonmouth,Hi-Cube,2026-08-11,Non-Scheduled Maintenance,Electrical Fault,Sample electrical fault reported at Avonmouth,Mechanical,1,Sample Repair Site 12,1,AO,2026-08-16,2026-08-16,0,2026-08-16,Returned,5,
SA19POB,Crossgreen,Tractor Unit,2026-08-11,Non-Scheduled Maintenance,Shutter Door,Sample shutter door reported at Crossgreen,Body,0,Sample Repair Site 5,1,AO,2026-08-15,2026-08-20,1,2026-08-20,Returned,9,
SA24YKF,Crossgreen,Tractor Unit,2026-08-12,Legal Maintenance,MOT & Service,Sample mot & service reported at Crossgreen,Mechanical,0,Sample Repair Site 7,1,AO,2026-08-13,2026-08-19,1,2026-08-19,Returned,7,
SA24TRA,Coventry,18 Tonne,2026-08-12,Vehicle Damage - Crew Recharge,Door Damage,Sample door damage reported at Coventry,Body,1,Sample Repair Site 7,1,AO,2026-08-17,2026-09-02,3,2026-09-02,Returned,21,
SA19GCZ,Crossgreen,18 Tonne,2026-08-13,Non-Scheduled Maintenance,Brakes,Sample brakes reported at Crossgreen,Mechanical,0,Sample Repair Site 2,1,AO,2026-08-17,2026-08-30,2,2026-08-30,Returned,17,
SA24YCP,Fareham,Tractor Unit,2026-08-13,Legal Maintenance,MOT & Service,Sample mot & service reported at Fareham,Mechanical,1,Sample Repair Site 5,1,AO,2026-08-14,2026-08-16,1,2026-08-16,Returned,3,
SA24NEL,Potters-Bar,18 Tonne,2026-08-14,Non-Scheduled Maintenance,Electrical Fault,Sample electrical fault reported at Potters-Bar,Mechanical,0,Sample Repair Site 2,0,AO,2026-08-19,2026-08-22,1,2026-08-22,Returned,8,FV100521
SA20PPB,Crawley,Tractor Unit,2026-08-14,Non-Scheduled Maintenance,Shutter Door,Sample shutter door reported at Crawley,Body,1,Sample Repair Site 3,0,Fraikin,2026-08-17,2026-08-23,1,2026-08-23,Returned,9,
SA21ZCU,Basildon,18 Tonne,2026-08-17,Non-Scheduled Maintenance,Fluid Leak,Sample fluid leak reported at Basildon,Mechanical,1,Sample Repair Site 11,1,AO,2026-08-20,2026-08-22,1,2026-08-22,Returned,5,
SA24OOM,Larkhall,Conventional Trailer,2026-08-17,Non-Scheduled Maintenance,Steering,Sample steering reported at Larkhall,Mechanical,0,Sample Repair Site 4,1,AO,2026-08-27,2026-08-30,1,2026-08-30,Returned,13,
SA24MXX,Exeter,Conventional Trailer,2026-08-18,Non-Scheduled Maintenance,Rear frame damage,Sample rear frame damage reported at Exeter,Body,0,Sample Repair Site 8,1,Fraikin,2026-08-29,2026-08-31,1,2026-08-31,Returned,13,FV100138
SA24WUX,Heywood,3.5 Tonne,2026-08-19,Vehicle Damage - Crew Recharge,Door Damage,Sample door damage reported at Heywood,Body,0,Sample Repair Site 11,1,AO,2026-08-23,2026-08-30,2,2026-08-30,Returned,11,
SA20GZG,Larkhall,Tractor Unit,2026-08-19,Legal Maintenance,Inspection,Sample inspection reported at Larkhall,Mechanical,1,Sample Repair Site 7,1,Fraikin,2026-08-20,2026-08-20,0,2026-08-20,Returned,1,FV100440
SA25RNO,Basildon,Hi-Cube,2026-08-20,RTC - AO Liable,Major Damage,Sample major damage reported at Basildon,Body,1,Sample Repair Site 7,1,AO,2026-09-08,2026-09-16,2,2026-09-16,Returned,27,
SA21FVH,Dundee,Tractor Unit,2026-08-20,Non-Scheduled Maintenance,Ironmongery,Sample ironmongery reported at Dundee,Body,0,Sample Repair Site 11,1,AO,2026-08-23,2026-08-30,2,2026-08-30,Returned,10,
SA25HSG,Newport,Megatrailer,2026-08-21,Legal Maintenance,Inspection,Sample inspection reported at Newport,Mechanical,0,Sample Repair Site 11,0,Third Party,2026-08-22,2026-08-22,0,2026-08-22,Returned,1,FV100241
SA25UXF,Potters-Bar,18 Tonne,2026-08-24,Non-Scheduled Maintenance,Rear door failure,Sample rear door failure reported at Potters-Bar,Body,1,Sample Repair Site 12,1,AO,2026-08-29,2026-08-29,0,2026-08-29,Returned,5,FV100670
SA22ERH,Heywood,Conventional Trailer,2026-08-25,Legal Maintenance,MOT & Service,Sample mot & service reported at Heywood,Mechanical,1,Sample Repair Site 5,1,Fraikin,2026-08-26,2026-08-27,1,2026-08-27,Returned,2,FV100501
SA25FMV,Larkhall,Tractor Unit,2026-08-25,Non-Scheduled Maintenance,Fluid Leak,Sample fluid leak reported at Larkhall,Mechanical,0,Sample Repair Site 12,1,AO,2026-08-30,2026-08-30,0,2026-08-28,Returned,3,
SA21XAU,Crawley,Conventional Trailer,2026-08-26,Non-Scheduled Maintenance,Fluid Leak,Sample fluid leak reported at Crawley,Mechanical,1,Sample Repair Site 2,1,AO,2026-08-29,2026-08-30,1,2026-08-30,Returned,4,
SA25ASS,Crossgreen,Tractor Unit,2026-08-27,Vehicle Damage - Crew Recharge,Minor Damage,Sample minor damage reported at Crossgreen,Body,1,Sample Repair Site 9,1,AO,2026-09-01,2026-09-17,3,2026-09-17,Returned,21,
SA25NOJ,Gravesend,Conventional Trailer,2026-08-27,Non-Scheduled Maintenance,Dash Light,Sample dash light reported at Gravesend,Mechanical,0,Sample Repair Site 6,1,AO,2026-08-29,2026-08-31,1,2026-08-31,Returned,4,
SA25SPF,Yaxley,Tractor Unit,2026-08-31,Non-Scheduled Maintenance,Brakes,Sample brakes reported at Yaxley,Mechanical,1,Sample Repair Site 3,1,AO,2026-09-02,2026-09-03,1,2026-09-03,Returned,3,
SA24FWY,Avonmouth,Hi-Cube,2026-08-31,Non-Scheduled Maintenance,Rear door failure,Sample rear door failure reported at Avonmouth,Body,0,Sample Repair Site 7,1,AO,2026-09-06,2026-09-06,0,2026-09-02,Returned,2,
SA23PCT,Crossgreen,18 Tonne,2026-09-01,Non-Scheduled Maintenance,Electrical Fault,Sample electrical fault reported at Crossgreen,Mechanical,1,Sample Repair Site 11,1,AO,2026-09-07,2026-09-22,3,2026-09-22,Returned,21,
SA24NEV,Exeter,Conventional Trailer,2026-09-01,Non-Scheduled Maintenance,Brakes,Sample brakes reported at Exeter,Mechanical,1,Sample Repair Site 7,1,AO,2026-09-05,2026-09-05,0,2026-09-04,Returned,3,FV100995
SA19VAW,Stoke,3.5 Tonne,2026-09-02,Non-Scheduled Maintenance,Rear door failure,Sample rear door failure reported at Stoke,Body,0,Sample Repair Site 5,1,Fraikin,2026-09-06,2026-09-06,0,2026-09-06,Returned,4,
SA25XAV,Crossgreen,18 Tonne,2026-09-02,Non-Scheduled Maintenance,Electrical Fault,Sample electrical fault reported at Crossgreen,Mechanical,0,Sample Repair Site 5,1,AO,2026-09-09,2026-09-15,1,2026-09-15,Returned,13,FV100039
SA22PVG,Crossgreen,Tractor Unit,2026-09-03,Non-Scheduled Maintenance,Electrical Fault,Sample electrical fault reported at Crossgreen,Mechanical,1,Sample Repair Site 10,1,AO,2026-09-09,2026-09-22,2,2026-09-22,Returned,19,
SA25XBH,Stoke,18 Tonne,2026-09-03,Non-Scheduled Maintenance,Fluid Leak,Sample fluid leak reported at Stoke,Mechanical,1,Sample Repair Site 3,0,AO,2026-09-07,2026-09-10,1,2026-09-10,Returned,7,FV100441
SA22RAD,Crossgreen,Conventional Trailer,2026-09-04,RTC - AO Liable,Major Damage,Sample major damage reported at Crossgreen,Body,0,Sample Repair Site 3,1,Fraikin,2026-09-27,2026-09-27,0,2026-09-21,Returned,17,
SA21HPU,Gravesend,Tractor Unit,2026-09-07,Non-Scheduled Maintenance,Dash Light,Sample dash light reported at Gravesend,Mechanical,0,Sample Repair Site 8,1,Third Party,2026-09-10,2026-09-13,1,2026-09-13,Returned,6,
SA22ERH,Heywood,Conventional Trailer,2026-09-08,Non-Scheduled Maintenance,Tail Lift,Sample tail lift reported at Heywood,Mechanical,0,Sample Repair Site 12,0,AO,2026-09-13,2026-09-19,1,2026-09-19,Returned,11,FV100761
SA24EKX,Crewe,Tractor Unit,2026-09-08,Non-Scheduled Maintenance,Dash Light,Sample dash light reported at Crewe,Mechanical,1,Sample Repair Site 7,1,Fraikin,2026-09-10,2026-09-10,0,2026-09-10,Returned,2,
SA23YJY,Crossgreen,Megatrailer,2026-09-09,Vehicle Damage - Crew Recharge,Cosmetic Damage,Sample cosmetic damage reported at Crossgreen,Body,0,Sample Repair Site 6,1,AO,2026-09-13,2026-09-16,1,2026-09-16,Returned,7,
SA20EXZ,Fareham,3.5 Tonne,2026-09-09,Non-Scheduled Maintenance,Box Damage,Sample box damage reported at Fareham,Body,0,Sample Repair Site 11,1,Third Party,2026-09-17,2026-09-17,0,2026-09-17,Returned,8,
SA21FMO,Basildon,3.5 Tonne,2026-09-10,Non-Scheduled Maintenance,Brakes,Sample brakes reported at Basildon,Mechanical,0,Sample Repair Site 1,1,AO,2026-09-13,2026-09-13,0,2026-09-13,Returned,3,
SA19FDL,Crossgreen,Megatrailer,2026-09-11,Non-Scheduled Maintenance,Ironmongery,Sample ironmongery reported at Crossgreen,Body,0,Sample Repair Site 11,0,AO,2026-09-14,2026-09-23,2,2026-09-23,Returned,12,FV100177
SA23PAS,Newport,Megatrailer,2026-09-14,Non-Scheduled Maintenance,Rear door failure,Sample rear door failure reported at Newport,Body,0,Sample Repair Site 9,1,AO,2026-09-20,2026-09-20,0,2026-09-16,Returned,2,
SA22HJT,Newport,Tractor Unit,2026-09-15,Non-Scheduled Maintenance,Dash Light,Sample dash light reported at Newport,Mechanical,0,Sample Repair Site 9,1,AO,2026-09-17,2026-09-17,0,2026-09-17,Returned,2,
SA22PGX,Luton,Conventional Trailer,2026-09-11,Non-Scheduled Maintenance,Clutch,Sample clutch reported at Luton,Mechanical,0,Sample Repair Site 2,1,AO,2026-09-21,2026-09-28,1,,Open,5,
SA24VGC,Avonmouth,18 Tonne,2026-09-14,Non-Scheduled Maintenance,Clutch,Sample clutch reported at Avonmouth,Mechanical,0,Sample Repair Site 5,1,AO,2026-09-24,2026-09-24,0,,Open,8,
SA21JYY,Heywood,DD Trailer,2026-09-19,Vehicle Damage - Crew Recharge,Door Damage,Sample door damage reported at Heywood,Body,1,Sample Repair Site 2,1,AO,2026-09-24,2026-09-24,0,,Open,6,
SA21XEB,Newport,18 Tonne,2026-09-23,Legal Maintenance,Inspection,Sample inspection reported at Newport,Mechanical,0,Sample Repair Site 12,1,Fraikin,2026-09-24,2026-09-24,0,,Open,1,
SA25TXV,Yaxley,Conventional Trailer,2026-09-22,Non-Scheduled Maintenance,Brakes,Sample brakes reported at Yaxley,Mechanical,0,Sample Repair Site 7,1,AO,2026-09-25,2026-09-25,0,,Open,1,
SA19MMW,Stoke,Conventional Trailer,2026-09-15,Non-Scheduled Maintenance,Box Damage,Sample box damage reported at Stoke,Body,0,Sample Repair Site 5,1,AO,2026-09-25,2026-09-25,0,,Open,8,
SA20JNH,Crossgreen,18 Tonne,2026-08-24,Non-Scheduled Maintenance,Rear door failure,Sample rear door failure reported at Crossgreen,Body,0,Sample Repair Site 12,1,AO,2026-08-28,2026-09-24,3,,Open,4,
SA25XMM,Newport,3.5 Tonne,2026-09-16,Non-Scheduled Maintenance,Engine Fault,Sample engine fault reported at Newport,Mechanical,0,Sample Repair Site 2,1,AO,2026-09-26,2026-09-26,0,,Open,14,
SA21HPU,Gravesend,Tractor Unit,2026-09-15,Non-Scheduled Maintenance,Floor failure,Sample floor failure reported at Gravesend,Body,0,Sample Repair Site 4,1,Third Party,2026-09-22,2026-09-15,1,,Open,8,
SA23UHZ,Spennymoor,Megatrailer,2026-09-19,Vehicle Damage - Crew Recharge,Door Damage,Sample door damage reported at Spennymoor,Body,1,Sample Repair Site 5,1,AO,2026-09-24,2026-09-24,0,,Open,5,
SA20KLK,Crewe,Tractor Unit,2026-09-23,Vehicle Damage - Crew Recharge,Minor Damage,Sample minor damage reported at Crewe,Body,0,Sample Repair Site 1,1,AO,2026-09-27,2026-09-27,0,,Open,2,
SA21FCH,Potters-Bar,3.5 Tonne,2026-09-17,Non-Scheduled Maintenance,Engine Fault,Sample engine fault reported at Potters-Bar,Mechanical,0,Sample Repair Site 5,1,AO,2026-09-30,2026-09-30,0,,Open,6,
SA25BMC,Newport,Hi-Cube,2026-09-15,Non-Scheduled Maintenance,Rear frame damage,Sample rear frame damage reported at Newport,Body,1,Sample Repair Site 7,0,AO,2026-09-27,2026-09-18,0,,Open,11,
SA25XGY,Newport,Tractor Unit,2026-09-24,Legal Maintenance,MOT & Service,Sample mot & service reported at Newport,Mechanical,0,Sample Repair Site 12,1,AO,2026-09-26,2026-09-26,0,,Open,1,
SA20DCO,Dundee,Megatrailer,2026-09-08,Non-Scheduled Maintenance,Engine Fault,Sample engine fault reported at Dundee,Mechanical,1,Sample Repair Site 6,1,AO,2026-09-21,2026-09-24,1,,Open,12,
SA21DOM,Newport,18 Tonne,2026-09-22,Non-Scheduled Maintenance,Rear frame damage,Sample rear frame damage reported at Newport,Body,0,Sample Repair Site 11,1,AO,2026-10-05,2026-10-05,0,,Open,8,
SA25GMV,Basildon,Megatrailer,2026-09-18,Non-Scheduled Maintenance,Engine Fault,Sample engine fault reported at Basildon,Mechanical,0,Sample Repair Site 3,1,Fraikin,2026-10-01,2026-10-01,0,,Open,13,
SA24ZYS,Stoke,3.5 Tonne,2026-09-23,Non-Scheduled Maintenance,Ironmongery,Sample ironmongery reported at Stoke,Body,0,Sample Repair Site 4,1,AO,2026-09-26,2026-09-23,0,,Open,4,
SA19ZAA,Dundee,Tractor Unit,2026-09-19,Vehicle Damage - Crew Recharge,Cosmetic Damage,Sample cosmetic damage reported at Dundee,Body,0,Sample Repair Site 3,1,Fraikin,2026-09-23,2026-10-05,1,,Open,6,
SA19PZL,Potters-Bar,Conventional Trailer,2026-09-13,Non-Scheduled Maintenance,Clutch,Sample clutch reported at Potters-Bar,Mechanical,1,Sample Repair Site 6,0,AO,2026-09-25,2026-09-25,0,,Open,6,
SA25CCF,Crossgreen,Hi-Cube,2026-09-20,Non-Scheduled Maintenance,Dash Light,Sample dash light reported at Crossgreen,Mechanical,1,Sample Repair Site 6,1,AO,2026-09-23,2026-09-27,1,,Open,1,FV100801
SA21TOM,Crossgreen,18 Tonne,2026-09-22,Non-Scheduled Maintenance,Dash Light,Sample dash light reported at Crossgreen,Mechanical,0,Sample Repair Site 6,1,Third Party,2026-09-25,2026-09-25,0,,Open,3,
SA19OVY,Gravesend,Conventional Trailer,2026-09-24,Non-Scheduled Maintenance,Dash Light,Sample dash light reported at Gravesend,Mechanical,0,Sample Repair Site 10,0,AO,2026-09-26,2026-09-24,0,,Open,3,
SA22LMX,Gravesend,3.5 Tonne,2026-09-23,Non-Scheduled Maintenance,Tail Lift,Sample tail lift reported at Gravesend,Mechanical,0,Sample Repair Site 8,1,AO,2026-09-29,2026-09-29,0,,Open,8,
SA24BXM,Crewe,18 Tonne,2026-09-11,Non-Scheduled Maintenance,Dash Light,Sample dash light reported at Crewe,Mechanical,0,Sample Repair Site 6,0,AO,2026-09-14,2026-09-26,2,,Open,1,FV100198
SA21NSP,Crawley,18 Tonne,2026-09-23,Non-Scheduled Maintenance,Dash Light,Sample dash light reported at Crawley,Mechanical,0,Sample Repair Site 10,1,AO,2026-09-26,2026-09-26,0,,Open,3,
SA23DFF,Crossgreen,3.5 Tonne,2026-09-15,Non-Scheduled Maintenance,Steering,Sample steering reported at Crossgreen,Mechanical,0,Sample Repair Site 8,0,AO,2026-09-22,2026-10-04,1,,Open,8,
SA19DYL,Exeter,3.5 Tonne,2026-09-23,Non-Scheduled Maintenance,Floor failure,Sample floor failure reported at Exeter,Body,0,Sample Repair Site 7,1,AO,2026-10-02,2026-10-02,0,,Open,9,
SA25SMG,Exeter,3.5 Tonne,2026-08-30,Non-Scheduled Maintenance,Electrical Fault,Sample electrical fault reported at Exeter,Mechanical,0,Sample Repair Site 2,1,AO,2026-09-05,2026-09-24,2,,Open,3,FV100189
SA24WUV,Crewe,3.5 Tonne,2026-09-08,Non-Scheduled Maintenance,Engine Fault,Sample engine fault reported at Crewe,Mechanical,0,Sample Repair Site 10,1,AO,2026-09-19,2026-09-25,1,,Open,6,
SA25RBC,Crewe,Tractor Unit,2026-09-24,Non-Scheduled Maintenance,Rear door failure,Sample rear door failure reported at Crewe,Body,0,Sample Repair Site 7,1,AO,2026-09-28,2026-09-28,0,,Open,2,
SA20BXX,Crossgreen,18 Tonne,2026-09-21,Non-Scheduled Maintenance,Ironmongery,Sample ironmongery reported at Crossgreen,Body,0,Sample Repair Site 3,1,Fraikin,2026-09-25,2026-09-25,0,,Open,4,
SA23MVW,Crossgreen,Tractor Unit,2026-09-21,Non-Scheduled Maintenance,Fluid Leak,Sample fluid leak reported at Crossgreen,Mechanical,1,Sample Repair Site 11,1,AO,2026-09-25,2026-09-25,0,,Open,3,
SA19PVU,Coventry,Conventional Trailer,2026-09-24,Legal Maintenance,Inspection,Sample inspection reported at Coventry,Mechanical,0,Sample Repair Site 8,0,AO,2026-09-25,2026-09-25,0,,Open,1,FV100108
SA21HEE,Newport,3.5 Tonne,2026-08-14,Non-Scheduled Maintenance,Floor failure,Sample floor failure reported at Newport,Body,0,Sample Repair Site 4,1,Third Party,2026-08-22,2026-10-04,3,,Open,5,FV100289
SA23XGS,Luton,3.5 Tonne,2026-09-13,Non-Scheduled Maintenance,Clutch,Sample clutch reported at Luton,Mechanical,0,Sample Repair Site 10,1,Fraikin,2026-09-21,2026-09-27,1,,Open,9,FV100339
SA24BKV,Larkhall,18 Tonne,2026-09-04,Non-Scheduled Maintenance,Gearbox,Sample gearbox reported at Larkhall,Mechanical,0,Sample Repair Site 6,1,AO,2026-09-21,2026-10-03,1,,Open,10,
SA21PAJ,Crossgreen,18 Tonne,2026-09-24,Legal Maintenance,Inspection,Sample inspection reported at Crossgreen,Mechanical,1,Sample Repair Site 2,1,Fraikin,2026-09-25,2026-09-25,0,,Open,1,
SA22XFO,Dundee,Tractor Unit,2026-09-23,Non-Scheduled Maintenance,Steering,Sample steering reported at Dundee,Mechanical,0,Sample Repair Site 7,0,AO,2026-10-01,2026-10-01,0,,Open,10,
SA22PJY,Crewe,18 Tonne,2026-09-11,Non-Scheduled Maintenance,Box Damage,Sample box damage reported at Crewe,Body,1,Sample Repair Site 3,0,Third Party,2026-09-19,2026-10-02,1,,Open,8,
SA23BLS,Crawley,Conventional Trailer,2026-09-24,Legal Maintenance,Inspection,Sample inspection reported at Crawley,Mechanical,0,Sample Repair Site 1,1,AO,2026-09-25,2026-09-25,0,,Open,1,
SA19XKR,Yaxley,18 Tonne,2026-09-22,Non-Scheduled Maintenance,Rear door failure,Sample rear door failure reported at Yaxley,Body,0,Sample Repair Site 5,0,Fraikin,2026-09-26,2026-09-26,0,,Open,5,
SA24GSA,Crewe,3.5 Tonne,2026-09-22,Non-Scheduled Maintenance,Floor failure,Sample floor failure reported at Crewe,Body,0,Sample Repair Site 1,1,Third Party,2026-09-30,2026-09-30,0,,Open,6,
SA21ZDO,Crossgreen,Hi-Cube,2026-09-20,Non-Scheduled Maintenance,Rear door failure,Sample rear door failure reported at Crossgreen,Body,0,Sample Repair Site 4,0,AO,2026-09-24,2026-09-24,0,,Open,5,
SA21ODB,Crewe,18 Tonne,2026-09-20,Non-Scheduled Maintenance,Steering,Sample steering reported at Crewe,Mechanical,0,Sample Repair Site 1,1,AO,2026-09-26,2026-09-26,0,,Open,6,
SA23XMW,Crewe,3.5 Tonne,2026-08-20,Non-Scheduled Maintenance,Steering,Sample steering reported at Crewe,Mechanical,0,Sample Repair Site 11,1,Fraikin,2026-08-29,2026-09-10,3,,Open,11,
SA24NPG,Stoke,3.5 Tonne,2026-09-18,Non-Scheduled Maintenance,Electrical Fault,Sample electrical fault reported at Stoke,Mechanical,0,Sample Repair Site 7,0,Fraikin,2026-09-24,2026-09-24,0,,Open,4,
SA25WUH,Stoke,3.5 Tonne,2026-08-31,Non-Scheduled Maintenance,Gearbox,Sample gearbox reported at Stoke,Mechanical,1,Sample Repair Site 7,1,AO,2026-09-14,2026-10-01,2,,Open,10,FV100924
SA23NYF,Crossgreen,18 Tonne,2026-09-22,Non-Scheduled Maintenance,Ironmongery,Sample ironmongery reported at Crossgreen,Body,1,Sample Repair Site 9,0,Fraikin,2026-09-26,2026-09-26,0,,Open,4,
SA21DFY,Crawley,Tractor Unit,2026-08-21,Non-Scheduled Maintenance,Rear door failure,Sample rear door failure reported at Crawley,Body,0,Sample Repair Site 6,1,AO,2026-08-25,2026-09-28,3,,Open,2,
SA25LTU,Coventry,Tractor Unit,2026-09-20,Non-Scheduled Maintenance,Brakes,Sample brakes reported at Coventry,Mechanical,0,Sample Repair Site 8,0,AO,2026-09-24,2026-09-24,0,,Open,3,
SA25YJH,Stoke,Tractor Unit,2026-08-25,RTC - AO Liable,Major Damage,Sample major damage reported at Stoke,Body,0,Sample Repair Site 11,0,AO,2026-09-16,2026-09-12,1,,Open,25,
SA19LNB,Fareham,3.5 Tonne,2026-09-12,Non-Scheduled Maintenance,Engine Fault,Sample engine fault reported at Fareham,Mechanical,0,Sample Repair Site 3,1,AO,2026-09-23,2026-09-12,1,,Open,11,
SA22JCS,Crawley,Tractor Unit,2026-09-22,Non-Scheduled Maintenance,Ironmongery,Sample ironmongery reported at Crawley,Body,0,Sample Repair Site 10,1,Third Party,2026-09-26,2026-09-26,0,,Open,5,
SA20NSO,Crewe,3.5 Tonne,2026-09-19,Non-Scheduled Maintenance,Electrical Fault,Sample electrical fault reported at Crewe,Mechanical,0,Sample Repair Site 10,1,Fraikin,2026-09-26,2026-09-26,0,,Open,6,
SA21BEC,Crewe,3.5 Tonne,2026-09-17,Non-Scheduled Maintenance,Rear frame damage,Sample rear frame damage reported at Crewe,Body,0,Sample Repair Site 2,1,AO,2026-09-29,2026-09-29,0,,Open,15,
SA20UEE,Crewe,3.5 Tonne,2026-09-19,Non-Scheduled Maintenance,Floor failure,Sample floor failure reported at Crewe,Body,1,Sample Repair Site 4,1,AO,2026-09-27,2026-09-19,0,,Open,9,
SA23XWV,Exeter,18 Tonne,2026-09-24,Legal Maintenance,MOT & Service,Sample mot & service reported at Exeter,Mechanical,0,Sample Repair Site 9,1,AO,2026-09-25,2026-09-25,0,,Open,1,
SA22YUS,Luton,Tractor Unit,2026-09-24,Legal Maintenance,Inspection,Sample inspection reported at Luton,Mechanical,1,Sample Repair Site 1,1,Fraikin,2026-09-25,2026-09-24,0,,Open,1,
SA20PRE,Crossgreen,3.5 Tonne,2026-09-21,Non-Scheduled Maintenance,Dash Light,Sample dash light reported at Crossgreen,Mechanical,1,Sample Repair Site 7,1,AO,2026-09-24,2026-09-24,0,,Open,2,
SA20MNW,Stoke,18 Tonne,2026-09-22,Non-Scheduled Maintenance,Dash Light,Sample dash light reported at Stoke,Mechanical,1,Sample Repair Site 7,1,AO,2026-09-24,2026-09-22,0,,Open,2,
SA25TBJ,Crewe,18 Tonne,2026-07-31,Non-Scheduled Maintenance,Box Damage,Sample box damage reported at Crewe,Body,0,Sample Repair Site 10,1,AO,2026-08-08,2026-10-07,3,,Open,6,
SA19WDU,Newport,Tractor Unit,2026-09-20,Non-Scheduled Maintenance,Fluid Leak,Sample fluid leak reported at Newport,Mechanical,0,Sample Repair Site 8,1,AO,2026-09-23,2026-09-20,1,,Open,2,
SA20GZG,Larkhall,Tractor Unit,2026-09-13,Non-Scheduled Maintenance,Box Damage,Sample box damage reported at Larkhall,Body,1,Sample Repair Site 7,0,AO,2026-09-21,2026-09-29,1,,Open,11,
SA23GBJ,Fareham,Conventional Trailer,2026-09-23,Non-Scheduled Maintenance,Engine Fault,Sample engine fault reported at Fareham,Mechanical,0,Sample Repair Site 6,1,AO,2026-10-04,2026-10-04,0,,Open,13,
SA19RCX,Avonmouth,Tractor Unit,2026-09-17,Non-Scheduled Maintenance,Steering,Sample steering reported at Avonmouth,Mechanical,1,Sample Repair Site 1,0,AO,2026-09-27,2026-09-27,0,,Open,14,
SA21ZWR,Newport,3.5 Tonne,2026-09-23,Legal Maintenance,Inspection,Sample inspection reported at Newport,Mechanical,0,Sample Repair Site 11,0,Fraikin,2026-09-24,2026-09-24,0,,Open,1,
SA25BEL,Crossgreen,Conventional Trailer,2026-09-19,Non-Scheduled Maintenance,Brakes,Sample brakes reported at Crossgreen,Mechanical,1,Sample Repair Site 5,1,AO,2026-09-23,2026-09-27,1,,Open,4,
SA23BYE,Crewe,3.5 Tonne,2026-09-22,Vehicle Damage - Crew Recharge,Cosmetic Damage,Sample cosmetic damage reported at Crewe,Body,0,Sample Repair Site 4,0,AO,2026-09-25,2026-09-25,0,,Open,4,
SA19VVE,Crossgreen,Tractor Unit,2026-09-21,RTC - AO Liable,Major Damage,Sample major damage reported at Crossgreen,Body,0,Sample Repair Site 3,1,AO,2026-10-12,2026-10-12,0,,Open,29,
SA25YZX,Stoke,Conventional Trailer,2026-09-19,Non-Scheduled Maintenance,Engine Fault,Sample engine fault reported at Stoke,Mechanical,0,Sample Repair Site 9,1,Fraikin,2026-10-02,2026-10-02,0,,Open,9,
SA22ZEH,Fareham,Tractor Unit,2026-09-10,Non-Scheduled Maintenance,Engine Fault,Sample engine fault reported at Fareham,Mechanical,1,Sample Repair Site 3,1,Fraikin,2026-09-20,2026-09-18,1,,Open,6,
SA24VEA,Luton,3.5 Tonne,2026-09-21,Non-Scheduled Maintenance,Dash Light,Sample dash light reported at Luton,Mechanical,1,Sample Repair Site 9,0,Third Party,2026-09-24,2026-09-24,0,,Open,2,
SA22YNN,Crawley,18 Tonne,2026-09-18,Non-Scheduled Maintenance,Tail Lift,Sample tail lift reported at Crawley,Mechanical,0,Sample Repair Site 10,1,Fraikin,2026-09-25,2026-09-18,0,,Open,8,
SA23HKU,Crewe,18 Tonne,2026-09-22,RTC - AO Liable,Major Damage,Sample major damage reported at Crewe,Body,0,Sample Repair Site 3,1,Fraikin,2026-10-09,2026-10-09,0,,Open,11,
SA23RZC,Crossgreen,Tractor Unit,2026-09-22,Legal Maintenance,MOT & Service,Sample mot & service reported at Crossgreen,Mechanical,1,Sample Repair Site 4,0,AO,2026-09-24,2026-09-22,0,,Open,2,FV100264
SA19UCD,Crossgreen,18 Tonne,2026-09-24,Legal Maintenance,MOT & Service,Sample mot & service reported at Crossgreen,Mechanical,0,Sample Repair Site 1,1,Fraikin,2026-09-26,2026-09-26,0,,Open,3,
SA22KCL,Spennymoor,Tractor Unit,2026-09-13,Non-Scheduled Maintenance,Engine Fault,Sample engine fault reported at Spennymoor,Mechanical,0,Sample Repair Site 6,1,AO,2026-09-25,2026-09-25,0,,Open,7,FV100038
SA21WAF,Crewe,18 Tonne,2026-09-20,Vehicle Damage - Crew Recharge,Minor Damage,Sample minor damage reported at Crewe,Body,1,Sample Repair Site 11,1,AO,2026-09-25,2026-09-25,0,,Open,5,
SA21LXC,Crewe,18 Tonne,2026-09-22,Non-Scheduled Maintenance,Clutch,Sample clutch reported at Crewe,Mechanical,0,Sample Repair Site 4,1,AO,2026-10-03,2026-10-03,0,,Open,5,
SA23PMY,Crossgreen,Hi-Cube,2026-09-24,Non-Scheduled Maintenance,Steering,Sample steering reported at Crossgreen,Mechanical,0,Sample Repair Site 5,1,AO,2026-10-02,2026-10-02,0,,Open,9,
SA21YUH,Crossgreen,Tractor Unit,2026-09-18,Vehicle Damage - Crew Recharge,Minor Damage,Sample minor damage reported at Crossgreen,Body,0,Sample Repair Site 8,1,AO,2026-09-22,2026-09-18,1,,Open,5,
SA21FMO,Basildon,3.5 Tonne,2026-09-21,Non-Scheduled Maintenance,Engine Fault,Sample engine fault reported at Basildon,Mechanical,0,Sample Repair Site 4,0,AO,2026-09-30,2026-09-21,0,,Open,5,FV100850
SA21BRK,Spennymoor,Tractor Unit,2026-09-14,Non-Scheduled Maintenance,Steering,Sample steering reported at Spennymoor,Mechanical,0,Sample Repair Site 5,0,Third Party,2026-09-22,2026-09-26,1,,Open,9,FV100250
SA23SXC,Crewe,3.5 Tonne,2026-09-04,Non-Scheduled Maintenance,Gearbox,Sample gearbox reported at Crewe,Mechanical,0,Sample Repair Site 6,1,AO,2026-09-23,2026-09-27,1,,Open,14,
SA20LGB,Gravesend,18 Tonne,2026-09-23,Legal Maintenance,Inspection,Sample inspection reported at Gravesend,Mechanical,1,Sample Repair Site 8,1,AO,2026-09-24,2026-09-24,0,,Open,1,
SA21LKC,Yaxley,3.5 Tonne,2026-09-22,Vehicle Damage - Crew Recharge,Minor Damage,Sample minor damage reported at Yaxley,Body,0,Sample Repair Site 4,1,AO,2026-09-26,2026-09-26,0,,Open,3,
SA22HMV,Crewe,18 Tonne,2026-09-21,Non-Scheduled Maintenance,Ironmongery,Sample ironmongery reported at Crewe,Body,0,Sample Repair Site 9,1,AO,2026-09-24,2026-09-21,0,,Open,4,
SA23SMA,Crossgreen,3.5 Tonne,2026-09-21,Non-Scheduled Maintenance,Ironmongery,Sample ironmongery reported at Crossgreen,Body,0,Sample Repair Site 5,1,Third Party,2026-09-24,2026-09-21,0,,Open,2,FV100405
SA19CJE,Fareham,Tractor Unit,2026-09-11,Non-Scheduled Maintenance,Clutch,Sample clutch reported at Fareham,Mechanical,0,Sample Repair Site 6,1,AO,2026-09-23,2026-09-30,1,,Open,14,
SA25ASS,Crossgreen,Tractor Unit,2026-09-18,Non-Scheduled Maintenance,Engine Fault,Sample engine fault reported at Crossgreen,Mechanical,1,Sample Repair Site 4,1,Third Party,2026-09-27,2026-09-18,0,,Open,4,
SA22YAV,Potters-Bar,3.5 Tonne,2026-09-17,Non-Scheduled Maintenance,Engine Fault,Sample engine fault reported at Potters-Bar,Mechanical,1,Sample Repair Site 6,0,AO,2026-10-01,2026-10-01,0,,Open,16,
SA20TYO,Newport,3.5 Tonne,2026-09-24,Legal Maintenance,Inspection,Sample inspection reported at Newport,Mechanical,0,Sample Repair Site 11,1,AO,2026-09-25,2026-09-25,0,,Open,1,FV100205
SA22ZAP,Crossgreen,Hi-Cube,2026-09-21,Vehicle Damage - Crew Recharge,Door Damage,Sample door damage reported at Crossgreen,Body,0,Sample Repair Site 11,1,Fraikin,2026-09-25,2026-09-25,0,,Open,5,
SA24CYO,Crossgreen,18 Tonne,2026-09-12,RTC - AO Liable,Major Damage,Sample major damage reported at Crossgreen,Body,0,Sample Repair Site 4,1,AO,2026-09-29,2026-09-13,0,,Open,20,FV100632
SA24UBW,Exeter,3.5 Tonne,2026-09-23,Non-Scheduled Maintenance,Floor failure,Sample floor failure reported at Exeter,Body,0,Sample Repair Site 2,1,AO,2026-10-02,2026-09-23,0,,Open,7,
SA24LVX,Potters-Bar,Tractor Unit,2026-09-12,Non-Scheduled Maintenance,Engine Fault,Sample engine fault reported at Potters-Bar,Mechanical,0,Sample Repair Site 4,0,AO,2026-09-26,2026-09-26,0,,Open,8,FV100961
SA22UNE,Coventry,3.5 Tonne,2026-09-23,Non-Scheduled Maintenance,Shutter Door,Sample shutter door reported at Coventry,Body,0,Sample Repair Site 12,1,AO,2026-09-27,2026-09-27,0,,Open,4,FV100343
SA23NNT,Stoke,Conventional Trailer,2026-09-20,Non-Scheduled Maintenance,Ironmongery,Sample ironmongery reported at Stoke,Body,0,Sample Repair Site 9,1,Fraikin,2026-09-23,2026-09-29,1,,Open,4,
SA23XPJ,Dundee,18 Tonne,2026-09-23,Non-Scheduled Maintenance,Rear door failure,Sample rear door failure reported at Dundee,Body,0,Sample Repair Site 6,1,AO,2026-09-27,2026-09-23,0,,Open,3,
